ISO-10303-21;
HEADER;
/* Generated by software containing ST-Developer
 * from STEP Tools, Inc. (www.steptools.com) 
 */
/* OPTION: using custom renumber hook */

FILE_DESCRIPTION(
/* description */ ('STEP AP242 Edition 2',
'CAx-IF Rec.Pracs.---Representation and Presentation of Product Manufa
cturing Information (PMI)---4.0---2014-10-13',
'CAx-IF Rec.Pracs.---3D Tessellated Geometry---0.4---2014-09-14','2;1',
'CAx-IF Rec.Pracs.---User Defined Attributes---1.5---2016-08-15'),
/* implementation_level */ '2;1');

FILE_NAME(
/* name */ 'Thymio Case V2 - Lock Platform',
/* time_stamp */ '2026-08-06T07:12:25Z',
/* author */ (''),
/* organization */ (''),
/* preprocessor_version */ 'ST-DEVELOPER v20',
/* originating_system */ 'ONSHAPE BY PTC INC, 1.218',
/* authorisation */ '  ');

FILE_SCHEMA (('AP242_MANAGED_MODEL_BASED_3D_ENGINEERING_MIM_LF { 1 0 10303 442 3 1 4 }'));
ENDSEC;

DATA;
#10=SHAPE_REPRESENTATION_RELATIONSHIP('','',#8779,#11);
#11=ADVANCED_BREP_SHAPE_REPRESENTATION('',(#8777),#16501);
#12=VERTEX_LOOP('',#5670);
#13=VERTEX_LOOP('',#5673);
#14=VERTEX_LOOP('',#5676);
#15=VERTEX_LOOP('',#5679);
#16=CONICAL_SURFACE('',#10351,0.0025,0.785398163397449);
#17=CONICAL_SURFACE('',#10355,0.0025,0.785398163397449);
#18=CONICAL_SURFACE('',#10359,0.0025,0.785398163397449);
#19=CONICAL_SURFACE('',#10363,0.0025,0.785398163397449);
#20=TOROIDAL_SURFACE('',#9238,0.0027,0.0002);
#21=TOROIDAL_SURFACE('',#9242,0.0004,0.0002);
#22=TOROIDAL_SURFACE('',#9245,0.00649691072212347,0.0002);
#23=TOROIDAL_SURFACE('',#9248,0.0004,0.0002);
#24=TOROIDAL_SURFACE('',#9251,0.0027,0.0002);
#25=TOROIDAL_SURFACE('',#9254,0.0004,0.0002);
#26=TOROIDAL_SURFACE('',#9257,0.00649691072212347,0.0002);
#27=TOROIDAL_SURFACE('',#9260,0.0004,0.0002);
#28=TOROIDAL_SURFACE('',#9263,0.0027,0.0002);
#29=TOROIDAL_SURFACE('',#9266,0.0004,0.0002);
#30=TOROIDAL_SURFACE('',#9269,0.00649691072212347,0.0002);
#31=TOROIDAL_SURFACE('',#9272,0.0004,0.0002);
#32=TOROIDAL_SURFACE('',#9275,0.0027,0.0002);
#33=TOROIDAL_SURFACE('',#9278,0.0004,0.0002);
#34=TOROIDAL_SURFACE('',#9281,0.00649691072212347,0.0002);
#35=TOROIDAL_SURFACE('',#9284,0.0004,0.0002);
#36=TOROIDAL_SURFACE('',#9286,0.0027,0.0002);
#37=TOROIDAL_SURFACE('',#9290,0.0004,0.0002);
#38=TOROIDAL_SURFACE('',#9293,0.00649691072212347,0.0002);
#39=TOROIDAL_SURFACE('',#9296,0.0004,0.0002);
#40=TOROIDAL_SURFACE('',#9299,0.0027,0.0002);
#41=TOROIDAL_SURFACE('',#9302,0.0004,0.0002);
#42=TOROIDAL_SURFACE('',#9305,0.00649691072212347,0.0002);
#43=TOROIDAL_SURFACE('',#9308,0.0004,0.0002);
#44=TOROIDAL_SURFACE('',#9311,0.0027,0.0002);
#45=TOROIDAL_SURFACE('',#9314,0.0004,0.0002);
#46=TOROIDAL_SURFACE('',#9317,0.00649691072212347,0.0002);
#47=TOROIDAL_SURFACE('',#9320,0.0004,0.0002);
#48=TOROIDAL_SURFACE('',#9323,0.0027,0.0002);
#49=TOROIDAL_SURFACE('',#9326,0.0004,0.0002);
#50=TOROIDAL_SURFACE('',#9329,0.00649691072212347,0.0002);
#51=TOROIDAL_SURFACE('',#9332,0.0004,0.0002);
#52=TOROIDAL_SURFACE('',#9334,0.0027,0.0002);
#53=TOROIDAL_SURFACE('',#9338,0.0004,0.0002);
#54=TOROIDAL_SURFACE('',#9341,0.00649691072212347,0.0002);
#55=TOROIDAL_SURFACE('',#9344,0.0004,0.0002);
#56=TOROIDAL_SURFACE('',#9347,0.0027,0.0002);
#57=TOROIDAL_SURFACE('',#9350,0.0004,0.0002);
#58=TOROIDAL_SURFACE('',#9353,0.00649691072212347,0.0002);
#59=TOROIDAL_SURFACE('',#9356,0.0004,0.0002);
#60=TOROIDAL_SURFACE('',#9359,0.0027,0.0002);
#61=TOROIDAL_SURFACE('',#9362,0.0004,0.0002);
#62=TOROIDAL_SURFACE('',#9365,0.00649691072212347,0.0002);
#63=TOROIDAL_SURFACE('',#9368,0.0004,0.0002);
#64=TOROIDAL_SURFACE('',#9371,0.0027,0.0002);
#65=TOROIDAL_SURFACE('',#9374,0.0004,0.0002);
#66=TOROIDAL_SURFACE('',#9377,0.00649691072212347,0.0002);
#67=TOROIDAL_SURFACE('',#9380,0.0004,0.0002);
#68=TOROIDAL_SURFACE('',#9382,0.0027,0.0002);
#69=TOROIDAL_SURFACE('',#9386,0.0004,0.0002);
#70=TOROIDAL_SURFACE('',#9389,0.00649691072212347,0.0002);
#71=TOROIDAL_SURFACE('',#9392,0.0004,0.0002);
#72=TOROIDAL_SURFACE('',#9395,0.0027,0.0002);
#73=TOROIDAL_SURFACE('',#9398,0.0004,0.0002);
#74=TOROIDAL_SURFACE('',#9401,0.00649691072212347,0.0002);
#75=TOROIDAL_SURFACE('',#9404,0.0004,0.0002);
#76=TOROIDAL_SURFACE('',#9407,0.0027,0.0002);
#77=TOROIDAL_SURFACE('',#9410,0.0004,0.0002);
#78=TOROIDAL_SURFACE('',#9413,0.00649691072212347,0.0002);
#79=TOROIDAL_SURFACE('',#9416,0.0004,0.0002);
#80=TOROIDAL_SURFACE('',#9419,0.0027,0.0002);
#81=TOROIDAL_SURFACE('',#9422,0.0004,0.0002);
#82=TOROIDAL_SURFACE('',#9425,0.00649691072212347,0.0002);
#83=TOROIDAL_SURFACE('',#9428,0.0004,0.0002);
#84=TOROIDAL_SURFACE('',#9430,0.0027,0.0002);
#85=TOROIDAL_SURFACE('',#9434,0.0004,0.0002);
#86=TOROIDAL_SURFACE('',#9437,0.00649691072212347,0.0002);
#87=TOROIDAL_SURFACE('',#9440,0.0004,0.0002);
#88=TOROIDAL_SURFACE('',#9443,0.0027,0.0002);
#89=TOROIDAL_SURFACE('',#9446,0.0004,0.0002);
#90=TOROIDAL_SURFACE('',#9449,0.00649691072212347,0.0002);
#91=TOROIDAL_SURFACE('',#9452,0.0004,0.0002);
#92=TOROIDAL_SURFACE('',#9455,0.0027,0.0002);
#93=TOROIDAL_SURFACE('',#9458,0.0004,0.0002);
#94=TOROIDAL_SURFACE('',#9461,0.00649691072212347,0.0002);
#95=TOROIDAL_SURFACE('',#9464,0.0004,0.0002);
#96=TOROIDAL_SURFACE('',#9467,0.0027,0.0002);
#97=TOROIDAL_SURFACE('',#9470,0.0004,0.0002);
#98=TOROIDAL_SURFACE('',#9473,0.00649691072212347,0.0002);
#99=TOROIDAL_SURFACE('',#9476,0.0004,0.0002);
#100=TOROIDAL_SURFACE('',#9478,0.0027,0.0002);
#101=TOROIDAL_SURFACE('',#9482,0.0004,0.0002);
#102=TOROIDAL_SURFACE('',#9485,0.00649691072212347,0.0002);
#103=TOROIDAL_SURFACE('',#9488,0.0004,0.0002);
#104=TOROIDAL_SURFACE('',#9491,0.0027,0.0002);
#105=TOROIDAL_SURFACE('',#9494,0.0004,0.0002);
#106=TOROIDAL_SURFACE('',#9497,0.00649691072212347,0.0002);
#107=TOROIDAL_SURFACE('',#9500,0.0004,0.0002);
#108=TOROIDAL_SURFACE('',#9503,0.0027,0.0002);
#109=TOROIDAL_SURFACE('',#9506,0.0004,0.0002);
#110=TOROIDAL_SURFACE('',#9509,0.00649691072212347,0.0002);
#111=TOROIDAL_SURFACE('',#9512,0.0004,0.0002);
#112=TOROIDAL_SURFACE('',#9515,0.0027,0.0002);
#113=TOROIDAL_SURFACE('',#9518,0.0004,0.0002);
#114=TOROIDAL_SURFACE('',#9521,0.00649691072212347,0.0002);
#115=TOROIDAL_SURFACE('',#9524,0.0004,0.0002);
#116=TOROIDAL_SURFACE('',#9526,0.0027,0.0002);
#117=TOROIDAL_SURFACE('',#9530,0.0004,0.0002);
#118=TOROIDAL_SURFACE('',#9533,0.00649691072212347,0.0002);
#119=TOROIDAL_SURFACE('',#9536,0.0004,0.0002);
#120=TOROIDAL_SURFACE('',#9539,0.0027,0.0002);
#121=TOROIDAL_SURFACE('',#9542,0.0004,0.0002);
#122=TOROIDAL_SURFACE('',#9545,0.00649691072212347,0.0002);
#123=TOROIDAL_SURFACE('',#9548,0.0004,0.0002);
#124=TOROIDAL_SURFACE('',#9551,0.0027,0.0002);
#125=TOROIDAL_SURFACE('',#9554,0.0004,0.0002);
#126=TOROIDAL_SURFACE('',#9557,0.00649691072212347,0.0002);
#127=TOROIDAL_SURFACE('',#9560,0.0004,0.0002);
#128=TOROIDAL_SURFACE('',#9563,0.0027,0.0002);
#129=TOROIDAL_SURFACE('',#9566,0.0004,0.0002);
#130=TOROIDAL_SURFACE('',#9569,0.00649691072212347,0.0002);
#131=TOROIDAL_SURFACE('',#9572,0.0004,0.0002);
#132=TOROIDAL_SURFACE('',#9950,0.0027,0.0002);
#133=TOROIDAL_SURFACE('',#9954,0.0004,0.0002);
#134=TOROIDAL_SURFACE('',#9957,0.00649691072212347,0.0002);
#135=TOROIDAL_SURFACE('',#9960,0.0004,0.0002);
#136=TOROIDAL_SURFACE('',#9963,0.0027,0.0002);
#137=TOROIDAL_SURFACE('',#9966,0.0004,0.0002);
#138=TOROIDAL_SURFACE('',#9969,0.00649691072212347,0.0002);
#139=TOROIDAL_SURFACE('',#9972,0.0004,0.0002);
#140=TOROIDAL_SURFACE('',#9975,0.0027,0.0002);
#141=TOROIDAL_SURFACE('',#9978,0.0004,0.0002);
#142=TOROIDAL_SURFACE('',#9981,0.00649691072212347,0.0002);
#143=TOROIDAL_SURFACE('',#9984,0.0004,0.0002);
#144=TOROIDAL_SURFACE('',#9987,0.0027,0.0002);
#145=TOROIDAL_SURFACE('',#9990,0.0004,0.0002);
#146=TOROIDAL_SURFACE('',#9993,0.00649691072212347,0.0002);
#147=TOROIDAL_SURFACE('',#9996,0.0004,0.0002);
#148=TOROIDAL_SURFACE('',#9998,0.0027,0.0002);
#149=TOROIDAL_SURFACE('',#10002,0.0004,0.0002);
#150=TOROIDAL_SURFACE('',#10005,0.00649691072212347,0.0002);
#151=TOROIDAL_SURFACE('',#10008,0.0004,0.0002);
#152=TOROIDAL_SURFACE('',#10011,0.0027,0.0002);
#153=TOROIDAL_SURFACE('',#10014,0.0004,0.0002);
#154=TOROIDAL_SURFACE('',#10017,0.00649691072212347,0.0002);
#155=TOROIDAL_SURFACE('',#10020,0.0004,0.0002);
#156=TOROIDAL_SURFACE('',#10023,0.0027,0.0002);
#157=TOROIDAL_SURFACE('',#10026,0.0004,0.0002);
#158=TOROIDAL_SURFACE('',#10029,0.00649691072212347,0.0002);
#159=TOROIDAL_SURFACE('',#10032,0.0004,0.0002);
#160=TOROIDAL_SURFACE('',#10035,0.0027,0.0002);
#161=TOROIDAL_SURFACE('',#10038,0.0004,0.0002);
#162=TOROIDAL_SURFACE('',#10041,0.00649691072212347,0.0002);
#163=TOROIDAL_SURFACE('',#10044,0.0004,0.0002);
#164=TOROIDAL_SURFACE('',#10046,0.0027,0.0002);
#165=TOROIDAL_SURFACE('',#10050,0.0004,0.0002);
#166=TOROIDAL_SURFACE('',#10053,0.00649691072212347,0.0002);
#167=TOROIDAL_SURFACE('',#10056,0.0004,0.0002);
#168=TOROIDAL_SURFACE('',#10059,0.0027,0.0002);
#169=TOROIDAL_SURFACE('',#10062,0.0004,0.0002);
#170=TOROIDAL_SURFACE('',#10065,0.00649691072212347,0.0002);
#171=TOROIDAL_SURFACE('',#10068,0.0004,0.0002);
#172=TOROIDAL_SURFACE('',#10071,0.0027,0.0002);
#173=TOROIDAL_SURFACE('',#10074,0.0004,0.0002);
#174=TOROIDAL_SURFACE('',#10077,0.00649691072212347,0.0002);
#175=TOROIDAL_SURFACE('',#10080,0.0004,0.0002);
#176=TOROIDAL_SURFACE('',#10083,0.0027,0.0002);
#177=TOROIDAL_SURFACE('',#10086,0.0004,0.0002);
#178=TOROIDAL_SURFACE('',#10089,0.00649691072212347,0.0002);
#179=TOROIDAL_SURFACE('',#10092,0.0004,0.0002);
#180=TOROIDAL_SURFACE('',#10094,0.0027,0.0002);
#181=TOROIDAL_SURFACE('',#10098,0.0004,0.0002);
#182=TOROIDAL_SURFACE('',#10101,0.00649691072212347,0.0002);
#183=TOROIDAL_SURFACE('',#10104,0.0004,0.0002);
#184=TOROIDAL_SURFACE('',#10107,0.0027,0.0002);
#185=TOROIDAL_SURFACE('',#10110,0.0004,0.0002);
#186=TOROIDAL_SURFACE('',#10113,0.00649691072212347,0.0002);
#187=TOROIDAL_SURFACE('',#10116,0.0004,0.0002);
#188=TOROIDAL_SURFACE('',#10119,0.0027,0.0002);
#189=TOROIDAL_SURFACE('',#10122,0.0004,0.0002);
#190=TOROIDAL_SURFACE('',#10125,0.00649691072212347,0.0002);
#191=TOROIDAL_SURFACE('',#10128,0.0004,0.0002);
#192=TOROIDAL_SURFACE('',#10131,0.0027,0.0002);
#193=TOROIDAL_SURFACE('',#10134,0.0004,0.0002);
#194=TOROIDAL_SURFACE('',#10137,0.00649691072212347,0.0002);
#195=TOROIDAL_SURFACE('',#10140,0.0004,0.0002);
#196=TOROIDAL_SURFACE('',#10142,0.0027,0.0002);
#197=TOROIDAL_SURFACE('',#10146,0.0004,0.0002);
#198=TOROIDAL_SURFACE('',#10149,0.00649691072212347,0.0002);
#199=TOROIDAL_SURFACE('',#10152,0.0004,0.0002);
#200=TOROIDAL_SURFACE('',#10155,0.0027,0.0002);
#201=TOROIDAL_SURFACE('',#10158,0.0004,0.0002);
#202=TOROIDAL_SURFACE('',#10161,0.00649691072212347,0.0002);
#203=TOROIDAL_SURFACE('',#10164,0.0004,0.0002);
#204=TOROIDAL_SURFACE('',#10167,0.0027,0.0002);
#205=TOROIDAL_SURFACE('',#10170,0.0004,0.0002);
#206=TOROIDAL_SURFACE('',#10173,0.00649691072212347,0.0002);
#207=TOROIDAL_SURFACE('',#10176,0.0004,0.0002);
#208=TOROIDAL_SURFACE('',#10179,0.0027,0.0002);
#209=TOROIDAL_SURFACE('',#10182,0.0004,0.0002);
#210=TOROIDAL_SURFACE('',#10185,0.00649691072212347,0.0002);
#211=TOROIDAL_SURFACE('',#10188,0.0004,0.0002);
#212=TOROIDAL_SURFACE('',#10190,0.0027,0.0002);
#213=TOROIDAL_SURFACE('',#10194,0.0004,0.0002);
#214=TOROIDAL_SURFACE('',#10197,0.00649691072212347,0.0002);
#215=TOROIDAL_SURFACE('',#10200,0.0004,0.0002);
#216=TOROIDAL_SURFACE('',#10203,0.0027,0.0002);
#217=TOROIDAL_SURFACE('',#10206,0.0004,0.0002);
#218=TOROIDAL_SURFACE('',#10209,0.00649691072212347,0.0002);
#219=TOROIDAL_SURFACE('',#10212,0.0004,0.0002);
#220=TOROIDAL_SURFACE('',#10215,0.0027,0.0002);
#221=TOROIDAL_SURFACE('',#10218,0.0004,0.0002);
#222=TOROIDAL_SURFACE('',#10221,0.00649691072212347,0.0002);
#223=TOROIDAL_SURFACE('',#10224,0.0004,0.0002);
#224=TOROIDAL_SURFACE('',#10227,0.0027,0.0002);
#225=TOROIDAL_SURFACE('',#10230,0.0004,0.0002);
#226=TOROIDAL_SURFACE('',#10233,0.00649691072212347,0.0002);
#227=TOROIDAL_SURFACE('',#10236,0.0004,0.0002);
#228=TOROIDAL_SURFACE('',#10238,0.0027,0.0002);
#229=TOROIDAL_SURFACE('',#10242,0.0004,0.0002);
#230=TOROIDAL_SURFACE('',#10245,0.00649691072212347,0.0002);
#231=TOROIDAL_SURFACE('',#10248,0.0004,0.0002);
#232=TOROIDAL_SURFACE('',#10251,0.0027,0.0002);
#233=TOROIDAL_SURFACE('',#10254,0.0004,0.0002);
#234=TOROIDAL_SURFACE('',#10257,0.00649691072212347,0.0002);
#235=TOROIDAL_SURFACE('',#10260,0.0004,0.0002);
#236=TOROIDAL_SURFACE('',#10263,0.0027,0.0002);
#237=TOROIDAL_SURFACE('',#10266,0.0004,0.0002);
#238=TOROIDAL_SURFACE('',#10269,0.00649691072212347,0.0002);
#239=TOROIDAL_SURFACE('',#10272,0.0004,0.0002);
#240=TOROIDAL_SURFACE('',#10275,0.0027,0.0002);
#241=TOROIDAL_SURFACE('',#10278,0.0004,0.0002);
#242=TOROIDAL_SURFACE('',#10281,0.00649691072212347,0.0002);
#243=TOROIDAL_SURFACE('',#10284,0.0004,0.0002);
#244=TOROIDAL_SURFACE('',#10371,0.0035,0.001);
#245=TOROIDAL_SURFACE('',#10372,0.0035,0.001);
#246=TOROIDAL_SURFACE('',#10373,0.0035,0.001);
#247=TOROIDAL_SURFACE('',#10374,0.0035,0.001);
#248=CYLINDRICAL_SURFACE('',#8790,0.0013);
#249=CYLINDRICAL_SURFACE('',#8793,0.0013);
#250=CYLINDRICAL_SURFACE('',#8796,0.0013);
#251=CYLINDRICAL_SURFACE('',#8799,0.0013);
#252=CYLINDRICAL_SURFACE('',#8802,0.0013);
#253=CYLINDRICAL_SURFACE('',#8805,0.0013);
#254=CYLINDRICAL_SURFACE('',#8808,0.0013);
#255=CYLINDRICAL_SURFACE('',#8811,0.0013);
#256=CYLINDRICAL_SURFACE('',#8814,0.0013);
#257=CYLINDRICAL_SURFACE('',#8817,0.0013);
#258=CYLINDRICAL_SURFACE('',#8820,0.0013);
#259=CYLINDRICAL_SURFACE('',#8823,0.0013);
#260=CYLINDRICAL_SURFACE('',#8826,0.0013);
#261=CYLINDRICAL_SURFACE('',#8829,0.0013);
#262=CYLINDRICAL_SURFACE('',#8832,0.0013);
#263=CYLINDRICAL_SURFACE('',#8835,0.0013);
#264=CYLINDRICAL_SURFACE('',#8838,0.0013);
#265=CYLINDRICAL_SURFACE('',#8841,0.0013);
#266=CYLINDRICAL_SURFACE('',#8844,0.0013);
#267=CYLINDRICAL_SURFACE('',#8847,0.0013);
#268=CYLINDRICAL_SURFACE('',#8850,0.0013);
#269=CYLINDRICAL_SURFACE('',#8853,0.0013);
#270=CYLINDRICAL_SURFACE('',#8856,0.0013);
#271=CYLINDRICAL_SURFACE('',#8859,0.0013);
#272=CYLINDRICAL_SURFACE('',#8862,0.0013);
#273=CYLINDRICAL_SURFACE('',#8865,0.0013);
#274=CYLINDRICAL_SURFACE('',#8868,0.0013);
#275=CYLINDRICAL_SURFACE('',#8871,0.0013);
#276=CYLINDRICAL_SURFACE('',#8874,0.0013);
#277=CYLINDRICAL_SURFACE('',#8877,0.0013);
#278=CYLINDRICAL_SURFACE('',#8880,0.0013);
#279=CYLINDRICAL_SURFACE('',#8883,0.0013);
#280=CYLINDRICAL_SURFACE('',#9014,0.0025);
#281=CYLINDRICAL_SURFACE('',#9016,0.0002);
#282=CYLINDRICAL_SURFACE('',#9018,0.00669691072212347);
#283=CYLINDRICAL_SURFACE('',#9020,0.0002);
#284=CYLINDRICAL_SURFACE('',#9022,0.0025);
#285=CYLINDRICAL_SURFACE('',#9024,0.0002);
#286=CYLINDRICAL_SURFACE('',#9026,0.00669691072212347);
#287=CYLINDRICAL_SURFACE('',#9028,0.0002);
#288=CYLINDRICAL_SURFACE('',#9030,0.0025);
#289=CYLINDRICAL_SURFACE('',#9032,0.0002);
#290=CYLINDRICAL_SURFACE('',#9034,0.00669691072212347);
#291=CYLINDRICAL_SURFACE('',#9036,0.0002);
#292=CYLINDRICAL_SURFACE('',#9038,0.0025);
#293=CYLINDRICAL_SURFACE('',#9040,0.0002);
#294=CYLINDRICAL_SURFACE('',#9042,0.00669691072212347);
#295=CYLINDRICAL_SURFACE('',#9044,0.0002);
#296=CYLINDRICAL_SURFACE('',#9046,0.0025);
#297=CYLINDRICAL_SURFACE('',#9048,0.0002);
#298=CYLINDRICAL_SURFACE('',#9050,0.00669691072212347);
#299=CYLINDRICAL_SURFACE('',#9052,0.0002);
#300=CYLINDRICAL_SURFACE('',#9054,0.0025);
#301=CYLINDRICAL_SURFACE('',#9056,0.0002);
#302=CYLINDRICAL_SURFACE('',#9058,0.00669691072212347);
#303=CYLINDRICAL_SURFACE('',#9060,0.0002);
#304=CYLINDRICAL_SURFACE('',#9062,0.0025);
#305=CYLINDRICAL_SURFACE('',#9064,0.0002);
#306=CYLINDRICAL_SURFACE('',#9066,0.00669691072212347);
#307=CYLINDRICAL_SURFACE('',#9068,0.0002);
#308=CYLINDRICAL_SURFACE('',#9070,0.0025);
#309=CYLINDRICAL_SURFACE('',#9072,0.0002);
#310=CYLINDRICAL_SURFACE('',#9074,0.00669691072212347);
#311=CYLINDRICAL_SURFACE('',#9076,0.0002);
#312=CYLINDRICAL_SURFACE('',#9078,0.0025);
#313=CYLINDRICAL_SURFACE('',#9080,0.0002);
#314=CYLINDRICAL_SURFACE('',#9082,0.00669691072212347);
#315=CYLINDRICAL_SURFACE('',#9084,0.0002);
#316=CYLINDRICAL_SURFACE('',#9086,0.0025);
#317=CYLINDRICAL_SURFACE('',#9088,0.0002);
#318=CYLINDRICAL_SURFACE('',#9090,0.00669691072212347);
#319=CYLINDRICAL_SURFACE('',#9092,0.0002);
#320=CYLINDRICAL_SURFACE('',#9094,0.0025);
#321=CYLINDRICAL_SURFACE('',#9096,0.0002);
#322=CYLINDRICAL_SURFACE('',#9098,0.00669691072212347);
#323=CYLINDRICAL_SURFACE('',#9100,0.0002);
#324=CYLINDRICAL_SURFACE('',#9102,0.0025);
#325=CYLINDRICAL_SURFACE('',#9104,0.0002);
#326=CYLINDRICAL_SURFACE('',#9106,0.00669691072212347);
#327=CYLINDRICAL_SURFACE('',#9108,0.0002);
#328=CYLINDRICAL_SURFACE('',#9110,0.0025);
#329=CYLINDRICAL_SURFACE('',#9112,0.0002);
#330=CYLINDRICAL_SURFACE('',#9114,0.00669691072212347);
#331=CYLINDRICAL_SURFACE('',#9116,0.0002);
#332=CYLINDRICAL_SURFACE('',#9118,0.0025);
#333=CYLINDRICAL_SURFACE('',#9120,0.0002);
#334=CYLINDRICAL_SURFACE('',#9122,0.00669691072212347);
#335=CYLINDRICAL_SURFACE('',#9124,0.0002);
#336=CYLINDRICAL_SURFACE('',#9126,0.0025);
#337=CYLINDRICAL_SURFACE('',#9128,0.0002);
#338=CYLINDRICAL_SURFACE('',#9130,0.00669691072212347);
#339=CYLINDRICAL_SURFACE('',#9132,0.0002);
#340=CYLINDRICAL_SURFACE('',#9134,0.0025);
#341=CYLINDRICAL_SURFACE('',#9136,0.0002);
#342=CYLINDRICAL_SURFACE('',#9138,0.00669691072212347);
#343=CYLINDRICAL_SURFACE('',#9140,0.0002);
#344=CYLINDRICAL_SURFACE('',#9142,0.0025);
#345=CYLINDRICAL_SURFACE('',#9144,0.0002);
#346=CYLINDRICAL_SURFACE('',#9146,0.00669691072212347);
#347=CYLINDRICAL_SURFACE('',#9148,0.0002);
#348=CYLINDRICAL_SURFACE('',#9150,0.0025);
#349=CYLINDRICAL_SURFACE('',#9152,0.0002);
#350=CYLINDRICAL_SURFACE('',#9154,0.00669691072212347);
#351=CYLINDRICAL_SURFACE('',#9156,0.0002);
#352=CYLINDRICAL_SURFACE('',#9158,0.0025);
#353=CYLINDRICAL_SURFACE('',#9160,0.0002);
#354=CYLINDRICAL_SURFACE('',#9162,0.00669691072212347);
#355=CYLINDRICAL_SURFACE('',#9164,0.0002);
#356=CYLINDRICAL_SURFACE('',#9166,0.0025);
#357=CYLINDRICAL_SURFACE('',#9168,0.0002);
#358=CYLINDRICAL_SURFACE('',#9170,0.00669691072212347);
#359=CYLINDRICAL_SURFACE('',#9172,0.0002);
#360=CYLINDRICAL_SURFACE('',#9174,0.0025);
#361=CYLINDRICAL_SURFACE('',#9176,0.0002);
#362=CYLINDRICAL_SURFACE('',#9178,0.00669691072212347);
#363=CYLINDRICAL_SURFACE('',#9180,0.0002);
#364=CYLINDRICAL_SURFACE('',#9182,0.0025);
#365=CYLINDRICAL_SURFACE('',#9184,0.0002);
#366=CYLINDRICAL_SURFACE('',#9186,0.00669691072212347);
#367=CYLINDRICAL_SURFACE('',#9188,0.0002);
#368=CYLINDRICAL_SURFACE('',#9190,0.0025);
#369=CYLINDRICAL_SURFACE('',#9192,0.0002);
#370=CYLINDRICAL_SURFACE('',#9194,0.00669691072212347);
#371=CYLINDRICAL_SURFACE('',#9196,0.0002);
#372=CYLINDRICAL_SURFACE('',#9198,0.0025);
#373=CYLINDRICAL_SURFACE('',#9200,0.0002);
#374=CYLINDRICAL_SURFACE('',#9202,0.00669691072212347);
#375=CYLINDRICAL_SURFACE('',#9204,0.0002);
#376=CYLINDRICAL_SURFACE('',#9206,0.0025);
#377=CYLINDRICAL_SURFACE('',#9208,0.0002);
#378=CYLINDRICAL_SURFACE('',#9210,0.00669691072212347);
#379=CYLINDRICAL_SURFACE('',#9212,0.0002);
#380=CYLINDRICAL_SURFACE('',#9214,0.0025);
#381=CYLINDRICAL_SURFACE('',#9216,0.0002);
#382=CYLINDRICAL_SURFACE('',#9218,0.00669691072212347);
#383=CYLINDRICAL_SURFACE('',#9220,0.0002);
#384=CYLINDRICAL_SURFACE('',#9222,0.0025);
#385=CYLINDRICAL_SURFACE('',#9224,0.0002);
#386=CYLINDRICAL_SURFACE('',#9226,0.00669691072212347);
#387=CYLINDRICAL_SURFACE('',#9228,0.0002);
#388=CYLINDRICAL_SURFACE('',#9230,0.0025);
#389=CYLINDRICAL_SURFACE('',#9232,0.0002);
#390=CYLINDRICAL_SURFACE('',#9234,0.00669691072212347);
#391=CYLINDRICAL_SURFACE('',#9236,0.0002);
#392=CYLINDRICAL_SURFACE('',#9588,0.0032);
#393=CYLINDRICAL_SURFACE('',#9590,0.0032);
#394=CYLINDRICAL_SURFACE('',#9592,0.0032);
#395=CYLINDRICAL_SURFACE('',#9594,0.0032);
#396=CYLINDRICAL_SURFACE('',#9596,0.0032);
#397=CYLINDRICAL_SURFACE('',#9598,0.0032);
#398=CYLINDRICAL_SURFACE('',#9600,0.0032);
#399=CYLINDRICAL_SURFACE('',#9726,0.0025);
#400=CYLINDRICAL_SURFACE('',#9728,0.0002);
#401=CYLINDRICAL_SURFACE('',#9730,0.00669691072212347);
#402=CYLINDRICAL_SURFACE('',#9732,0.0002);
#403=CYLINDRICAL_SURFACE('',#9734,0.0025);
#404=CYLINDRICAL_SURFACE('',#9736,0.0002);
#405=CYLINDRICAL_SURFACE('',#9738,0.00669691072212347);
#406=CYLINDRICAL_SURFACE('',#9740,0.0002);
#407=CYLINDRICAL_SURFACE('',#9742,0.0025);
#408=CYLINDRICAL_SURFACE('',#9744,0.0002);
#409=CYLINDRICAL_SURFACE('',#9746,0.00669691072212347);
#410=CYLINDRICAL_SURFACE('',#9748,0.0002);
#411=CYLINDRICAL_SURFACE('',#9750,0.0025);
#412=CYLINDRICAL_SURFACE('',#9752,0.0002);
#413=CYLINDRICAL_SURFACE('',#9754,0.00669691072212347);
#414=CYLINDRICAL_SURFACE('',#9756,0.0002);
#415=CYLINDRICAL_SURFACE('',#9758,0.0025);
#416=CYLINDRICAL_SURFACE('',#9760,0.0002);
#417=CYLINDRICAL_SURFACE('',#9762,0.00669691072212347);
#418=CYLINDRICAL_SURFACE('',#9764,0.0002);
#419=CYLINDRICAL_SURFACE('',#9766,0.0025);
#420=CYLINDRICAL_SURFACE('',#9768,0.0002);
#421=CYLINDRICAL_SURFACE('',#9770,0.00669691072212347);
#422=CYLINDRICAL_SURFACE('',#9772,0.0002);
#423=CYLINDRICAL_SURFACE('',#9774,0.0025);
#424=CYLINDRICAL_SURFACE('',#9776,0.0002);
#425=CYLINDRICAL_SURFACE('',#9778,0.00669691072212347);
#426=CYLINDRICAL_SURFACE('',#9780,0.0002);
#427=CYLINDRICAL_SURFACE('',#9782,0.0025);
#428=CYLINDRICAL_SURFACE('',#9784,0.0002);
#429=CYLINDRICAL_SURFACE('',#9786,0.00669691072212347);
#430=CYLINDRICAL_SURFACE('',#9788,0.0002);
#431=CYLINDRICAL_SURFACE('',#9790,0.0025);
#432=CYLINDRICAL_SURFACE('',#9792,0.0002);
#433=CYLINDRICAL_SURFACE('',#9794,0.00669691072212347);
#434=CYLINDRICAL_SURFACE('',#9796,0.0002);
#435=CYLINDRICAL_SURFACE('',#9798,0.0025);
#436=CYLINDRICAL_SURFACE('',#9800,0.0002);
#437=CYLINDRICAL_SURFACE('',#9802,0.00669691072212347);
#438=CYLINDRICAL_SURFACE('',#9804,0.0002);
#439=CYLINDRICAL_SURFACE('',#9806,0.0025);
#440=CYLINDRICAL_SURFACE('',#9808,0.0002);
#441=CYLINDRICAL_SURFACE('',#9810,0.00669691072212347);
#442=CYLINDRICAL_SURFACE('',#9812,0.0002);
#443=CYLINDRICAL_SURFACE('',#9814,0.0025);
#444=CYLINDRICAL_SURFACE('',#9816,0.0002);
#445=CYLINDRICAL_SURFACE('',#9818,0.00669691072212347);
#446=CYLINDRICAL_SURFACE('',#9820,0.0002);
#447=CYLINDRICAL_SURFACE('',#9822,0.0025);
#448=CYLINDRICAL_SURFACE('',#9824,0.0002);
#449=CYLINDRICAL_SURFACE('',#9826,0.00669691072212347);
#450=CYLINDRICAL_SURFACE('',#9828,0.0002);
#451=CYLINDRICAL_SURFACE('',#9830,0.0025);
#452=CYLINDRICAL_SURFACE('',#9832,0.0002);
#453=CYLINDRICAL_SURFACE('',#9834,0.00669691072212347);
#454=CYLINDRICAL_SURFACE('',#9836,0.0002);
#455=CYLINDRICAL_SURFACE('',#9838,0.0025);
#456=CYLINDRICAL_SURFACE('',#9840,0.0002);
#457=CYLINDRICAL_SURFACE('',#9842,0.00669691072212347);
#458=CYLINDRICAL_SURFACE('',#9844,0.0002);
#459=CYLINDRICAL_SURFACE('',#9846,0.0025);
#460=CYLINDRICAL_SURFACE('',#9848,0.0002);
#461=CYLINDRICAL_SURFACE('',#9850,0.00669691072212347);
#462=CYLINDRICAL_SURFACE('',#9852,0.0002);
#463=CYLINDRICAL_SURFACE('',#9854,0.0025);
#464=CYLINDRICAL_SURFACE('',#9856,0.0002);
#465=CYLINDRICAL_SURFACE('',#9858,0.00669691072212347);
#466=CYLINDRICAL_SURFACE('',#9860,0.0002);
#467=CYLINDRICAL_SURFACE('',#9862,0.0025);
#468=CYLINDRICAL_SURFACE('',#9864,0.0002);
#469=CYLINDRICAL_SURFACE('',#9866,0.00669691072212347);
#470=CYLINDRICAL_SURFACE('',#9868,0.0002);
#471=CYLINDRICAL_SURFACE('',#9870,0.0025);
#472=CYLINDRICAL_SURFACE('',#9872,0.0002);
#473=CYLINDRICAL_SURFACE('',#9874,0.00669691072212347);
#474=CYLINDRICAL_SURFACE('',#9876,0.0002);
#475=CYLINDRICAL_SURFACE('',#9878,0.0025);
#476=CYLINDRICAL_SURFACE('',#9880,0.0002);
#477=CYLINDRICAL_SURFACE('',#9882,0.00669691072212347);
#478=CYLINDRICAL_SURFACE('',#9884,0.0002);
#479=CYLINDRICAL_SURFACE('',#9886,0.0025);
#480=CYLINDRICAL_SURFACE('',#9888,0.0002);
#481=CYLINDRICAL_SURFACE('',#9890,0.00669691072212347);
#482=CYLINDRICAL_SURFACE('',#9892,0.0002);
#483=CYLINDRICAL_SURFACE('',#9894,0.0025);
#484=CYLINDRICAL_SURFACE('',#9896,0.0002);
#485=CYLINDRICAL_SURFACE('',#9898,0.00669691072212347);
#486=CYLINDRICAL_SURFACE('',#9900,0.0002);
#487=CYLINDRICAL_SURFACE('',#9902,0.0025);
#488=CYLINDRICAL_SURFACE('',#9904,0.0002);
#489=CYLINDRICAL_SURFACE('',#9906,0.00669691072212347);
#490=CYLINDRICAL_SURFACE('',#9908,0.0002);
#491=CYLINDRICAL_SURFACE('',#9910,0.0025);
#492=CYLINDRICAL_SURFACE('',#9912,0.0002);
#493=CYLINDRICAL_SURFACE('',#9914,0.00669691072212347);
#494=CYLINDRICAL_SURFACE('',#9916,0.0002);
#495=CYLINDRICAL_SURFACE('',#9918,0.0025);
#496=CYLINDRICAL_SURFACE('',#9920,0.0002);
#497=CYLINDRICAL_SURFACE('',#9922,0.00669691072212347);
#498=CYLINDRICAL_SURFACE('',#9924,0.0002);
#499=CYLINDRICAL_SURFACE('',#9926,0.0025);
#500=CYLINDRICAL_SURFACE('',#9928,0.0002);
#501=CYLINDRICAL_SURFACE('',#9930,0.00669691072212347);
#502=CYLINDRICAL_SURFACE('',#9932,0.0002);
#503=CYLINDRICAL_SURFACE('',#9934,0.0025);
#504=CYLINDRICAL_SURFACE('',#9936,0.0002);
#505=CYLINDRICAL_SURFACE('',#9938,0.00669691072212347);
#506=CYLINDRICAL_SURFACE('',#9940,0.0002);
#507=CYLINDRICAL_SURFACE('',#9942,0.0025);
#508=CYLINDRICAL_SURFACE('',#9944,0.0002);
#509=CYLINDRICAL_SURFACE('',#9946,0.00669691072212347);
#510=CYLINDRICAL_SURFACE('',#9948,0.0002);
#511=CYLINDRICAL_SURFACE('',#10300,0.0032);
#512=CYLINDRICAL_SURFACE('',#10302,0.0032);
#513=CYLINDRICAL_SURFACE('',#10304,0.0032);
#514=CYLINDRICAL_SURFACE('',#10306,0.0032);
#515=CYLINDRICAL_SURFACE('',#10308,0.0032);
#516=CYLINDRICAL_SURFACE('',#10310,0.0032);
#517=CYLINDRICAL_SURFACE('',#10312,0.0032);
#518=CYLINDRICAL_SURFACE('',#10353,0.0025);
#519=CYLINDRICAL_SURFACE('',#10357,0.0025);
#520=CYLINDRICAL_SURFACE('',#10361,0.0025);
#521=CYLINDRICAL_SURFACE('',#10365,0.0025);
#522=CYLINDRICAL_SURFACE('',#10367,0.002);
#523=CYLINDRICAL_SURFACE('',#10368,0.002);
#524=CYLINDRICAL_SURFACE('',#10369,0.002);
#525=CYLINDRICAL_SURFACE('',#10370,0.002);
#526=LINE('',#13839,#790);
#527=LINE('',#13844,#791);
#528=LINE('',#13848,#792);
#529=LINE('',#13852,#793);
#530=LINE('',#14016,#794);
#531=LINE('',#14018,#795);
#532=LINE('',#14020,#796);
#533=LINE('',#14022,#797);
#534=LINE('',#14025,#798);
#535=LINE('',#14026,#799);
#536=LINE('',#14028,#800);
#537=LINE('',#14030,#801);
#538=LINE('',#14032,#802);
#539=LINE('',#14034,#803);
#540=LINE('',#14036,#804);
#541=LINE('',#14038,#805);
#542=LINE('',#14044,#806);
#543=LINE('',#14047,#807);
#544=LINE('',#14049,#808);
#545=LINE('',#14051,#809);
#546=LINE('',#14052,#810);
#547=LINE('',#14055,#811);
#548=LINE('',#14057,#812);
#549=LINE('',#14059,#813);
#550=LINE('',#14292,#814);
#551=LINE('',#14296,#815);
#552=LINE('',#14300,#816);
#553=LINE('',#14304,#817);
#554=LINE('',#14308,#818);
#555=LINE('',#14312,#819);
#556=LINE('',#14316,#820);
#557=LINE('',#14320,#821);
#558=LINE('',#14324,#822);
#559=LINE('',#14328,#823);
#560=LINE('',#14332,#824);
#561=LINE('',#14336,#825);
#562=LINE('',#14340,#826);
#563=LINE('',#14344,#827);
#564=LINE('',#14348,#828);
#565=LINE('',#14352,#829);
#566=LINE('',#14356,#830);
#567=LINE('',#14360,#831);
#568=LINE('',#14364,#832);
#569=LINE('',#14368,#833);
#570=LINE('',#14372,#834);
#571=LINE('',#14376,#835);
#572=LINE('',#14380,#836);
#573=LINE('',#14384,#837);
#574=LINE('',#14388,#838);
#575=LINE('',#14392,#839);
#576=LINE('',#14396,#840);
#577=LINE('',#14400,#841);
#578=LINE('',#14404,#842);
#579=LINE('',#14408,#843);
#580=LINE('',#14412,#844);
#581=LINE('',#14416,#845);
#582=LINE('',#14420,#846);
#583=LINE('',#14424,#847);
#584=LINE('',#14428,#848);
#585=LINE('',#14432,#849);
#586=LINE('',#14436,#850);
#587=LINE('',#14440,#851);
#588=LINE('',#14444,#852);
#589=LINE('',#14448,#853);
#590=LINE('',#14452,#854);
#591=LINE('',#14456,#855);
#592=LINE('',#14460,#856);
#593=LINE('',#14464,#857);
#594=LINE('',#14468,#858);
#595=LINE('',#14472,#859);
#596=LINE('',#14476,#860);
#597=LINE('',#14480,#861);
#598=LINE('',#14484,#862);
#599=LINE('',#14488,#863);
#600=LINE('',#14492,#864);
#601=LINE('',#14496,#865);
#602=LINE('',#14500,#866);
#603=LINE('',#14504,#867);
#604=LINE('',#14508,#868);
#605=LINE('',#14512,#869);
#606=LINE('',#14516,#870);
#607=LINE('',#14520,#871);
#608=LINE('',#14524,#872);
#609=LINE('',#14528,#873);
#610=LINE('',#14532,#874);
#611=LINE('',#14536,#875);
#612=LINE('',#14540,#876);
#613=LINE('',#14544,#877);
#614=LINE('',#14548,#878);
#615=LINE('',#14552,#879);
#616=LINE('',#14556,#880);
#617=LINE('',#14560,#881);
#618=LINE('',#14564,#882);
#619=LINE('',#14568,#883);
#620=LINE('',#14572,#884);
#621=LINE('',#14576,#885);
#622=LINE('',#14580,#886);
#623=LINE('',#14584,#887);
#624=LINE('',#14588,#888);
#625=LINE('',#14592,#889);
#626=LINE('',#14596,#890);
#627=LINE('',#14600,#891);
#628=LINE('',#14604,#892);
#629=LINE('',#14608,#893);
#630=LINE('',#14612,#894);
#631=LINE('',#14616,#895);
#632=LINE('',#14620,#896);
#633=LINE('',#14624,#897);
#634=LINE('',#14628,#898);
#635=LINE('',#14632,#899);
#636=LINE('',#14636,#900);
#637=LINE('',#14640,#901);
#638=LINE('',#14644,#902);
#639=LINE('',#14648,#903);
#640=LINE('',#14652,#904);
#641=LINE('',#14656,#905);
#642=LINE('',#14660,#906);
#643=LINE('',#14664,#907);
#644=LINE('',#14668,#908);
#645=LINE('',#14672,#909);
#646=LINE('',#14676,#910);
#647=LINE('',#14680,#911);
#648=LINE('',#14684,#912);
#649=LINE('',#14688,#913);
#650=LINE('',#14692,#914);
#651=LINE('',#14696,#915);
#652=LINE('',#14700,#916);
#653=LINE('',#14704,#917);
#654=LINE('',#14708,#918);
#655=LINE('',#14712,#919);
#656=LINE('',#14716,#920);
#657=LINE('',#14720,#921);
#658=LINE('',#14724,#922);
#659=LINE('',#14728,#923);
#660=LINE('',#14732,#924);
#661=LINE('',#14736,#925);
#662=LINE('',#15230,#926);
#663=LINE('',#15233,#927);
#664=LINE('',#15235,#928);
#665=LINE('',#15237,#929);
#666=LINE('',#15239,#930);
#667=LINE('',#15240,#931);
#668=LINE('',#15242,#932);
#669=LINE('',#15244,#933);
#670=LINE('',#15478,#934);
#671=LINE('',#15482,#935);
#672=LINE('',#15486,#936);
#673=LINE('',#15490,#937);
#674=LINE('',#15494,#938);
#675=LINE('',#15498,#939);
#676=LINE('',#15502,#940);
#677=LINE('',#15506,#941);
#678=LINE('',#15510,#942);
#679=LINE('',#15514,#943);
#680=LINE('',#15518,#944);
#681=LINE('',#15522,#945);
#682=LINE('',#15526,#946);
#683=LINE('',#15530,#947);
#684=LINE('',#15534,#948);
#685=LINE('',#15538,#949);
#686=LINE('',#15542,#950);
#687=LINE('',#15546,#951);
#688=LINE('',#15550,#952);
#689=LINE('',#15554,#953);
#690=LINE('',#15558,#954);
#691=LINE('',#15562,#955);
#692=LINE('',#15566,#956);
#693=LINE('',#15570,#957);
#694=LINE('',#15574,#958);
#695=LINE('',#15578,#959);
#696=LINE('',#15582,#960);
#697=LINE('',#15586,#961);
#698=LINE('',#15590,#962);
#699=LINE('',#15594,#963);
#700=LINE('',#15598,#964);
#701=LINE('',#15602,#965);
#702=LINE('',#15606,#966);
#703=LINE('',#15610,#967);
#704=LINE('',#15614,#968);
#705=LINE('',#15618,#969);
#706=LINE('',#15622,#970);
#707=LINE('',#15626,#971);
#708=LINE('',#15630,#972);
#709=LINE('',#15634,#973);
#710=LINE('',#15638,#974);
#711=LINE('',#15642,#975);
#712=LINE('',#15646,#976);
#713=LINE('',#15650,#977);
#714=LINE('',#15654,#978);
#715=LINE('',#15658,#979);
#716=LINE('',#15662,#980);
#717=LINE('',#15666,#981);
#718=LINE('',#15670,#982);
#719=LINE('',#15674,#983);
#720=LINE('',#15678,#984);
#721=LINE('',#15682,#985);
#722=LINE('',#15686,#986);
#723=LINE('',#15690,#987);
#724=LINE('',#15694,#988);
#725=LINE('',#15698,#989);
#726=LINE('',#15702,#990);
#727=LINE('',#15706,#991);
#728=LINE('',#15710,#992);
#729=LINE('',#15714,#993);
#730=LINE('',#15718,#994);
#731=LINE('',#15722,#995);
#732=LINE('',#15726,#996);
#733=LINE('',#15730,#997);
#734=LINE('',#15734,#998);
#735=LINE('',#15738,#999);
#736=LINE('',#15742,#1000);
#737=LINE('',#15746,#1001);
#738=LINE('',#15750,#1002);
#739=LINE('',#15754,#1003);
#740=LINE('',#15758,#1004);
#741=LINE('',#15762,#1005);
#742=LINE('',#15766,#1006);
#743=LINE('',#15770,#1007);
#744=LINE('',#15774,#1008);
#745=LINE('',#15778,#1009);
#746=LINE('',#15782,#1010);
#747=LINE('',#15786,#1011);
#748=LINE('',#15790,#1012);
#749=LINE('',#15794,#1013);
#750=LINE('',#15798,#1014);
#751=LINE('',#15802,#1015);
#752=LINE('',#15806,#1016);
#753=LINE('',#15810,#1017);
#754=LINE('',#15814,#1018);
#755=LINE('',#15818,#1019);
#756=LINE('',#15822,#1020);
#757=LINE('',#15826,#1021);
#758=LINE('',#15830,#1022);
#759=LINE('',#15834,#1023);
#760=LINE('',#15838,#1024);
#761=LINE('',#15842,#1025);
#762=LINE('',#15846,#1026);
#763=LINE('',#15850,#1027);
#764=LINE('',#15854,#1028);
#765=LINE('',#15858,#1029);
#766=LINE('',#15862,#1030);
#767=LINE('',#15866,#1031);
#768=LINE('',#15870,#1032);
#769=LINE('',#15874,#1033);
#770=LINE('',#15878,#1034);
#771=LINE('',#15882,#1035);
#772=LINE('',#15886,#1036);
#773=LINE('',#15890,#1037);
#774=LINE('',#15894,#1038);
#775=LINE('',#15898,#1039);
#776=LINE('',#15902,#1040);
#777=LINE('',#15906,#1041);
#778=LINE('',#15910,#1042);
#779=LINE('',#15914,#1043);
#780=LINE('',#15918,#1044);
#781=LINE('',#15922,#1045);
#782=LINE('',#16416,#1046);
#783=LINE('',#16419,#1047);
#784=LINE('',#16421,#1048);
#785=LINE('',#16423,#1049);
#786=LINE('',#16425,#1050);
#787=LINE('',#16426,#1051);
#788=LINE('',#16428,#1052);
#789=LINE('',#16430,#1053);
#790=VECTOR('',#10387,1.);
#791=VECTOR('',#10390,1.);
#792=VECTOR('',#10393,1.);
#793=VECTOR('',#10396,1.);
#794=VECTOR('',#10593,1.);
#795=VECTOR('',#10594,1.);
#796=VECTOR('',#10595,1.);
#797=VECTOR('',#10598,1.);
#798=VECTOR('',#10599,1.);
#799=VECTOR('',#10600,1.);
#800=VECTOR('',#10603,1.);
#801=VECTOR('',#10604,1.);
#802=VECTOR('',#10605,1.);
#803=VECTOR('',#10608,1.);
#804=VECTOR('',#10609,1.);
#805=VECTOR('',#10610,1.);
#806=VECTOR('',#10621,1.);
#807=VECTOR('',#10622,1.);
#808=VECTOR('',#10623,1.);
#809=VECTOR('',#10624,1.);
#810=VECTOR('',#10625,1.);
#811=VECTOR('',#10626,1.);
#812=VECTOR('',#10627,1.);
#813=VECTOR('',#10628,1.);
#814=VECTOR('',#10869,1.);
#815=VECTOR('',#10872,1.);
#816=VECTOR('',#10877,1.);
#817=VECTOR('',#10882,1.);
#818=VECTOR('',#10887,1.);
#819=VECTOR('',#10892,1.);
#820=VECTOR('',#10897,1.);
#821=VECTOR('',#10902,1.);
#822=VECTOR('',#10907,1.);
#823=VECTOR('',#10912,1.);
#824=VECTOR('',#10917,1.);
#825=VECTOR('',#10922,1.);
#826=VECTOR('',#10927,1.);
#827=VECTOR('',#10932,1.);
#828=VECTOR('',#10937,1.);
#829=VECTOR('',#10942,1.);
#830=VECTOR('',#10949,1.);
#831=VECTOR('',#10952,1.);
#832=VECTOR('',#10957,1.);
#833=VECTOR('',#10962,1.);
#834=VECTOR('',#10967,1.);
#835=VECTOR('',#10972,1.);
#836=VECTOR('',#10977,1.);
#837=VECTOR('',#10982,1.);
#838=VECTOR('',#10987,1.);
#839=VECTOR('',#10992,1.);
#840=VECTOR('',#10997,1.);
#841=VECTOR('',#11002,1.);
#842=VECTOR('',#11007,1.);
#843=VECTOR('',#11012,1.);
#844=VECTOR('',#11017,1.);
#845=VECTOR('',#11022,1.);
#846=VECTOR('',#11029,1.);
#847=VECTOR('',#11032,1.);
#848=VECTOR('',#11037,1.);
#849=VECTOR('',#11042,1.);
#850=VECTOR('',#11047,1.);
#851=VECTOR('',#11052,1.);
#852=VECTOR('',#11057,1.);
#853=VECTOR('',#11062,1.);
#854=VECTOR('',#11067,1.);
#855=VECTOR('',#11072,1.);
#856=VECTOR('',#11077,1.);
#857=VECTOR('',#11082,1.);
#858=VECTOR('',#11087,1.);
#859=VECTOR('',#11092,1.);
#860=VECTOR('',#11097,1.);
#861=VECTOR('',#11102,1.);
#862=VECTOR('',#11109,1.);
#863=VECTOR('',#11112,1.);
#864=VECTOR('',#11117,1.);
#865=VECTOR('',#11122,1.);
#866=VECTOR('',#11127,1.);
#867=VECTOR('',#11132,1.);
#868=VECTOR('',#11137,1.);
#869=VECTOR('',#11142,1.);
#870=VECTOR('',#11147,1.);
#871=VECTOR('',#11152,1.);
#872=VECTOR('',#11157,1.);
#873=VECTOR('',#11162,1.);
#874=VECTOR('',#11167,1.);
#875=VECTOR('',#11172,1.);
#876=VECTOR('',#11177,1.);
#877=VECTOR('',#11182,1.);
#878=VECTOR('',#11189,1.);
#879=VECTOR('',#11192,1.);
#880=VECTOR('',#11197,1.);
#881=VECTOR('',#11202,1.);
#882=VECTOR('',#11207,1.);
#883=VECTOR('',#11212,1.);
#884=VECTOR('',#11217,1.);
#885=VECTOR('',#11222,1.);
#886=VECTOR('',#11227,1.);
#887=VECTOR('',#11232,1.);
#888=VECTOR('',#11237,1.);
#889=VECTOR('',#11242,1.);
#890=VECTOR('',#11247,1.);
#891=VECTOR('',#11252,1.);
#892=VECTOR('',#11257,1.);
#893=VECTOR('',#11262,1.);
#894=VECTOR('',#11269,1.);
#895=VECTOR('',#11272,1.);
#896=VECTOR('',#11277,1.);
#897=VECTOR('',#11282,1.);
#898=VECTOR('',#11287,1.);
#899=VECTOR('',#11292,1.);
#900=VECTOR('',#11297,1.);
#901=VECTOR('',#11302,1.);
#902=VECTOR('',#11307,1.);
#903=VECTOR('',#11312,1.);
#904=VECTOR('',#11317,1.);
#905=VECTOR('',#11322,1.);
#906=VECTOR('',#11327,1.);
#907=VECTOR('',#11332,1.);
#908=VECTOR('',#11337,1.);
#909=VECTOR('',#11342,1.);
#910=VECTOR('',#11349,1.);
#911=VECTOR('',#11352,1.);
#912=VECTOR('',#11357,1.);
#913=VECTOR('',#11362,1.);
#914=VECTOR('',#11367,1.);
#915=VECTOR('',#11372,1.);
#916=VECTOR('',#11377,1.);
#917=VECTOR('',#11382,1.);
#918=VECTOR('',#11387,1.);
#919=VECTOR('',#11392,1.);
#920=VECTOR('',#11397,1.);
#921=VECTOR('',#11402,1.);
#922=VECTOR('',#11407,1.);
#923=VECTOR('',#11412,1.);
#924=VECTOR('',#11417,1.);
#925=VECTOR('',#11422,1.);
#926=VECTOR('',#12157,1.);
#927=VECTOR('',#12158,1.);
#928=VECTOR('',#12159,1.);
#929=VECTOR('',#12160,1.);
#930=VECTOR('',#12163,1.);
#931=VECTOR('',#12164,1.);
#932=VECTOR('',#12167,1.);
#933=VECTOR('',#12170,1.);
#934=VECTOR('',#12413,1.);
#935=VECTOR('',#12416,1.);
#936=VECTOR('',#12421,1.);
#937=VECTOR('',#12426,1.);
#938=VECTOR('',#12431,1.);
#939=VECTOR('',#12436,1.);
#940=VECTOR('',#12441,1.);
#941=VECTOR('',#12446,1.);
#942=VECTOR('',#12451,1.);
#943=VECTOR('',#12456,1.);
#944=VECTOR('',#12461,1.);
#945=VECTOR('',#12466,1.);
#946=VECTOR('',#12471,1.);
#947=VECTOR('',#12476,1.);
#948=VECTOR('',#12481,1.);
#949=VECTOR('',#12486,1.);
#950=VECTOR('',#12493,1.);
#951=VECTOR('',#12496,1.);
#952=VECTOR('',#12501,1.);
#953=VECTOR('',#12506,1.);
#954=VECTOR('',#12511,1.);
#955=VECTOR('',#12516,1.);
#956=VECTOR('',#12521,1.);
#957=VECTOR('',#12526,1.);
#958=VECTOR('',#12531,1.);
#959=VECTOR('',#12536,1.);
#960=VECTOR('',#12541,1.);
#961=VECTOR('',#12546,1.);
#962=VECTOR('',#12551,1.);
#963=VECTOR('',#12556,1.);
#964=VECTOR('',#12561,1.);
#965=VECTOR('',#12566,1.);
#966=VECTOR('',#12573,1.);
#967=VECTOR('',#12576,1.);
#968=VECTOR('',#12581,1.);
#969=VECTOR('',#12586,1.);
#970=VECTOR('',#12591,1.);
#971=VECTOR('',#12596,1.);
#972=VECTOR('',#12601,1.);
#973=VECTOR('',#12606,1.);
#974=VECTOR('',#12611,1.);
#975=VECTOR('',#12616,1.);
#976=VECTOR('',#12621,1.);
#977=VECTOR('',#12626,1.);
#978=VECTOR('',#12631,1.);
#979=VECTOR('',#12636,1.);
#980=VECTOR('',#12641,1.);
#981=VECTOR('',#12646,1.);
#982=VECTOR('',#12653,1.);
#983=VECTOR('',#12656,1.);
#984=VECTOR('',#12661,1.);
#985=VECTOR('',#12666,1.);
#986=VECTOR('',#12671,1.);
#987=VECTOR('',#12676,1.);
#988=VECTOR('',#12681,1.);
#989=VECTOR('',#12686,1.);
#990=VECTOR('',#12691,1.);
#991=VECTOR('',#12696,1.);
#992=VECTOR('',#12701,1.);
#993=VECTOR('',#12706,1.);
#994=VECTOR('',#12711,1.);
#995=VECTOR('',#12716,1.);
#996=VECTOR('',#12721,1.);
#997=VECTOR('',#12726,1.);
#998=VECTOR('',#12733,1.);
#999=VECTOR('',#12736,1.);
#1000=VECTOR('',#12741,1.);
#1001=VECTOR('',#12746,1.);
#1002=VECTOR('',#12751,1.);
#1003=VECTOR('',#12756,1.);
#1004=VECTOR('',#12761,1.);
#1005=VECTOR('',#12766,1.);
#1006=VECTOR('',#12771,1.);
#1007=VECTOR('',#12776,1.);
#1008=VECTOR('',#12781,1.);
#1009=VECTOR('',#12786,1.);
#1010=VECTOR('',#12791,1.);
#1011=VECTOR('',#12796,1.);
#1012=VECTOR('',#12801,1.);
#1013=VECTOR('',#12806,1.);
#1014=VECTOR('',#12813,1.);
#1015=VECTOR('',#12816,1.);
#1016=VECTOR('',#12821,1.);
#1017=VECTOR('',#12826,1.);
#1018=VECTOR('',#12831,1.);
#1019=VECTOR('',#12836,1.);
#1020=VECTOR('',#12841,1.);
#1021=VECTOR('',#12846,1.);
#1022=VECTOR('',#12851,1.);
#1023=VECTOR('',#12856,1.);
#1024=VECTOR('',#12861,1.);
#1025=VECTOR('',#12866,1.);
#1026=VECTOR('',#12871,1.);
#1027=VECTOR('',#12876,1.);
#1028=VECTOR('',#12881,1.);
#1029=VECTOR('',#12886,1.);
#1030=VECTOR('',#12893,1.);
#1031=VECTOR('',#12896,1.);
#1032=VECTOR('',#12901,1.);
#1033=VECTOR('',#12906,1.);
#1034=VECTOR('',#12911,1.);
#1035=VECTOR('',#12916,1.);
#1036=VECTOR('',#12921,1.);
#1037=VECTOR('',#12926,1.);
#1038=VECTOR('',#12931,1.);
#1039=VECTOR('',#12936,1.);
#1040=VECTOR('',#12941,1.);
#1041=VECTOR('',#12946,1.);
#1042=VECTOR('',#12951,1.);
#1043=VECTOR('',#12956,1.);
#1044=VECTOR('',#12961,1.);
#1045=VECTOR('',#12966,1.);
#1046=VECTOR('',#13701,1.);
#1047=VECTOR('',#13702,1.);
#1048=VECTOR('',#13703,1.);
#1049=VECTOR('',#13704,1.);
#1050=VECTOR('',#13707,1.);
#1051=VECTOR('',#13708,1.);
#1052=VECTOR('',#13711,1.);
#1053=VECTOR('',#13714,1.);
#1054=ORIENTED_EDGE('',*,*,#3598,.T.);
#1055=ORIENTED_EDGE('',*,*,#3599,.T.);
#1056=ORIENTED_EDGE('',*,*,#3600,.T.);
#1057=ORIENTED_EDGE('',*,*,#3601,.T.);
#1058=ORIENTED_EDGE('',*,*,#3602,.T.);
#1059=ORIENTED_EDGE('',*,*,#3603,.T.);
#1060=ORIENTED_EDGE('',*,*,#3604,.T.);
#1061=ORIENTED_EDGE('',*,*,#3605,.T.);
#1062=ORIENTED_EDGE('',*,*,#3606,.F.);
#1063=ORIENTED_EDGE('',*,*,#3607,.T.);
#1064=ORIENTED_EDGE('',*,*,#3608,.F.);
#1065=ORIENTED_EDGE('',*,*,#3609,.T.);
#1066=ORIENTED_EDGE('',*,*,#3610,.T.);
#1067=ORIENTED_EDGE('',*,*,#3611,.F.);
#1068=ORIENTED_EDGE('',*,*,#3612,.T.);
#1069=ORIENTED_EDGE('',*,*,#3613,.F.);
#1070=ORIENTED_EDGE('',*,*,#3614,.T.);
#1071=ORIENTED_EDGE('',*,*,#3615,.F.);
#1072=ORIENTED_EDGE('',*,*,#3616,.T.);
#1073=ORIENTED_EDGE('',*,*,#3617,.F.);
#1074=ORIENTED_EDGE('',*,*,#3618,.T.);
#1075=ORIENTED_EDGE('',*,*,#3619,.F.);
#1076=ORIENTED_EDGE('',*,*,#3620,.T.);
#1077=ORIENTED_EDGE('',*,*,#3621,.F.);
#1078=ORIENTED_EDGE('',*,*,#3622,.T.);
#1079=ORIENTED_EDGE('',*,*,#3623,.F.);
#1080=ORIENTED_EDGE('',*,*,#3624,.T.);
#1081=ORIENTED_EDGE('',*,*,#3625,.F.);
#1082=ORIENTED_EDGE('',*,*,#3626,.T.);
#1083=ORIENTED_EDGE('',*,*,#3627,.F.);
#1084=ORIENTED_EDGE('',*,*,#3628,.T.);
#1085=ORIENTED_EDGE('',*,*,#3629,.F.);
#1086=ORIENTED_EDGE('',*,*,#3630,.T.);
#1087=ORIENTED_EDGE('',*,*,#3631,.F.);
#1088=ORIENTED_EDGE('',*,*,#3632,.T.);
#1089=ORIENTED_EDGE('',*,*,#3633,.F.);
#1090=ORIENTED_EDGE('',*,*,#3634,.T.);
#1091=ORIENTED_EDGE('',*,*,#3635,.F.);
#1092=ORIENTED_EDGE('',*,*,#3636,.T.);
#1093=ORIENTED_EDGE('',*,*,#3637,.F.);
#1094=ORIENTED_EDGE('',*,*,#3638,.T.);
#1095=ORIENTED_EDGE('',*,*,#3639,.F.);
#1096=ORIENTED_EDGE('',*,*,#3640,.T.);
#1097=ORIENTED_EDGE('',*,*,#3641,.F.);
#1098=ORIENTED_EDGE('',*,*,#3642,.T.);
#1099=ORIENTED_EDGE('',*,*,#3643,.F.);
#1100=ORIENTED_EDGE('',*,*,#3644,.T.);
#1101=ORIENTED_EDGE('',*,*,#3645,.F.);
#1102=ORIENTED_EDGE('',*,*,#3646,.T.);
#1103=ORIENTED_EDGE('',*,*,#3647,.F.);
#1104=ORIENTED_EDGE('',*,*,#3648,.T.);
#1105=ORIENTED_EDGE('',*,*,#3649,.F.);
#1106=ORIENTED_EDGE('',*,*,#3650,.T.);
#1107=ORIENTED_EDGE('',*,*,#3651,.F.);
#1108=ORIENTED_EDGE('',*,*,#3652,.T.);
#1109=ORIENTED_EDGE('',*,*,#3653,.F.);
#1110=ORIENTED_EDGE('',*,*,#3654,.T.);
#1111=ORIENTED_EDGE('',*,*,#3655,.F.);
#1112=ORIENTED_EDGE('',*,*,#3656,.T.);
#1113=ORIENTED_EDGE('',*,*,#3657,.F.);
#1114=ORIENTED_EDGE('',*,*,#3658,.T.);
#1115=ORIENTED_EDGE('',*,*,#3659,.F.);
#1116=ORIENTED_EDGE('',*,*,#3660,.T.);
#1117=ORIENTED_EDGE('',*,*,#3661,.F.);
#1118=ORIENTED_EDGE('',*,*,#3662,.T.);
#1119=ORIENTED_EDGE('',*,*,#3663,.F.);
#1120=ORIENTED_EDGE('',*,*,#3664,.T.);
#1121=ORIENTED_EDGE('',*,*,#3665,.F.);
#1122=ORIENTED_EDGE('',*,*,#3666,.T.);
#1123=ORIENTED_EDGE('',*,*,#3667,.F.);
#1124=ORIENTED_EDGE('',*,*,#3668,.T.);
#1125=ORIENTED_EDGE('',*,*,#3669,.F.);
#1126=ORIENTED_EDGE('',*,*,#3670,.T.);
#1127=ORIENTED_EDGE('',*,*,#3671,.F.);
#1128=ORIENTED_EDGE('',*,*,#3672,.T.);
#1129=ORIENTED_EDGE('',*,*,#3673,.F.);
#1130=ORIENTED_EDGE('',*,*,#3608,.T.);
#1131=ORIENTED_EDGE('',*,*,#3674,.T.);
#1132=ORIENTED_EDGE('',*,*,#3675,.F.);
#1133=ORIENTED_EDGE('',*,*,#3676,.T.);
#1134=ORIENTED_EDGE('',*,*,#3677,.T.);
#1135=ORIENTED_EDGE('',*,*,#3678,.T.);
#1136=ORIENTED_EDGE('',*,*,#3602,.F.);
#1137=ORIENTED_EDGE('',*,*,#3679,.T.);
#1138=ORIENTED_EDGE('',*,*,#3604,.F.);
#1139=ORIENTED_EDGE('',*,*,#3680,.T.);
#1140=ORIENTED_EDGE('',*,*,#3681,.T.);
#1141=ORIENTED_EDGE('',*,*,#3682,.T.);
#1142=ORIENTED_EDGE('',*,*,#3606,.T.);
#1143=ORIENTED_EDGE('',*,*,#3683,.T.);
#1144=ORIENTED_EDGE('',*,*,#3684,.F.);
#1145=ORIENTED_EDGE('',*,*,#3685,.T.);
#1146=ORIENTED_EDGE('',*,*,#3681,.F.);
#1147=ORIENTED_EDGE('',*,*,#3686,.T.);
#1148=ORIENTED_EDGE('',*,*,#3677,.F.);
#1149=ORIENTED_EDGE('',*,*,#3687,.T.);
#1150=ORIENTED_EDGE('',*,*,#3675,.T.);
#1151=ORIENTED_EDGE('',*,*,#3688,.T.);
#1152=ORIENTED_EDGE('',*,*,#3684,.T.);
#1153=ORIENTED_EDGE('',*,*,#3689,.T.);
#1154=ORIENTED_EDGE('',*,*,#3690,.T.);
#1155=ORIENTED_EDGE('',*,*,#3691,.T.);
#1156=ORIENTED_EDGE('',*,*,#3692,.T.);
#1157=ORIENTED_EDGE('',*,*,#3693,.T.);
#1158=ORIENTED_EDGE('',*,*,#3694,.T.);
#1159=ORIENTED_EDGE('',*,*,#3695,.T.);
#1160=ORIENTED_EDGE('',*,*,#3696,.T.);
#1161=ORIENTED_EDGE('',*,*,#3697,.T.);
#1162=ORIENTED_EDGE('',*,*,#3698,.F.);
#1163=ORIENTED_EDGE('',*,*,#3699,.T.);
#1164=ORIENTED_EDGE('',*,*,#3700,.F.);
#1165=ORIENTED_EDGE('',*,*,#3701,.T.);
#1166=ORIENTED_EDGE('',*,*,#3702,.F.);
#1167=ORIENTED_EDGE('',*,*,#3703,.T.);
#1168=ORIENTED_EDGE('',*,*,#3704,.F.);
#1169=ORIENTED_EDGE('',*,*,#3705,.T.);
#1170=ORIENTED_EDGE('',*,*,#3706,.F.);
#1171=ORIENTED_EDGE('',*,*,#3707,.T.);
#1172=ORIENTED_EDGE('',*,*,#3708,.F.);
#1173=ORIENTED_EDGE('',*,*,#3709,.T.);
#1174=ORIENTED_EDGE('',*,*,#3710,.F.);
#1175=ORIENTED_EDGE('',*,*,#3711,.T.);
#1176=ORIENTED_EDGE('',*,*,#3712,.F.);
#1177=ORIENTED_EDGE('',*,*,#3713,.T.);
#1178=ORIENTED_EDGE('',*,*,#3714,.F.);
#1179=ORIENTED_EDGE('',*,*,#3715,.T.);
#1180=ORIENTED_EDGE('',*,*,#3716,.F.);
#1181=ORIENTED_EDGE('',*,*,#3717,.T.);
#1182=ORIENTED_EDGE('',*,*,#3718,.F.);
#1183=ORIENTED_EDGE('',*,*,#3719,.T.);
#1184=ORIENTED_EDGE('',*,*,#3720,.F.);
#1185=ORIENTED_EDGE('',*,*,#3721,.T.);
#1186=ORIENTED_EDGE('',*,*,#3722,.F.);
#1187=ORIENTED_EDGE('',*,*,#3723,.T.);
#1188=ORIENTED_EDGE('',*,*,#3724,.F.);
#1189=ORIENTED_EDGE('',*,*,#3725,.T.);
#1190=ORIENTED_EDGE('',*,*,#3726,.F.);
#1191=ORIENTED_EDGE('',*,*,#3727,.T.);
#1192=ORIENTED_EDGE('',*,*,#3728,.F.);
#1193=ORIENTED_EDGE('',*,*,#3729,.T.);
#1194=ORIENTED_EDGE('',*,*,#3730,.F.);
#1195=ORIENTED_EDGE('',*,*,#3731,.T.);
#1196=ORIENTED_EDGE('',*,*,#3732,.F.);
#1197=ORIENTED_EDGE('',*,*,#3733,.T.);
#1198=ORIENTED_EDGE('',*,*,#3734,.F.);
#1199=ORIENTED_EDGE('',*,*,#3735,.T.);
#1200=ORIENTED_EDGE('',*,*,#3736,.F.);
#1201=ORIENTED_EDGE('',*,*,#3737,.T.);
#1202=ORIENTED_EDGE('',*,*,#3738,.F.);
#1203=ORIENTED_EDGE('',*,*,#3739,.T.);
#1204=ORIENTED_EDGE('',*,*,#3740,.F.);
#1205=ORIENTED_EDGE('',*,*,#3741,.T.);
#1206=ORIENTED_EDGE('',*,*,#3742,.F.);
#1207=ORIENTED_EDGE('',*,*,#3743,.T.);
#1208=ORIENTED_EDGE('',*,*,#3744,.F.);
#1209=ORIENTED_EDGE('',*,*,#3745,.T.);
#1210=ORIENTED_EDGE('',*,*,#3746,.F.);
#1211=ORIENTED_EDGE('',*,*,#3747,.T.);
#1212=ORIENTED_EDGE('',*,*,#3748,.F.);
#1213=ORIENTED_EDGE('',*,*,#3749,.T.);
#1214=ORIENTED_EDGE('',*,*,#3750,.F.);
#1215=ORIENTED_EDGE('',*,*,#3751,.T.);
#1216=ORIENTED_EDGE('',*,*,#3752,.F.);
#1217=ORIENTED_EDGE('',*,*,#3753,.T.);
#1218=ORIENTED_EDGE('',*,*,#3754,.F.);
#1219=ORIENTED_EDGE('',*,*,#3755,.T.);
#1220=ORIENTED_EDGE('',*,*,#3756,.F.);
#1221=ORIENTED_EDGE('',*,*,#3757,.T.);
#1222=ORIENTED_EDGE('',*,*,#3758,.F.);
#1223=ORIENTED_EDGE('',*,*,#3759,.T.);
#1224=ORIENTED_EDGE('',*,*,#3760,.F.);
#1225=ORIENTED_EDGE('',*,*,#3761,.T.);
#1226=ORIENTED_EDGE('',*,*,#3762,.F.);
#1227=ORIENTED_EDGE('',*,*,#3763,.T.);
#1228=ORIENTED_EDGE('',*,*,#3764,.F.);
#1229=ORIENTED_EDGE('',*,*,#3765,.T.);
#1230=ORIENTED_EDGE('',*,*,#3766,.F.);
#1231=ORIENTED_EDGE('',*,*,#3767,.T.);
#1232=ORIENTED_EDGE('',*,*,#3768,.F.);
#1233=ORIENTED_EDGE('',*,*,#3769,.T.);
#1234=ORIENTED_EDGE('',*,*,#3770,.F.);
#1235=ORIENTED_EDGE('',*,*,#3771,.T.);
#1236=ORIENTED_EDGE('',*,*,#3772,.F.);
#1237=ORIENTED_EDGE('',*,*,#3773,.T.);
#1238=ORIENTED_EDGE('',*,*,#3774,.F.);
#1239=ORIENTED_EDGE('',*,*,#3775,.T.);
#1240=ORIENTED_EDGE('',*,*,#3776,.F.);
#1241=ORIENTED_EDGE('',*,*,#3777,.T.);
#1242=ORIENTED_EDGE('',*,*,#3778,.F.);
#1243=ORIENTED_EDGE('',*,*,#3779,.T.);
#1244=ORIENTED_EDGE('',*,*,#3780,.F.);
#1245=ORIENTED_EDGE('',*,*,#3781,.T.);
#1246=ORIENTED_EDGE('',*,*,#3782,.F.);
#1247=ORIENTED_EDGE('',*,*,#3783,.T.);
#1248=ORIENTED_EDGE('',*,*,#3784,.F.);
#1249=ORIENTED_EDGE('',*,*,#3785,.T.);
#1250=ORIENTED_EDGE('',*,*,#3786,.F.);
#1251=ORIENTED_EDGE('',*,*,#3787,.T.);
#1252=ORIENTED_EDGE('',*,*,#3788,.F.);
#1253=ORIENTED_EDGE('',*,*,#3789,.T.);
#1254=ORIENTED_EDGE('',*,*,#3790,.F.);
#1255=ORIENTED_EDGE('',*,*,#3791,.T.);
#1256=ORIENTED_EDGE('',*,*,#3792,.F.);
#1257=ORIENTED_EDGE('',*,*,#3793,.T.);
#1258=ORIENTED_EDGE('',*,*,#3794,.F.);
#1259=ORIENTED_EDGE('',*,*,#3795,.T.);
#1260=ORIENTED_EDGE('',*,*,#3796,.F.);
#1261=ORIENTED_EDGE('',*,*,#3797,.T.);
#1262=ORIENTED_EDGE('',*,*,#3798,.F.);
#1263=ORIENTED_EDGE('',*,*,#3799,.T.);
#1264=ORIENTED_EDGE('',*,*,#3800,.F.);
#1265=ORIENTED_EDGE('',*,*,#3801,.T.);
#1266=ORIENTED_EDGE('',*,*,#3802,.F.);
#1267=ORIENTED_EDGE('',*,*,#3803,.T.);
#1268=ORIENTED_EDGE('',*,*,#3804,.F.);
#1269=ORIENTED_EDGE('',*,*,#3805,.T.);
#1270=ORIENTED_EDGE('',*,*,#3806,.F.);
#1271=ORIENTED_EDGE('',*,*,#3807,.T.);
#1272=ORIENTED_EDGE('',*,*,#3808,.F.);
#1273=ORIENTED_EDGE('',*,*,#3809,.T.);
#1274=ORIENTED_EDGE('',*,*,#3710,.T.);
#1275=ORIENTED_EDGE('',*,*,#3810,.T.);
#1276=ORIENTED_EDGE('',*,*,#3811,.T.);
#1277=ORIENTED_EDGE('',*,*,#3812,.T.);
#1278=ORIENTED_EDGE('',*,*,#3711,.F.);
#1279=ORIENTED_EDGE('',*,*,#3812,.F.);
#1280=ORIENTED_EDGE('',*,*,#3813,.F.);
#1281=ORIENTED_EDGE('',*,*,#3814,.F.);
#1282=ORIENTED_EDGE('',*,*,#3712,.T.);
#1283=ORIENTED_EDGE('',*,*,#3814,.T.);
#1284=ORIENTED_EDGE('',*,*,#3815,.T.);
#1285=ORIENTED_EDGE('',*,*,#3816,.T.);
#1286=ORIENTED_EDGE('',*,*,#3713,.F.);
#1287=ORIENTED_EDGE('',*,*,#3816,.F.);
#1288=ORIENTED_EDGE('',*,*,#3817,.F.);
#1289=ORIENTED_EDGE('',*,*,#3818,.F.);
#1290=ORIENTED_EDGE('',*,*,#3698,.T.);
#1291=ORIENTED_EDGE('',*,*,#3818,.T.);
#1292=ORIENTED_EDGE('',*,*,#3819,.T.);
#1293=ORIENTED_EDGE('',*,*,#3820,.T.);
#1294=ORIENTED_EDGE('',*,*,#3699,.F.);
#1295=ORIENTED_EDGE('',*,*,#3820,.F.);
#1296=ORIENTED_EDGE('',*,*,#3821,.F.);
#1297=ORIENTED_EDGE('',*,*,#3822,.F.);
#1298=ORIENTED_EDGE('',*,*,#3700,.T.);
#1299=ORIENTED_EDGE('',*,*,#3822,.T.);
#1300=ORIENTED_EDGE('',*,*,#3823,.T.);
#1301=ORIENTED_EDGE('',*,*,#3824,.T.);
#1302=ORIENTED_EDGE('',*,*,#3701,.F.);
#1303=ORIENTED_EDGE('',*,*,#3824,.F.);
#1304=ORIENTED_EDGE('',*,*,#3825,.F.);
#1305=ORIENTED_EDGE('',*,*,#3826,.F.);
#1306=ORIENTED_EDGE('',*,*,#3702,.T.);
#1307=ORIENTED_EDGE('',*,*,#3826,.T.);
#1308=ORIENTED_EDGE('',*,*,#3827,.T.);
#1309=ORIENTED_EDGE('',*,*,#3828,.T.);
#1310=ORIENTED_EDGE('',*,*,#3703,.F.);
#1311=ORIENTED_EDGE('',*,*,#3828,.F.);
#1312=ORIENTED_EDGE('',*,*,#3829,.F.);
#1313=ORIENTED_EDGE('',*,*,#3830,.F.);
#1314=ORIENTED_EDGE('',*,*,#3704,.T.);
#1315=ORIENTED_EDGE('',*,*,#3830,.T.);
#1316=ORIENTED_EDGE('',*,*,#3831,.T.);
#1317=ORIENTED_EDGE('',*,*,#3832,.T.);
#1318=ORIENTED_EDGE('',*,*,#3705,.F.);
#1319=ORIENTED_EDGE('',*,*,#3832,.F.);
#1320=ORIENTED_EDGE('',*,*,#3833,.F.);
#1321=ORIENTED_EDGE('',*,*,#3834,.F.);
#1322=ORIENTED_EDGE('',*,*,#3706,.T.);
#1323=ORIENTED_EDGE('',*,*,#3834,.T.);
#1324=ORIENTED_EDGE('',*,*,#3835,.T.);
#1325=ORIENTED_EDGE('',*,*,#3836,.T.);
#1326=ORIENTED_EDGE('',*,*,#3707,.F.);
#1327=ORIENTED_EDGE('',*,*,#3836,.F.);
#1328=ORIENTED_EDGE('',*,*,#3837,.F.);
#1329=ORIENTED_EDGE('',*,*,#3838,.F.);
#1330=ORIENTED_EDGE('',*,*,#3708,.T.);
#1331=ORIENTED_EDGE('',*,*,#3838,.T.);
#1332=ORIENTED_EDGE('',*,*,#3839,.T.);
#1333=ORIENTED_EDGE('',*,*,#3840,.T.);
#1334=ORIENTED_EDGE('',*,*,#3709,.F.);
#1335=ORIENTED_EDGE('',*,*,#3840,.F.);
#1336=ORIENTED_EDGE('',*,*,#3841,.F.);
#1337=ORIENTED_EDGE('',*,*,#3810,.F.);
#1338=ORIENTED_EDGE('',*,*,#3726,.T.);
#1339=ORIENTED_EDGE('',*,*,#3842,.T.);
#1340=ORIENTED_EDGE('',*,*,#3843,.T.);
#1341=ORIENTED_EDGE('',*,*,#3844,.T.);
#1342=ORIENTED_EDGE('',*,*,#3727,.F.);
#1343=ORIENTED_EDGE('',*,*,#3844,.F.);
#1344=ORIENTED_EDGE('',*,*,#3845,.F.);
#1345=ORIENTED_EDGE('',*,*,#3846,.F.);
#1346=ORIENTED_EDGE('',*,*,#3728,.T.);
#1347=ORIENTED_EDGE('',*,*,#3846,.T.);
#1348=ORIENTED_EDGE('',*,*,#3847,.T.);
#1349=ORIENTED_EDGE('',*,*,#3848,.T.);
#1350=ORIENTED_EDGE('',*,*,#3729,.F.);
#1351=ORIENTED_EDGE('',*,*,#3848,.F.);
#1352=ORIENTED_EDGE('',*,*,#3849,.F.);
#1353=ORIENTED_EDGE('',*,*,#3850,.F.);
#1354=ORIENTED_EDGE('',*,*,#3714,.T.);
#1355=ORIENTED_EDGE('',*,*,#3850,.T.);
#1356=ORIENTED_EDGE('',*,*,#3851,.T.);
#1357=ORIENTED_EDGE('',*,*,#3852,.T.);
#1358=ORIENTED_EDGE('',*,*,#3715,.F.);
#1359=ORIENTED_EDGE('',*,*,#3852,.F.);
#1360=ORIENTED_EDGE('',*,*,#3853,.F.);
#1361=ORIENTED_EDGE('',*,*,#3854,.F.);
#1362=ORIENTED_EDGE('',*,*,#3716,.T.);
#1363=ORIENTED_EDGE('',*,*,#3854,.T.);
#1364=ORIENTED_EDGE('',*,*,#3855,.T.);
#1365=ORIENTED_EDGE('',*,*,#3856,.T.);
#1366=ORIENTED_EDGE('',*,*,#3717,.F.);
#1367=ORIENTED_EDGE('',*,*,#3856,.F.);
#1368=ORIENTED_EDGE('',*,*,#3857,.F.);
#1369=ORIENTED_EDGE('',*,*,#3858,.F.);
#1370=ORIENTED_EDGE('',*,*,#3718,.T.);
#1371=ORIENTED_EDGE('',*,*,#3858,.T.);
#1372=ORIENTED_EDGE('',*,*,#3859,.T.);
#1373=ORIENTED_EDGE('',*,*,#3860,.T.);
#1374=ORIENTED_EDGE('',*,*,#3719,.F.);
#1375=ORIENTED_EDGE('',*,*,#3860,.F.);
#1376=ORIENTED_EDGE('',*,*,#3861,.F.);
#1377=ORIENTED_EDGE('',*,*,#3862,.F.);
#1378=ORIENTED_EDGE('',*,*,#3720,.T.);
#1379=ORIENTED_EDGE('',*,*,#3862,.T.);
#1380=ORIENTED_EDGE('',*,*,#3863,.T.);
#1381=ORIENTED_EDGE('',*,*,#3864,.T.);
#1382=ORIENTED_EDGE('',*,*,#3721,.F.);
#1383=ORIENTED_EDGE('',*,*,#3864,.F.);
#1384=ORIENTED_EDGE('',*,*,#3865,.F.);
#1385=ORIENTED_EDGE('',*,*,#3866,.F.);
#1386=ORIENTED_EDGE('',*,*,#3722,.T.);
#1387=ORIENTED_EDGE('',*,*,#3866,.T.);
#1388=ORIENTED_EDGE('',*,*,#3867,.T.);
#1389=ORIENTED_EDGE('',*,*,#3868,.T.);
#1390=ORIENTED_EDGE('',*,*,#3723,.F.);
#1391=ORIENTED_EDGE('',*,*,#3868,.F.);
#1392=ORIENTED_EDGE('',*,*,#3869,.F.);
#1393=ORIENTED_EDGE('',*,*,#3870,.F.);
#1394=ORIENTED_EDGE('',*,*,#3724,.T.);
#1395=ORIENTED_EDGE('',*,*,#3870,.T.);
#1396=ORIENTED_EDGE('',*,*,#3871,.T.);
#1397=ORIENTED_EDGE('',*,*,#3872,.T.);
#1398=ORIENTED_EDGE('',*,*,#3725,.F.);
#1399=ORIENTED_EDGE('',*,*,#3872,.F.);
#1400=ORIENTED_EDGE('',*,*,#3873,.F.);
#1401=ORIENTED_EDGE('',*,*,#3842,.F.);
#1402=ORIENTED_EDGE('',*,*,#3742,.T.);
#1403=ORIENTED_EDGE('',*,*,#3874,.T.);
#1404=ORIENTED_EDGE('',*,*,#3875,.T.);
#1405=ORIENTED_EDGE('',*,*,#3876,.T.);
#1406=ORIENTED_EDGE('',*,*,#3743,.F.);
#1407=ORIENTED_EDGE('',*,*,#3876,.F.);
#1408=ORIENTED_EDGE('',*,*,#3877,.F.);
#1409=ORIENTED_EDGE('',*,*,#3878,.F.);
#1410=ORIENTED_EDGE('',*,*,#3744,.T.);
#1411=ORIENTED_EDGE('',*,*,#3878,.T.);
#1412=ORIENTED_EDGE('',*,*,#3879,.T.);
#1413=ORIENTED_EDGE('',*,*,#3880,.T.);
#1414=ORIENTED_EDGE('',*,*,#3745,.F.);
#1415=ORIENTED_EDGE('',*,*,#3880,.F.);
#1416=ORIENTED_EDGE('',*,*,#3881,.F.);
#1417=ORIENTED_EDGE('',*,*,#3882,.F.);
#1418=ORIENTED_EDGE('',*,*,#3730,.T.);
#1419=ORIENTED_EDGE('',*,*,#3882,.T.);
#1420=ORIENTED_EDGE('',*,*,#3883,.T.);
#1421=ORIENTED_EDGE('',*,*,#3884,.T.);
#1422=ORIENTED_EDGE('',*,*,#3731,.F.);
#1423=ORIENTED_EDGE('',*,*,#3884,.F.);
#1424=ORIENTED_EDGE('',*,*,#3885,.F.);
#1425=ORIENTED_EDGE('',*,*,#3886,.F.);
#1426=ORIENTED_EDGE('',*,*,#3732,.T.);
#1427=ORIENTED_EDGE('',*,*,#3886,.T.);
#1428=ORIENTED_EDGE('',*,*,#3887,.T.);
#1429=ORIENTED_EDGE('',*,*,#3888,.T.);
#1430=ORIENTED_EDGE('',*,*,#3733,.F.);
#1431=ORIENTED_EDGE('',*,*,#3888,.F.);
#1432=ORIENTED_EDGE('',*,*,#3889,.F.);
#1433=ORIENTED_EDGE('',*,*,#3890,.F.);
#1434=ORIENTED_EDGE('',*,*,#3734,.T.);
#1435=ORIENTED_EDGE('',*,*,#3890,.T.);
#1436=ORIENTED_EDGE('',*,*,#3891,.T.);
#1437=ORIENTED_EDGE('',*,*,#3892,.T.);
#1438=ORIENTED_EDGE('',*,*,#3735,.F.);
#1439=ORIENTED_EDGE('',*,*,#3892,.F.);
#1440=ORIENTED_EDGE('',*,*,#3893,.F.);
#1441=ORIENTED_EDGE('',*,*,#3894,.F.);
#1442=ORIENTED_EDGE('',*,*,#3736,.T.);
#1443=ORIENTED_EDGE('',*,*,#3894,.T.);
#1444=ORIENTED_EDGE('',*,*,#3895,.T.);
#1445=ORIENTED_EDGE('',*,*,#3896,.T.);
#1446=ORIENTED_EDGE('',*,*,#3737,.F.);
#1447=ORIENTED_EDGE('',*,*,#3896,.F.);
#1448=ORIENTED_EDGE('',*,*,#3897,.F.);
#1449=ORIENTED_EDGE('',*,*,#3898,.F.);
#1450=ORIENTED_EDGE('',*,*,#3738,.T.);
#1451=ORIENTED_EDGE('',*,*,#3898,.T.);
#1452=ORIENTED_EDGE('',*,*,#3899,.T.);
#1453=ORIENTED_EDGE('',*,*,#3900,.T.);
#1454=ORIENTED_EDGE('',*,*,#3739,.F.);
#1455=ORIENTED_EDGE('',*,*,#3900,.F.);
#1456=ORIENTED_EDGE('',*,*,#3901,.F.);
#1457=ORIENTED_EDGE('',*,*,#3902,.F.);
#1458=ORIENTED_EDGE('',*,*,#3740,.T.);
#1459=ORIENTED_EDGE('',*,*,#3902,.T.);
#1460=ORIENTED_EDGE('',*,*,#3903,.T.);
#1461=ORIENTED_EDGE('',*,*,#3904,.T.);
#1462=ORIENTED_EDGE('',*,*,#3741,.F.);
#1463=ORIENTED_EDGE('',*,*,#3904,.F.);
#1464=ORIENTED_EDGE('',*,*,#3905,.F.);
#1465=ORIENTED_EDGE('',*,*,#3874,.F.);
#1466=ORIENTED_EDGE('',*,*,#3758,.T.);
#1467=ORIENTED_EDGE('',*,*,#3906,.T.);
#1468=ORIENTED_EDGE('',*,*,#3907,.T.);
#1469=ORIENTED_EDGE('',*,*,#3908,.T.);
#1470=ORIENTED_EDGE('',*,*,#3759,.F.);
#1471=ORIENTED_EDGE('',*,*,#3908,.F.);
#1472=ORIENTED_EDGE('',*,*,#3909,.F.);
#1473=ORIENTED_EDGE('',*,*,#3910,.F.);
#1474=ORIENTED_EDGE('',*,*,#3760,.T.);
#1475=ORIENTED_EDGE('',*,*,#3910,.T.);
#1476=ORIENTED_EDGE('',*,*,#3911,.T.);
#1477=ORIENTED_EDGE('',*,*,#3912,.T.);
#1478=ORIENTED_EDGE('',*,*,#3761,.F.);
#1479=ORIENTED_EDGE('',*,*,#3912,.F.);
#1480=ORIENTED_EDGE('',*,*,#3913,.F.);
#1481=ORIENTED_EDGE('',*,*,#3914,.F.);
#1482=ORIENTED_EDGE('',*,*,#3746,.T.);
#1483=ORIENTED_EDGE('',*,*,#3914,.T.);
#1484=ORIENTED_EDGE('',*,*,#3915,.T.);
#1485=ORIENTED_EDGE('',*,*,#3916,.T.);
#1486=ORIENTED_EDGE('',*,*,#3747,.F.);
#1487=ORIENTED_EDGE('',*,*,#3916,.F.);
#1488=ORIENTED_EDGE('',*,*,#3917,.F.);
#1489=ORIENTED_EDGE('',*,*,#3918,.F.);
#1490=ORIENTED_EDGE('',*,*,#3748,.T.);
#1491=ORIENTED_EDGE('',*,*,#3918,.T.);
#1492=ORIENTED_EDGE('',*,*,#3919,.T.);
#1493=ORIENTED_EDGE('',*,*,#3920,.T.);
#1494=ORIENTED_EDGE('',*,*,#3749,.F.);
#1495=ORIENTED_EDGE('',*,*,#3920,.F.);
#1496=ORIENTED_EDGE('',*,*,#3921,.F.);
#1497=ORIENTED_EDGE('',*,*,#3922,.F.);
#1498=ORIENTED_EDGE('',*,*,#3750,.T.);
#1499=ORIENTED_EDGE('',*,*,#3922,.T.);
#1500=ORIENTED_EDGE('',*,*,#3923,.T.);
#1501=ORIENTED_EDGE('',*,*,#3924,.T.);
#1502=ORIENTED_EDGE('',*,*,#3751,.F.);
#1503=ORIENTED_EDGE('',*,*,#3924,.F.);
#1504=ORIENTED_EDGE('',*,*,#3925,.F.);
#1505=ORIENTED_EDGE('',*,*,#3926,.F.);
#1506=ORIENTED_EDGE('',*,*,#3752,.T.);
#1507=ORIENTED_EDGE('',*,*,#3926,.T.);
#1508=ORIENTED_EDGE('',*,*,#3927,.T.);
#1509=ORIENTED_EDGE('',*,*,#3928,.T.);
#1510=ORIENTED_EDGE('',*,*,#3753,.F.);
#1511=ORIENTED_EDGE('',*,*,#3928,.F.);
#1512=ORIENTED_EDGE('',*,*,#3929,.F.);
#1513=ORIENTED_EDGE('',*,*,#3930,.F.);
#1514=ORIENTED_EDGE('',*,*,#3754,.T.);
#1515=ORIENTED_EDGE('',*,*,#3930,.T.);
#1516=ORIENTED_EDGE('',*,*,#3931,.T.);
#1517=ORIENTED_EDGE('',*,*,#3932,.T.);
#1518=ORIENTED_EDGE('',*,*,#3755,.F.);
#1519=ORIENTED_EDGE('',*,*,#3932,.F.);
#1520=ORIENTED_EDGE('',*,*,#3933,.F.);
#1521=ORIENTED_EDGE('',*,*,#3934,.F.);
#1522=ORIENTED_EDGE('',*,*,#3756,.T.);
#1523=ORIENTED_EDGE('',*,*,#3934,.T.);
#1524=ORIENTED_EDGE('',*,*,#3935,.T.);
#1525=ORIENTED_EDGE('',*,*,#3936,.T.);
#1526=ORIENTED_EDGE('',*,*,#3757,.F.);
#1527=ORIENTED_EDGE('',*,*,#3936,.F.);
#1528=ORIENTED_EDGE('',*,*,#3937,.F.);
#1529=ORIENTED_EDGE('',*,*,#3906,.F.);
#1530=ORIENTED_EDGE('',*,*,#3774,.T.);
#1531=ORIENTED_EDGE('',*,*,#3938,.T.);
#1532=ORIENTED_EDGE('',*,*,#3939,.T.);
#1533=ORIENTED_EDGE('',*,*,#3940,.T.);
#1534=ORIENTED_EDGE('',*,*,#3775,.F.);
#1535=ORIENTED_EDGE('',*,*,#3940,.F.);
#1536=ORIENTED_EDGE('',*,*,#3941,.F.);
#1537=ORIENTED_EDGE('',*,*,#3942,.F.);
#1538=ORIENTED_EDGE('',*,*,#3776,.T.);
#1539=ORIENTED_EDGE('',*,*,#3942,.T.);
#1540=ORIENTED_EDGE('',*,*,#3943,.T.);
#1541=ORIENTED_EDGE('',*,*,#3944,.T.);
#1542=ORIENTED_EDGE('',*,*,#3777,.F.);
#1543=ORIENTED_EDGE('',*,*,#3944,.F.);
#1544=ORIENTED_EDGE('',*,*,#3945,.F.);
#1545=ORIENTED_EDGE('',*,*,#3946,.F.);
#1546=ORIENTED_EDGE('',*,*,#3762,.T.);
#1547=ORIENTED_EDGE('',*,*,#3946,.T.);
#1548=ORIENTED_EDGE('',*,*,#3947,.T.);
#1549=ORIENTED_EDGE('',*,*,#3948,.T.);
#1550=ORIENTED_EDGE('',*,*,#3763,.F.);
#1551=ORIENTED_EDGE('',*,*,#3948,.F.);
#1552=ORIENTED_EDGE('',*,*,#3949,.F.);
#1553=ORIENTED_EDGE('',*,*,#3950,.F.);
#1554=ORIENTED_EDGE('',*,*,#3764,.T.);
#1555=ORIENTED_EDGE('',*,*,#3950,.T.);
#1556=ORIENTED_EDGE('',*,*,#3951,.T.);
#1557=ORIENTED_EDGE('',*,*,#3952,.T.);
#1558=ORIENTED_EDGE('',*,*,#3765,.F.);
#1559=ORIENTED_EDGE('',*,*,#3952,.F.);
#1560=ORIENTED_EDGE('',*,*,#3953,.F.);
#1561=ORIENTED_EDGE('',*,*,#3954,.F.);
#1562=ORIENTED_EDGE('',*,*,#3766,.T.);
#1563=ORIENTED_EDGE('',*,*,#3954,.T.);
#1564=ORIENTED_EDGE('',*,*,#3955,.T.);
#1565=ORIENTED_EDGE('',*,*,#3956,.T.);
#1566=ORIENTED_EDGE('',*,*,#3767,.F.);
#1567=ORIENTED_EDGE('',*,*,#3956,.F.);
#1568=ORIENTED_EDGE('',*,*,#3957,.F.);
#1569=ORIENTED_EDGE('',*,*,#3958,.F.);
#1570=ORIENTED_EDGE('',*,*,#3768,.T.);
#1571=ORIENTED_EDGE('',*,*,#3958,.T.);
#1572=ORIENTED_EDGE('',*,*,#3959,.T.);
#1573=ORIENTED_EDGE('',*,*,#3960,.T.);
#1574=ORIENTED_EDGE('',*,*,#3769,.F.);
#1575=ORIENTED_EDGE('',*,*,#3960,.F.);
#1576=ORIENTED_EDGE('',*,*,#3961,.F.);
#1577=ORIENTED_EDGE('',*,*,#3962,.F.);
#1578=ORIENTED_EDGE('',*,*,#3770,.T.);
#1579=ORIENTED_EDGE('',*,*,#3962,.T.);
#1580=ORIENTED_EDGE('',*,*,#3963,.T.);
#1581=ORIENTED_EDGE('',*,*,#3964,.T.);
#1582=ORIENTED_EDGE('',*,*,#3771,.F.);
#1583=ORIENTED_EDGE('',*,*,#3964,.F.);
#1584=ORIENTED_EDGE('',*,*,#3965,.F.);
#1585=ORIENTED_EDGE('',*,*,#3966,.F.);
#1586=ORIENTED_EDGE('',*,*,#3772,.T.);
#1587=ORIENTED_EDGE('',*,*,#3966,.T.);
#1588=ORIENTED_EDGE('',*,*,#3967,.T.);
#1589=ORIENTED_EDGE('',*,*,#3968,.T.);
#1590=ORIENTED_EDGE('',*,*,#3773,.F.);
#1591=ORIENTED_EDGE('',*,*,#3968,.F.);
#1592=ORIENTED_EDGE('',*,*,#3969,.F.);
#1593=ORIENTED_EDGE('',*,*,#3938,.F.);
#1594=ORIENTED_EDGE('',*,*,#3788,.T.);
#1595=ORIENTED_EDGE('',*,*,#3970,.T.);
#1596=ORIENTED_EDGE('',*,*,#3971,.T.);
#1597=ORIENTED_EDGE('',*,*,#3972,.T.);
#1598=ORIENTED_EDGE('',*,*,#3789,.F.);
#1599=ORIENTED_EDGE('',*,*,#3972,.F.);
#1600=ORIENTED_EDGE('',*,*,#3973,.F.);
#1601=ORIENTED_EDGE('',*,*,#3974,.F.);
#1602=ORIENTED_EDGE('',*,*,#3790,.T.);
#1603=ORIENTED_EDGE('',*,*,#3974,.T.);
#1604=ORIENTED_EDGE('',*,*,#3975,.T.);
#1605=ORIENTED_EDGE('',*,*,#3976,.T.);
#1606=ORIENTED_EDGE('',*,*,#3791,.F.);
#1607=ORIENTED_EDGE('',*,*,#3976,.F.);
#1608=ORIENTED_EDGE('',*,*,#3977,.F.);
#1609=ORIENTED_EDGE('',*,*,#3978,.F.);
#1610=ORIENTED_EDGE('',*,*,#3792,.T.);
#1611=ORIENTED_EDGE('',*,*,#3978,.T.);
#1612=ORIENTED_EDGE('',*,*,#3979,.T.);
#1613=ORIENTED_EDGE('',*,*,#3980,.T.);
#1614=ORIENTED_EDGE('',*,*,#3793,.F.);
#1615=ORIENTED_EDGE('',*,*,#3980,.F.);
#1616=ORIENTED_EDGE('',*,*,#3981,.F.);
#1617=ORIENTED_EDGE('',*,*,#3982,.F.);
#1618=ORIENTED_EDGE('',*,*,#3983,.T.);
#1619=ORIENTED_EDGE('',*,*,#3984,.T.);
#1620=ORIENTED_EDGE('',*,*,#3778,.T.);
#1621=ORIENTED_EDGE('',*,*,#3982,.T.);
#1622=ORIENTED_EDGE('',*,*,#3779,.F.);
#1623=ORIENTED_EDGE('',*,*,#3984,.F.);
#1624=ORIENTED_EDGE('',*,*,#3985,.F.);
#1625=ORIENTED_EDGE('',*,*,#3986,.F.);
#1626=ORIENTED_EDGE('',*,*,#3780,.T.);
#1627=ORIENTED_EDGE('',*,*,#3986,.T.);
#1628=ORIENTED_EDGE('',*,*,#3987,.T.);
#1629=ORIENTED_EDGE('',*,*,#3988,.T.);
#1630=ORIENTED_EDGE('',*,*,#3781,.F.);
#1631=ORIENTED_EDGE('',*,*,#3988,.F.);
#1632=ORIENTED_EDGE('',*,*,#3989,.F.);
#1633=ORIENTED_EDGE('',*,*,#3990,.F.);
#1634=ORIENTED_EDGE('',*,*,#3782,.T.);
#1635=ORIENTED_EDGE('',*,*,#3990,.T.);
#1636=ORIENTED_EDGE('',*,*,#3991,.T.);
#1637=ORIENTED_EDGE('',*,*,#3992,.T.);
#1638=ORIENTED_EDGE('',*,*,#3783,.F.);
#1639=ORIENTED_EDGE('',*,*,#3992,.F.);
#1640=ORIENTED_EDGE('',*,*,#3993,.F.);
#1641=ORIENTED_EDGE('',*,*,#3994,.F.);
#1642=ORIENTED_EDGE('',*,*,#3784,.T.);
#1643=ORIENTED_EDGE('',*,*,#3994,.T.);
#1644=ORIENTED_EDGE('',*,*,#3995,.T.);
#1645=ORIENTED_EDGE('',*,*,#3996,.T.);
#1646=ORIENTED_EDGE('',*,*,#3785,.F.);
#1647=ORIENTED_EDGE('',*,*,#3996,.F.);
#1648=ORIENTED_EDGE('',*,*,#3997,.F.);
#1649=ORIENTED_EDGE('',*,*,#3998,.F.);
#1650=ORIENTED_EDGE('',*,*,#3786,.T.);
#1651=ORIENTED_EDGE('',*,*,#3998,.T.);
#1652=ORIENTED_EDGE('',*,*,#3999,.T.);
#1653=ORIENTED_EDGE('',*,*,#4000,.T.);
#1654=ORIENTED_EDGE('',*,*,#3787,.F.);
#1655=ORIENTED_EDGE('',*,*,#4000,.F.);
#1656=ORIENTED_EDGE('',*,*,#4001,.F.);
#1657=ORIENTED_EDGE('',*,*,#3970,.F.);
#1658=ORIENTED_EDGE('',*,*,#3806,.T.);
#1659=ORIENTED_EDGE('',*,*,#4002,.T.);
#1660=ORIENTED_EDGE('',*,*,#4003,.T.);
#1661=ORIENTED_EDGE('',*,*,#4004,.T.);
#1662=ORIENTED_EDGE('',*,*,#3807,.F.);
#1663=ORIENTED_EDGE('',*,*,#4004,.F.);
#1664=ORIENTED_EDGE('',*,*,#4005,.F.);
#1665=ORIENTED_EDGE('',*,*,#4006,.F.);
#1666=ORIENTED_EDGE('',*,*,#3808,.T.);
#1667=ORIENTED_EDGE('',*,*,#4006,.T.);
#1668=ORIENTED_EDGE('',*,*,#4007,.T.);
#1669=ORIENTED_EDGE('',*,*,#4008,.T.);
#1670=ORIENTED_EDGE('',*,*,#3809,.F.);
#1671=ORIENTED_EDGE('',*,*,#4008,.F.);
#1672=ORIENTED_EDGE('',*,*,#4009,.F.);
#1673=ORIENTED_EDGE('',*,*,#4010,.F.);
#1674=ORIENTED_EDGE('',*,*,#3794,.T.);
#1675=ORIENTED_EDGE('',*,*,#4010,.T.);
#1676=ORIENTED_EDGE('',*,*,#4011,.T.);
#1677=ORIENTED_EDGE('',*,*,#4012,.T.);
#1678=ORIENTED_EDGE('',*,*,#3795,.F.);
#1679=ORIENTED_EDGE('',*,*,#4012,.F.);
#1680=ORIENTED_EDGE('',*,*,#4013,.F.);
#1681=ORIENTED_EDGE('',*,*,#4014,.F.);
#1682=ORIENTED_EDGE('',*,*,#3796,.T.);
#1683=ORIENTED_EDGE('',*,*,#4014,.T.);
#1684=ORIENTED_EDGE('',*,*,#4015,.T.);
#1685=ORIENTED_EDGE('',*,*,#4016,.T.);
#1686=ORIENTED_EDGE('',*,*,#3797,.F.);
#1687=ORIENTED_EDGE('',*,*,#4016,.F.);
#1688=ORIENTED_EDGE('',*,*,#4017,.F.);
#1689=ORIENTED_EDGE('',*,*,#4018,.F.);
#1690=ORIENTED_EDGE('',*,*,#3798,.T.);
#1691=ORIENTED_EDGE('',*,*,#4018,.T.);
#1692=ORIENTED_EDGE('',*,*,#4019,.T.);
#1693=ORIENTED_EDGE('',*,*,#4020,.T.);
#1694=ORIENTED_EDGE('',*,*,#3799,.F.);
#1695=ORIENTED_EDGE('',*,*,#4020,.F.);
#1696=ORIENTED_EDGE('',*,*,#4021,.F.);
#1697=ORIENTED_EDGE('',*,*,#4022,.F.);
#1698=ORIENTED_EDGE('',*,*,#3800,.T.);
#1699=ORIENTED_EDGE('',*,*,#4022,.T.);
#1700=ORIENTED_EDGE('',*,*,#4023,.T.);
#1701=ORIENTED_EDGE('',*,*,#4024,.T.);
#1702=ORIENTED_EDGE('',*,*,#3801,.F.);
#1703=ORIENTED_EDGE('',*,*,#4024,.F.);
#1704=ORIENTED_EDGE('',*,*,#4025,.F.);
#1705=ORIENTED_EDGE('',*,*,#4026,.F.);
#1706=ORIENTED_EDGE('',*,*,#3802,.T.);
#1707=ORIENTED_EDGE('',*,*,#4026,.T.);
#1708=ORIENTED_EDGE('',*,*,#4027,.T.);
#1709=ORIENTED_EDGE('',*,*,#4028,.T.);
#1710=ORIENTED_EDGE('',*,*,#3803,.F.);
#1711=ORIENTED_EDGE('',*,*,#4028,.F.);
#1712=ORIENTED_EDGE('',*,*,#4029,.F.);
#1713=ORIENTED_EDGE('',*,*,#4030,.F.);
#1714=ORIENTED_EDGE('',*,*,#3804,.T.);
#1715=ORIENTED_EDGE('',*,*,#4030,.T.);
#1716=ORIENTED_EDGE('',*,*,#4031,.T.);
#1717=ORIENTED_EDGE('',*,*,#4032,.T.);
#1718=ORIENTED_EDGE('',*,*,#3805,.F.);
#1719=ORIENTED_EDGE('',*,*,#4032,.F.);
#1720=ORIENTED_EDGE('',*,*,#4033,.F.);
#1721=ORIENTED_EDGE('',*,*,#4002,.F.);
#1722=ORIENTED_EDGE('',*,*,#4034,.T.);
#1723=ORIENTED_EDGE('',*,*,#3811,.F.);
#1724=ORIENTED_EDGE('',*,*,#4035,.F.);
#1725=ORIENTED_EDGE('',*,*,#4036,.F.);
#1726=ORIENTED_EDGE('',*,*,#4037,.T.);
#1727=ORIENTED_EDGE('',*,*,#3813,.T.);
#1728=ORIENTED_EDGE('',*,*,#4034,.F.);
#1729=ORIENTED_EDGE('',*,*,#4038,.T.);
#1730=ORIENTED_EDGE('',*,*,#4039,.T.);
#1731=ORIENTED_EDGE('',*,*,#3815,.F.);
#1732=ORIENTED_EDGE('',*,*,#4037,.F.);
#1733=ORIENTED_EDGE('',*,*,#4040,.F.);
#1734=ORIENTED_EDGE('',*,*,#4041,.T.);
#1735=ORIENTED_EDGE('',*,*,#3817,.T.);
#1736=ORIENTED_EDGE('',*,*,#4039,.F.);
#1737=ORIENTED_EDGE('',*,*,#4042,.T.);
#1738=ORIENTED_EDGE('',*,*,#4043,.F.);
#1739=ORIENTED_EDGE('',*,*,#4044,.F.);
#1740=ORIENTED_EDGE('',*,*,#3819,.F.);
#1741=ORIENTED_EDGE('',*,*,#4041,.F.);
#1742=ORIENTED_EDGE('',*,*,#4044,.T.);
#1743=ORIENTED_EDGE('',*,*,#4045,.T.);
#1744=ORIENTED_EDGE('',*,*,#4046,.F.);
#1745=ORIENTED_EDGE('',*,*,#3821,.T.);
#1746=ORIENTED_EDGE('',*,*,#4046,.T.);
#1747=ORIENTED_EDGE('',*,*,#4047,.F.);
#1748=ORIENTED_EDGE('',*,*,#4048,.F.);
#1749=ORIENTED_EDGE('',*,*,#3823,.F.);
#1750=ORIENTED_EDGE('',*,*,#4048,.T.);
#1751=ORIENTED_EDGE('',*,*,#4049,.T.);
#1752=ORIENTED_EDGE('',*,*,#4050,.F.);
#1753=ORIENTED_EDGE('',*,*,#3825,.T.);
#1754=ORIENTED_EDGE('',*,*,#4050,.T.);
#1755=ORIENTED_EDGE('',*,*,#4051,.F.);
#1756=ORIENTED_EDGE('',*,*,#4052,.F.);
#1757=ORIENTED_EDGE('',*,*,#3827,.F.);
#1758=ORIENTED_EDGE('',*,*,#4052,.T.);
#1759=ORIENTED_EDGE('',*,*,#4053,.T.);
#1760=ORIENTED_EDGE('',*,*,#4054,.F.);
#1761=ORIENTED_EDGE('',*,*,#3829,.T.);
#1762=ORIENTED_EDGE('',*,*,#4054,.T.);
#1763=ORIENTED_EDGE('',*,*,#4055,.F.);
#1764=ORIENTED_EDGE('',*,*,#4056,.F.);
#1765=ORIENTED_EDGE('',*,*,#3831,.F.);
#1766=ORIENTED_EDGE('',*,*,#4056,.T.);
#1767=ORIENTED_EDGE('',*,*,#4057,.T.);
#1768=ORIENTED_EDGE('',*,*,#4058,.F.);
#1769=ORIENTED_EDGE('',*,*,#3833,.T.);
#1770=ORIENTED_EDGE('',*,*,#4058,.T.);
#1771=ORIENTED_EDGE('',*,*,#4059,.F.);
#1772=ORIENTED_EDGE('',*,*,#4060,.T.);
#1773=ORIENTED_EDGE('',*,*,#3835,.F.);
#1774=ORIENTED_EDGE('',*,*,#4061,.T.);
#1775=ORIENTED_EDGE('',*,*,#3837,.T.);
#1776=ORIENTED_EDGE('',*,*,#4060,.F.);
#1777=ORIENTED_EDGE('',*,*,#4062,.T.);
#1778=ORIENTED_EDGE('',*,*,#4063,.T.);
#1779=ORIENTED_EDGE('',*,*,#3839,.F.);
#1780=ORIENTED_EDGE('',*,*,#4061,.F.);
#1781=ORIENTED_EDGE('',*,*,#4064,.F.);
#1782=ORIENTED_EDGE('',*,*,#4035,.T.);
#1783=ORIENTED_EDGE('',*,*,#3841,.T.);
#1784=ORIENTED_EDGE('',*,*,#4063,.F.);
#1785=ORIENTED_EDGE('',*,*,#4065,.T.);
#1786=ORIENTED_EDGE('',*,*,#4066,.T.);
#1787=ORIENTED_EDGE('',*,*,#3843,.F.);
#1788=ORIENTED_EDGE('',*,*,#4067,.F.);
#1789=ORIENTED_EDGE('',*,*,#4068,.F.);
#1790=ORIENTED_EDGE('',*,*,#4069,.T.);
#1791=ORIENTED_EDGE('',*,*,#3845,.T.);
#1792=ORIENTED_EDGE('',*,*,#4066,.F.);
#1793=ORIENTED_EDGE('',*,*,#4070,.T.);
#1794=ORIENTED_EDGE('',*,*,#4071,.T.);
#1795=ORIENTED_EDGE('',*,*,#3847,.F.);
#1796=ORIENTED_EDGE('',*,*,#4069,.F.);
#1797=ORIENTED_EDGE('',*,*,#4072,.F.);
#1798=ORIENTED_EDGE('',*,*,#4073,.T.);
#1799=ORIENTED_EDGE('',*,*,#3849,.T.);
#1800=ORIENTED_EDGE('',*,*,#4071,.F.);
#1801=ORIENTED_EDGE('',*,*,#4074,.T.);
#1802=ORIENTED_EDGE('',*,*,#4075,.F.);
#1803=ORIENTED_EDGE('',*,*,#4076,.F.);
#1804=ORIENTED_EDGE('',*,*,#3851,.F.);
#1805=ORIENTED_EDGE('',*,*,#4073,.F.);
#1806=ORIENTED_EDGE('',*,*,#4076,.T.);
#1807=ORIENTED_EDGE('',*,*,#4077,.T.);
#1808=ORIENTED_EDGE('',*,*,#4078,.F.);
#1809=ORIENTED_EDGE('',*,*,#3853,.T.);
#1810=ORIENTED_EDGE('',*,*,#4078,.T.);
#1811=ORIENTED_EDGE('',*,*,#4079,.F.);
#1812=ORIENTED_EDGE('',*,*,#4080,.F.);
#1813=ORIENTED_EDGE('',*,*,#3855,.F.);
#1814=ORIENTED_EDGE('',*,*,#4080,.T.);
#1815=ORIENTED_EDGE('',*,*,#4081,.T.);
#1816=ORIENTED_EDGE('',*,*,#4082,.F.);
#1817=ORIENTED_EDGE('',*,*,#3857,.T.);
#1818=ORIENTED_EDGE('',*,*,#4082,.T.);
#1819=ORIENTED_EDGE('',*,*,#4083,.F.);
#1820=ORIENTED_EDGE('',*,*,#4084,.F.);
#1821=ORIENTED_EDGE('',*,*,#3859,.F.);
#1822=ORIENTED_EDGE('',*,*,#4084,.T.);
#1823=ORIENTED_EDGE('',*,*,#4085,.T.);
#1824=ORIENTED_EDGE('',*,*,#4086,.F.);
#1825=ORIENTED_EDGE('',*,*,#3861,.T.);
#1826=ORIENTED_EDGE('',*,*,#4086,.T.);
#1827=ORIENTED_EDGE('',*,*,#4087,.F.);
#1828=ORIENTED_EDGE('',*,*,#4088,.F.);
#1829=ORIENTED_EDGE('',*,*,#3863,.F.);
#1830=ORIENTED_EDGE('',*,*,#4088,.T.);
#1831=ORIENTED_EDGE('',*,*,#4089,.T.);
#1832=ORIENTED_EDGE('',*,*,#4090,.F.);
#1833=ORIENTED_EDGE('',*,*,#3865,.T.);
#1834=ORIENTED_EDGE('',*,*,#4090,.T.);
#1835=ORIENTED_EDGE('',*,*,#4091,.F.);
#1836=ORIENTED_EDGE('',*,*,#4092,.T.);
#1837=ORIENTED_EDGE('',*,*,#3867,.F.);
#1838=ORIENTED_EDGE('',*,*,#4093,.T.);
#1839=ORIENTED_EDGE('',*,*,#3869,.T.);
#1840=ORIENTED_EDGE('',*,*,#4092,.F.);
#1841=ORIENTED_EDGE('',*,*,#4094,.T.);
#1842=ORIENTED_EDGE('',*,*,#4095,.T.);
#1843=ORIENTED_EDGE('',*,*,#3871,.F.);
#1844=ORIENTED_EDGE('',*,*,#4093,.F.);
#1845=ORIENTED_EDGE('',*,*,#4096,.F.);
#1846=ORIENTED_EDGE('',*,*,#4067,.T.);
#1847=ORIENTED_EDGE('',*,*,#3873,.T.);
#1848=ORIENTED_EDGE('',*,*,#4095,.F.);
#1849=ORIENTED_EDGE('',*,*,#4097,.T.);
#1850=ORIENTED_EDGE('',*,*,#4098,.T.);
#1851=ORIENTED_EDGE('',*,*,#3875,.F.);
#1852=ORIENTED_EDGE('',*,*,#4099,.F.);
#1853=ORIENTED_EDGE('',*,*,#4100,.F.);
#1854=ORIENTED_EDGE('',*,*,#4101,.T.);
#1855=ORIENTED_EDGE('',*,*,#3877,.T.);
#1856=ORIENTED_EDGE('',*,*,#4098,.F.);
#1857=ORIENTED_EDGE('',*,*,#4102,.T.);
#1858=ORIENTED_EDGE('',*,*,#4103,.T.);
#1859=ORIENTED_EDGE('',*,*,#3879,.F.);
#1860=ORIENTED_EDGE('',*,*,#4101,.F.);
#1861=ORIENTED_EDGE('',*,*,#4104,.F.);
#1862=ORIENTED_EDGE('',*,*,#4105,.T.);
#1863=ORIENTED_EDGE('',*,*,#3881,.T.);
#1864=ORIENTED_EDGE('',*,*,#4103,.F.);
#1865=ORIENTED_EDGE('',*,*,#4106,.T.);
#1866=ORIENTED_EDGE('',*,*,#4107,.F.);
#1867=ORIENTED_EDGE('',*,*,#4108,.F.);
#1868=ORIENTED_EDGE('',*,*,#3883,.F.);
#1869=ORIENTED_EDGE('',*,*,#4105,.F.);
#1870=ORIENTED_EDGE('',*,*,#4108,.T.);
#1871=ORIENTED_EDGE('',*,*,#4109,.T.);
#1872=ORIENTED_EDGE('',*,*,#4110,.F.);
#1873=ORIENTED_EDGE('',*,*,#3885,.T.);
#1874=ORIENTED_EDGE('',*,*,#4110,.T.);
#1875=ORIENTED_EDGE('',*,*,#4111,.F.);
#1876=ORIENTED_EDGE('',*,*,#4112,.F.);
#1877=ORIENTED_EDGE('',*,*,#3887,.F.);
#1878=ORIENTED_EDGE('',*,*,#4112,.T.);
#1879=ORIENTED_EDGE('',*,*,#4113,.T.);
#1880=ORIENTED_EDGE('',*,*,#4114,.F.);
#1881=ORIENTED_EDGE('',*,*,#3889,.T.);
#1882=ORIENTED_EDGE('',*,*,#4114,.T.);
#1883=ORIENTED_EDGE('',*,*,#4115,.F.);
#1884=ORIENTED_EDGE('',*,*,#4116,.F.);
#1885=ORIENTED_EDGE('',*,*,#3891,.F.);
#1886=ORIENTED_EDGE('',*,*,#4116,.T.);
#1887=ORIENTED_EDGE('',*,*,#4117,.T.);
#1888=ORIENTED_EDGE('',*,*,#4118,.F.);
#1889=ORIENTED_EDGE('',*,*,#3893,.T.);
#1890=ORIENTED_EDGE('',*,*,#4118,.T.);
#1891=ORIENTED_EDGE('',*,*,#4119,.F.);
#1892=ORIENTED_EDGE('',*,*,#4120,.F.);
#1893=ORIENTED_EDGE('',*,*,#3895,.F.);
#1894=ORIENTED_EDGE('',*,*,#4120,.T.);
#1895=ORIENTED_EDGE('',*,*,#4121,.T.);
#1896=ORIENTED_EDGE('',*,*,#4122,.F.);
#1897=ORIENTED_EDGE('',*,*,#3897,.T.);
#1898=ORIENTED_EDGE('',*,*,#4122,.T.);
#1899=ORIENTED_EDGE('',*,*,#4123,.F.);
#1900=ORIENTED_EDGE('',*,*,#4124,.T.);
#1901=ORIENTED_EDGE('',*,*,#3899,.F.);
#1902=ORIENTED_EDGE('',*,*,#4125,.T.);
#1903=ORIENTED_EDGE('',*,*,#3901,.T.);
#1904=ORIENTED_EDGE('',*,*,#4124,.F.);
#1905=ORIENTED_EDGE('',*,*,#4126,.T.);
#1906=ORIENTED_EDGE('',*,*,#4127,.T.);
#1907=ORIENTED_EDGE('',*,*,#3903,.F.);
#1908=ORIENTED_EDGE('',*,*,#4125,.F.);
#1909=ORIENTED_EDGE('',*,*,#4128,.F.);
#1910=ORIENTED_EDGE('',*,*,#4099,.T.);
#1911=ORIENTED_EDGE('',*,*,#3905,.T.);
#1912=ORIENTED_EDGE('',*,*,#4127,.F.);
#1913=ORIENTED_EDGE('',*,*,#4129,.T.);
#1914=ORIENTED_EDGE('',*,*,#4130,.T.);
#1915=ORIENTED_EDGE('',*,*,#3907,.F.);
#1916=ORIENTED_EDGE('',*,*,#4131,.F.);
#1917=ORIENTED_EDGE('',*,*,#4132,.F.);
#1918=ORIENTED_EDGE('',*,*,#4133,.T.);
#1919=ORIENTED_EDGE('',*,*,#3909,.T.);
#1920=ORIENTED_EDGE('',*,*,#4130,.F.);
#1921=ORIENTED_EDGE('',*,*,#4134,.T.);
#1922=ORIENTED_EDGE('',*,*,#4135,.T.);
#1923=ORIENTED_EDGE('',*,*,#3911,.F.);
#1924=ORIENTED_EDGE('',*,*,#4133,.F.);
#1925=ORIENTED_EDGE('',*,*,#4136,.F.);
#1926=ORIENTED_EDGE('',*,*,#4137,.T.);
#1927=ORIENTED_EDGE('',*,*,#3913,.T.);
#1928=ORIENTED_EDGE('',*,*,#4135,.F.);
#1929=ORIENTED_EDGE('',*,*,#4138,.T.);
#1930=ORIENTED_EDGE('',*,*,#4139,.F.);
#1931=ORIENTED_EDGE('',*,*,#4140,.F.);
#1932=ORIENTED_EDGE('',*,*,#3915,.F.);
#1933=ORIENTED_EDGE('',*,*,#4137,.F.);
#1934=ORIENTED_EDGE('',*,*,#4140,.T.);
#1935=ORIENTED_EDGE('',*,*,#4141,.T.);
#1936=ORIENTED_EDGE('',*,*,#4142,.F.);
#1937=ORIENTED_EDGE('',*,*,#3917,.T.);
#1938=ORIENTED_EDGE('',*,*,#4142,.T.);
#1939=ORIENTED_EDGE('',*,*,#4143,.F.);
#1940=ORIENTED_EDGE('',*,*,#4144,.F.);
#1941=ORIENTED_EDGE('',*,*,#3919,.F.);
#1942=ORIENTED_EDGE('',*,*,#4144,.T.);
#1943=ORIENTED_EDGE('',*,*,#4145,.T.);
#1944=ORIENTED_EDGE('',*,*,#4146,.F.);
#1945=ORIENTED_EDGE('',*,*,#3921,.T.);
#1946=ORIENTED_EDGE('',*,*,#4146,.T.);
#1947=ORIENTED_EDGE('',*,*,#4147,.F.);
#1948=ORIENTED_EDGE('',*,*,#4148,.F.);
#1949=ORIENTED_EDGE('',*,*,#3923,.F.);
#1950=ORIENTED_EDGE('',*,*,#4148,.T.);
#1951=ORIENTED_EDGE('',*,*,#4149,.T.);
#1952=ORIENTED_EDGE('',*,*,#4150,.F.);
#1953=ORIENTED_EDGE('',*,*,#3925,.T.);
#1954=ORIENTED_EDGE('',*,*,#4150,.T.);
#1955=ORIENTED_EDGE('',*,*,#4151,.F.);
#1956=ORIENTED_EDGE('',*,*,#4152,.F.);
#1957=ORIENTED_EDGE('',*,*,#3927,.F.);
#1958=ORIENTED_EDGE('',*,*,#4152,.T.);
#1959=ORIENTED_EDGE('',*,*,#4153,.T.);
#1960=ORIENTED_EDGE('',*,*,#4154,.F.);
#1961=ORIENTED_EDGE('',*,*,#3929,.T.);
#1962=ORIENTED_EDGE('',*,*,#4154,.T.);
#1963=ORIENTED_EDGE('',*,*,#4155,.F.);
#1964=ORIENTED_EDGE('',*,*,#4156,.T.);
#1965=ORIENTED_EDGE('',*,*,#3931,.F.);
#1966=ORIENTED_EDGE('',*,*,#4157,.T.);
#1967=ORIENTED_EDGE('',*,*,#3933,.T.);
#1968=ORIENTED_EDGE('',*,*,#4156,.F.);
#1969=ORIENTED_EDGE('',*,*,#4158,.T.);
#1970=ORIENTED_EDGE('',*,*,#4159,.T.);
#1971=ORIENTED_EDGE('',*,*,#3935,.F.);
#1972=ORIENTED_EDGE('',*,*,#4157,.F.);
#1973=ORIENTED_EDGE('',*,*,#4160,.F.);
#1974=ORIENTED_EDGE('',*,*,#4131,.T.);
#1975=ORIENTED_EDGE('',*,*,#3937,.T.);
#1976=ORIENTED_EDGE('',*,*,#4159,.F.);
#1977=ORIENTED_EDGE('',*,*,#4161,.T.);
#1978=ORIENTED_EDGE('',*,*,#4162,.T.);
#1979=ORIENTED_EDGE('',*,*,#3939,.F.);
#1980=ORIENTED_EDGE('',*,*,#4163,.F.);
#1981=ORIENTED_EDGE('',*,*,#4164,.F.);
#1982=ORIENTED_EDGE('',*,*,#4165,.T.);
#1983=ORIENTED_EDGE('',*,*,#3941,.T.);
#1984=ORIENTED_EDGE('',*,*,#4162,.F.);
#1985=ORIENTED_EDGE('',*,*,#4166,.T.);
#1986=ORIENTED_EDGE('',*,*,#4167,.T.);
#1987=ORIENTED_EDGE('',*,*,#3943,.F.);
#1988=ORIENTED_EDGE('',*,*,#4165,.F.);
#1989=ORIENTED_EDGE('',*,*,#4168,.F.);
#1990=ORIENTED_EDGE('',*,*,#4169,.T.);
#1991=ORIENTED_EDGE('',*,*,#3945,.T.);
#1992=ORIENTED_EDGE('',*,*,#4167,.F.);
#1993=ORIENTED_EDGE('',*,*,#4170,.T.);
#1994=ORIENTED_EDGE('',*,*,#4171,.F.);
#1995=ORIENTED_EDGE('',*,*,#4172,.F.);
#1996=ORIENTED_EDGE('',*,*,#3947,.F.);
#1997=ORIENTED_EDGE('',*,*,#4169,.F.);
#1998=ORIENTED_EDGE('',*,*,#4172,.T.);
#1999=ORIENTED_EDGE('',*,*,#4173,.T.);
#2000=ORIENTED_EDGE('',*,*,#4174,.F.);
#2001=ORIENTED_EDGE('',*,*,#3949,.T.);
#2002=ORIENTED_EDGE('',*,*,#4174,.T.);
#2003=ORIENTED_EDGE('',*,*,#4175,.F.);
#2004=ORIENTED_EDGE('',*,*,#4176,.F.);
#2005=ORIENTED_EDGE('',*,*,#3951,.F.);
#2006=ORIENTED_EDGE('',*,*,#4176,.T.);
#2007=ORIENTED_EDGE('',*,*,#4177,.T.);
#2008=ORIENTED_EDGE('',*,*,#4178,.F.);
#2009=ORIENTED_EDGE('',*,*,#3953,.T.);
#2010=ORIENTED_EDGE('',*,*,#4178,.T.);
#2011=ORIENTED_EDGE('',*,*,#4179,.F.);
#2012=ORIENTED_EDGE('',*,*,#4180,.F.);
#2013=ORIENTED_EDGE('',*,*,#3955,.F.);
#2014=ORIENTED_EDGE('',*,*,#4180,.T.);
#2015=ORIENTED_EDGE('',*,*,#4181,.T.);
#2016=ORIENTED_EDGE('',*,*,#4182,.F.);
#2017=ORIENTED_EDGE('',*,*,#3957,.T.);
#2018=ORIENTED_EDGE('',*,*,#4182,.T.);
#2019=ORIENTED_EDGE('',*,*,#4183,.F.);
#2020=ORIENTED_EDGE('',*,*,#4184,.F.);
#2021=ORIENTED_EDGE('',*,*,#3959,.F.);
#2022=ORIENTED_EDGE('',*,*,#4184,.T.);
#2023=ORIENTED_EDGE('',*,*,#4185,.T.);
#2024=ORIENTED_EDGE('',*,*,#4186,.F.);
#2025=ORIENTED_EDGE('',*,*,#3961,.T.);
#2026=ORIENTED_EDGE('',*,*,#4186,.T.);
#2027=ORIENTED_EDGE('',*,*,#4187,.F.);
#2028=ORIENTED_EDGE('',*,*,#4188,.T.);
#2029=ORIENTED_EDGE('',*,*,#3963,.F.);
#2030=ORIENTED_EDGE('',*,*,#4189,.T.);
#2031=ORIENTED_EDGE('',*,*,#3965,.T.);
#2032=ORIENTED_EDGE('',*,*,#4188,.F.);
#2033=ORIENTED_EDGE('',*,*,#4190,.T.);
#2034=ORIENTED_EDGE('',*,*,#4191,.T.);
#2035=ORIENTED_EDGE('',*,*,#3967,.F.);
#2036=ORIENTED_EDGE('',*,*,#4189,.F.);
#2037=ORIENTED_EDGE('',*,*,#4192,.F.);
#2038=ORIENTED_EDGE('',*,*,#4163,.T.);
#2039=ORIENTED_EDGE('',*,*,#3969,.T.);
#2040=ORIENTED_EDGE('',*,*,#4191,.F.);
#2041=ORIENTED_EDGE('',*,*,#4193,.T.);
#2042=ORIENTED_EDGE('',*,*,#4194,.T.);
#2043=ORIENTED_EDGE('',*,*,#3971,.F.);
#2044=ORIENTED_EDGE('',*,*,#4195,.F.);
#2045=ORIENTED_EDGE('',*,*,#4196,.F.);
#2046=ORIENTED_EDGE('',*,*,#4197,.T.);
#2047=ORIENTED_EDGE('',*,*,#3973,.T.);
#2048=ORIENTED_EDGE('',*,*,#4194,.F.);
#2049=ORIENTED_EDGE('',*,*,#4198,.T.);
#2050=ORIENTED_EDGE('',*,*,#4199,.T.);
#2051=ORIENTED_EDGE('',*,*,#3975,.F.);
#2052=ORIENTED_EDGE('',*,*,#4197,.F.);
#2053=ORIENTED_EDGE('',*,*,#4200,.F.);
#2054=ORIENTED_EDGE('',*,*,#4201,.T.);
#2055=ORIENTED_EDGE('',*,*,#3977,.T.);
#2056=ORIENTED_EDGE('',*,*,#4199,.F.);
#2057=ORIENTED_EDGE('',*,*,#4202,.T.);
#2058=ORIENTED_EDGE('',*,*,#4203,.F.);
#2059=ORIENTED_EDGE('',*,*,#4204,.F.);
#2060=ORIENTED_EDGE('',*,*,#3979,.F.);
#2061=ORIENTED_EDGE('',*,*,#4201,.F.);
#2062=ORIENTED_EDGE('',*,*,#4204,.T.);
#2063=ORIENTED_EDGE('',*,*,#4205,.T.);
#2064=ORIENTED_EDGE('',*,*,#4206,.F.);
#2065=ORIENTED_EDGE('',*,*,#3981,.T.);
#2066=ORIENTED_EDGE('',*,*,#4206,.T.);
#2067=ORIENTED_EDGE('',*,*,#4207,.F.);
#2068=ORIENTED_EDGE('',*,*,#4208,.F.);
#2069=ORIENTED_EDGE('',*,*,#3983,.F.);
#2070=ORIENTED_EDGE('',*,*,#4208,.T.);
#2071=ORIENTED_EDGE('',*,*,#4209,.T.);
#2072=ORIENTED_EDGE('',*,*,#4210,.F.);
#2073=ORIENTED_EDGE('',*,*,#3985,.T.);
#2074=ORIENTED_EDGE('',*,*,#4210,.T.);
#2075=ORIENTED_EDGE('',*,*,#4211,.F.);
#2076=ORIENTED_EDGE('',*,*,#4212,.F.);
#2077=ORIENTED_EDGE('',*,*,#3987,.F.);
#2078=ORIENTED_EDGE('',*,*,#4212,.T.);
#2079=ORIENTED_EDGE('',*,*,#4213,.T.);
#2080=ORIENTED_EDGE('',*,*,#4214,.F.);
#2081=ORIENTED_EDGE('',*,*,#3989,.T.);
#2082=ORIENTED_EDGE('',*,*,#4214,.T.);
#2083=ORIENTED_EDGE('',*,*,#4215,.F.);
#2084=ORIENTED_EDGE('',*,*,#4216,.F.);
#2085=ORIENTED_EDGE('',*,*,#3991,.F.);
#2086=ORIENTED_EDGE('',*,*,#4216,.T.);
#2087=ORIENTED_EDGE('',*,*,#4217,.T.);
#2088=ORIENTED_EDGE('',*,*,#4218,.F.);
#2089=ORIENTED_EDGE('',*,*,#3993,.T.);
#2090=ORIENTED_EDGE('',*,*,#4218,.T.);
#2091=ORIENTED_EDGE('',*,*,#4219,.F.);
#2092=ORIENTED_EDGE('',*,*,#4220,.T.);
#2093=ORIENTED_EDGE('',*,*,#3995,.F.);
#2094=ORIENTED_EDGE('',*,*,#4221,.T.);
#2095=ORIENTED_EDGE('',*,*,#3997,.T.);
#2096=ORIENTED_EDGE('',*,*,#4220,.F.);
#2097=ORIENTED_EDGE('',*,*,#4222,.T.);
#2098=ORIENTED_EDGE('',*,*,#4223,.T.);
#2099=ORIENTED_EDGE('',*,*,#3999,.F.);
#2100=ORIENTED_EDGE('',*,*,#4221,.F.);
#2101=ORIENTED_EDGE('',*,*,#4224,.F.);
#2102=ORIENTED_EDGE('',*,*,#4195,.T.);
#2103=ORIENTED_EDGE('',*,*,#4001,.T.);
#2104=ORIENTED_EDGE('',*,*,#4223,.F.);
#2105=ORIENTED_EDGE('',*,*,#4225,.T.);
#2106=ORIENTED_EDGE('',*,*,#4226,.T.);
#2107=ORIENTED_EDGE('',*,*,#4003,.F.);
#2108=ORIENTED_EDGE('',*,*,#4227,.F.);
#2109=ORIENTED_EDGE('',*,*,#4228,.F.);
#2110=ORIENTED_EDGE('',*,*,#4229,.T.);
#2111=ORIENTED_EDGE('',*,*,#4005,.T.);
#2112=ORIENTED_EDGE('',*,*,#4226,.F.);
#2113=ORIENTED_EDGE('',*,*,#4230,.T.);
#2114=ORIENTED_EDGE('',*,*,#4231,.T.);
#2115=ORIENTED_EDGE('',*,*,#4007,.F.);
#2116=ORIENTED_EDGE('',*,*,#4229,.F.);
#2117=ORIENTED_EDGE('',*,*,#4232,.F.);
#2118=ORIENTED_EDGE('',*,*,#4233,.T.);
#2119=ORIENTED_EDGE('',*,*,#4009,.T.);
#2120=ORIENTED_EDGE('',*,*,#4231,.F.);
#2121=ORIENTED_EDGE('',*,*,#4234,.T.);
#2122=ORIENTED_EDGE('',*,*,#4235,.F.);
#2123=ORIENTED_EDGE('',*,*,#4236,.F.);
#2124=ORIENTED_EDGE('',*,*,#4011,.F.);
#2125=ORIENTED_EDGE('',*,*,#4233,.F.);
#2126=ORIENTED_EDGE('',*,*,#4236,.T.);
#2127=ORIENTED_EDGE('',*,*,#4237,.T.);
#2128=ORIENTED_EDGE('',*,*,#4238,.F.);
#2129=ORIENTED_EDGE('',*,*,#4013,.T.);
#2130=ORIENTED_EDGE('',*,*,#4238,.T.);
#2131=ORIENTED_EDGE('',*,*,#4239,.F.);
#2132=ORIENTED_EDGE('',*,*,#4240,.F.);
#2133=ORIENTED_EDGE('',*,*,#4015,.F.);
#2134=ORIENTED_EDGE('',*,*,#4240,.T.);
#2135=ORIENTED_EDGE('',*,*,#4241,.T.);
#2136=ORIENTED_EDGE('',*,*,#4242,.F.);
#2137=ORIENTED_EDGE('',*,*,#4017,.T.);
#2138=ORIENTED_EDGE('',*,*,#4242,.T.);
#2139=ORIENTED_EDGE('',*,*,#4243,.F.);
#2140=ORIENTED_EDGE('',*,*,#4244,.F.);
#2141=ORIENTED_EDGE('',*,*,#4019,.F.);
#2142=ORIENTED_EDGE('',*,*,#4244,.T.);
#2143=ORIENTED_EDGE('',*,*,#4245,.T.);
#2144=ORIENTED_EDGE('',*,*,#4246,.F.);
#2145=ORIENTED_EDGE('',*,*,#4021,.T.);
#2146=ORIENTED_EDGE('',*,*,#4246,.T.);
#2147=ORIENTED_EDGE('',*,*,#4247,.F.);
#2148=ORIENTED_EDGE('',*,*,#4248,.F.);
#2149=ORIENTED_EDGE('',*,*,#4023,.F.);
#2150=ORIENTED_EDGE('',*,*,#4248,.T.);
#2151=ORIENTED_EDGE('',*,*,#4249,.T.);
#2152=ORIENTED_EDGE('',*,*,#4250,.F.);
#2153=ORIENTED_EDGE('',*,*,#4025,.T.);
#2154=ORIENTED_EDGE('',*,*,#4250,.T.);
#2155=ORIENTED_EDGE('',*,*,#4251,.F.);
#2156=ORIENTED_EDGE('',*,*,#4252,.T.);
#2157=ORIENTED_EDGE('',*,*,#4027,.F.);
#2158=ORIENTED_EDGE('',*,*,#4253,.T.);
#2159=ORIENTED_EDGE('',*,*,#4029,.T.);
#2160=ORIENTED_EDGE('',*,*,#4252,.F.);
#2161=ORIENTED_EDGE('',*,*,#4254,.T.);
#2162=ORIENTED_EDGE('',*,*,#4255,.T.);
#2163=ORIENTED_EDGE('',*,*,#4031,.F.);
#2164=ORIENTED_EDGE('',*,*,#4253,.F.);
#2165=ORIENTED_EDGE('',*,*,#4256,.F.);
#2166=ORIENTED_EDGE('',*,*,#4227,.T.);
#2167=ORIENTED_EDGE('',*,*,#4033,.T.);
#2168=ORIENTED_EDGE('',*,*,#4255,.F.);
#2169=ORIENTED_EDGE('',*,*,#4257,.T.);
#2170=ORIENTED_EDGE('',*,*,#4065,.F.);
#2171=ORIENTED_EDGE('',*,*,#4064,.T.);
#2172=ORIENTED_EDGE('',*,*,#4062,.F.);
#2173=ORIENTED_EDGE('',*,*,#4059,.T.);
#2174=ORIENTED_EDGE('',*,*,#4057,.F.);
#2175=ORIENTED_EDGE('',*,*,#4055,.T.);
#2176=ORIENTED_EDGE('',*,*,#4053,.F.);
#2177=ORIENTED_EDGE('',*,*,#4051,.T.);
#2178=ORIENTED_EDGE('',*,*,#4049,.F.);
#2179=ORIENTED_EDGE('',*,*,#4047,.T.);
#2180=ORIENTED_EDGE('',*,*,#4045,.F.);
#2181=ORIENTED_EDGE('',*,*,#4043,.T.);
#2182=ORIENTED_EDGE('',*,*,#4042,.F.);
#2183=ORIENTED_EDGE('',*,*,#4040,.T.);
#2184=ORIENTED_EDGE('',*,*,#4038,.F.);
#2185=ORIENTED_EDGE('',*,*,#4036,.T.);
#2186=ORIENTED_EDGE('',*,*,#4258,.T.);
#2187=ORIENTED_EDGE('',*,*,#4097,.F.);
#2188=ORIENTED_EDGE('',*,*,#4096,.T.);
#2189=ORIENTED_EDGE('',*,*,#4094,.F.);
#2190=ORIENTED_EDGE('',*,*,#4091,.T.);
#2191=ORIENTED_EDGE('',*,*,#4089,.F.);
#2192=ORIENTED_EDGE('',*,*,#4087,.T.);
#2193=ORIENTED_EDGE('',*,*,#4085,.F.);
#2194=ORIENTED_EDGE('',*,*,#4083,.T.);
#2195=ORIENTED_EDGE('',*,*,#4081,.F.);
#2196=ORIENTED_EDGE('',*,*,#4079,.T.);
#2197=ORIENTED_EDGE('',*,*,#4077,.F.);
#2198=ORIENTED_EDGE('',*,*,#4075,.T.);
#2199=ORIENTED_EDGE('',*,*,#4074,.F.);
#2200=ORIENTED_EDGE('',*,*,#4072,.T.);
#2201=ORIENTED_EDGE('',*,*,#4070,.F.);
#2202=ORIENTED_EDGE('',*,*,#4068,.T.);
#2203=ORIENTED_EDGE('',*,*,#4259,.T.);
#2204=ORIENTED_EDGE('',*,*,#4129,.F.);
#2205=ORIENTED_EDGE('',*,*,#4128,.T.);
#2206=ORIENTED_EDGE('',*,*,#4126,.F.);
#2207=ORIENTED_EDGE('',*,*,#4123,.T.);
#2208=ORIENTED_EDGE('',*,*,#4121,.F.);
#2209=ORIENTED_EDGE('',*,*,#4119,.T.);
#2210=ORIENTED_EDGE('',*,*,#4117,.F.);
#2211=ORIENTED_EDGE('',*,*,#4115,.T.);
#2212=ORIENTED_EDGE('',*,*,#4113,.F.);
#2213=ORIENTED_EDGE('',*,*,#4111,.T.);
#2214=ORIENTED_EDGE('',*,*,#4109,.F.);
#2215=ORIENTED_EDGE('',*,*,#4107,.T.);
#2216=ORIENTED_EDGE('',*,*,#4106,.F.);
#2217=ORIENTED_EDGE('',*,*,#4104,.T.);
#2218=ORIENTED_EDGE('',*,*,#4102,.F.);
#2219=ORIENTED_EDGE('',*,*,#4100,.T.);
#2220=ORIENTED_EDGE('',*,*,#4260,.T.);
#2221=ORIENTED_EDGE('',*,*,#4161,.F.);
#2222=ORIENTED_EDGE('',*,*,#4160,.T.);
#2223=ORIENTED_EDGE('',*,*,#4158,.F.);
#2224=ORIENTED_EDGE('',*,*,#4155,.T.);
#2225=ORIENTED_EDGE('',*,*,#4153,.F.);
#2226=ORIENTED_EDGE('',*,*,#4151,.T.);
#2227=ORIENTED_EDGE('',*,*,#4149,.F.);
#2228=ORIENTED_EDGE('',*,*,#4147,.T.);
#2229=ORIENTED_EDGE('',*,*,#4145,.F.);
#2230=ORIENTED_EDGE('',*,*,#4143,.T.);
#2231=ORIENTED_EDGE('',*,*,#4141,.F.);
#2232=ORIENTED_EDGE('',*,*,#4139,.T.);
#2233=ORIENTED_EDGE('',*,*,#4138,.F.);
#2234=ORIENTED_EDGE('',*,*,#4136,.T.);
#2235=ORIENTED_EDGE('',*,*,#4134,.F.);
#2236=ORIENTED_EDGE('',*,*,#4132,.T.);
#2237=ORIENTED_EDGE('',*,*,#4261,.T.);
#2238=ORIENTED_EDGE('',*,*,#4193,.F.);
#2239=ORIENTED_EDGE('',*,*,#4192,.T.);
#2240=ORIENTED_EDGE('',*,*,#4190,.F.);
#2241=ORIENTED_EDGE('',*,*,#4187,.T.);
#2242=ORIENTED_EDGE('',*,*,#4185,.F.);
#2243=ORIENTED_EDGE('',*,*,#4183,.T.);
#2244=ORIENTED_EDGE('',*,*,#4181,.F.);
#2245=ORIENTED_EDGE('',*,*,#4179,.T.);
#2246=ORIENTED_EDGE('',*,*,#4177,.F.);
#2247=ORIENTED_EDGE('',*,*,#4175,.T.);
#2248=ORIENTED_EDGE('',*,*,#4173,.F.);
#2249=ORIENTED_EDGE('',*,*,#4171,.T.);
#2250=ORIENTED_EDGE('',*,*,#4170,.F.);
#2251=ORIENTED_EDGE('',*,*,#4168,.T.);
#2252=ORIENTED_EDGE('',*,*,#4166,.F.);
#2253=ORIENTED_EDGE('',*,*,#4164,.T.);
#2254=ORIENTED_EDGE('',*,*,#4262,.T.);
#2255=ORIENTED_EDGE('',*,*,#4225,.F.);
#2256=ORIENTED_EDGE('',*,*,#4224,.T.);
#2257=ORIENTED_EDGE('',*,*,#4222,.F.);
#2258=ORIENTED_EDGE('',*,*,#4219,.T.);
#2259=ORIENTED_EDGE('',*,*,#4217,.F.);
#2260=ORIENTED_EDGE('',*,*,#4215,.T.);
#2261=ORIENTED_EDGE('',*,*,#4213,.F.);
#2262=ORIENTED_EDGE('',*,*,#4211,.T.);
#2263=ORIENTED_EDGE('',*,*,#4209,.F.);
#2264=ORIENTED_EDGE('',*,*,#4207,.T.);
#2265=ORIENTED_EDGE('',*,*,#4205,.F.);
#2266=ORIENTED_EDGE('',*,*,#4203,.T.);
#2267=ORIENTED_EDGE('',*,*,#4202,.F.);
#2268=ORIENTED_EDGE('',*,*,#4200,.T.);
#2269=ORIENTED_EDGE('',*,*,#4198,.F.);
#2270=ORIENTED_EDGE('',*,*,#4196,.T.);
#2271=ORIENTED_EDGE('',*,*,#4263,.T.);
#2272=ORIENTED_EDGE('',*,*,#4257,.F.);
#2273=ORIENTED_EDGE('',*,*,#4256,.T.);
#2274=ORIENTED_EDGE('',*,*,#4254,.F.);
#2275=ORIENTED_EDGE('',*,*,#4251,.T.);
#2276=ORIENTED_EDGE('',*,*,#4249,.F.);
#2277=ORIENTED_EDGE('',*,*,#4247,.T.);
#2278=ORIENTED_EDGE('',*,*,#4245,.F.);
#2279=ORIENTED_EDGE('',*,*,#4243,.T.);
#2280=ORIENTED_EDGE('',*,*,#4241,.F.);
#2281=ORIENTED_EDGE('',*,*,#4239,.T.);
#2282=ORIENTED_EDGE('',*,*,#4237,.F.);
#2283=ORIENTED_EDGE('',*,*,#4235,.T.);
#2284=ORIENTED_EDGE('',*,*,#4234,.F.);
#2285=ORIENTED_EDGE('',*,*,#4232,.T.);
#2286=ORIENTED_EDGE('',*,*,#4230,.F.);
#2287=ORIENTED_EDGE('',*,*,#4228,.T.);
#2288=ORIENTED_EDGE('',*,*,#4264,.T.);
#2289=ORIENTED_EDGE('',*,*,#4258,.F.);
#2290=ORIENTED_EDGE('',*,*,#4265,.T.);
#2291=ORIENTED_EDGE('',*,*,#4259,.F.);
#2292=ORIENTED_EDGE('',*,*,#4266,.T.);
#2293=ORIENTED_EDGE('',*,*,#4260,.F.);
#2294=ORIENTED_EDGE('',*,*,#4267,.T.);
#2295=ORIENTED_EDGE('',*,*,#4261,.F.);
#2296=ORIENTED_EDGE('',*,*,#4268,.T.);
#2297=ORIENTED_EDGE('',*,*,#4262,.F.);
#2298=ORIENTED_EDGE('',*,*,#4269,.T.);
#2299=ORIENTED_EDGE('',*,*,#4263,.F.);
#2300=ORIENTED_EDGE('',*,*,#4270,.T.);
#2301=ORIENTED_EDGE('',*,*,#4264,.F.);
#2302=ORIENTED_EDGE('',*,*,#4271,.T.);
#2303=ORIENTED_EDGE('',*,*,#4272,.F.);
#2304=ORIENTED_EDGE('',*,*,#4273,.F.);
#2305=ORIENTED_EDGE('',*,*,#4274,.F.);
#2306=ORIENTED_EDGE('',*,*,#4275,.F.);
#2307=ORIENTED_EDGE('',*,*,#3640,.F.);
#2308=ORIENTED_EDGE('',*,*,#3638,.F.);
#2309=ORIENTED_EDGE('',*,*,#3636,.F.);
#2310=ORIENTED_EDGE('',*,*,#3634,.F.);
#2311=ORIENTED_EDGE('',*,*,#3632,.F.);
#2312=ORIENTED_EDGE('',*,*,#3630,.F.);
#2313=ORIENTED_EDGE('',*,*,#3628,.F.);
#2314=ORIENTED_EDGE('',*,*,#3626,.F.);
#2315=ORIENTED_EDGE('',*,*,#3624,.F.);
#2316=ORIENTED_EDGE('',*,*,#3622,.F.);
#2317=ORIENTED_EDGE('',*,*,#3620,.F.);
#2318=ORIENTED_EDGE('',*,*,#3618,.F.);
#2319=ORIENTED_EDGE('',*,*,#3616,.F.);
#2320=ORIENTED_EDGE('',*,*,#3614,.F.);
#2321=ORIENTED_EDGE('',*,*,#3612,.F.);
#2322=ORIENTED_EDGE('',*,*,#3610,.F.);
#2323=ORIENTED_EDGE('',*,*,#4271,.F.);
#2324=ORIENTED_EDGE('',*,*,#4270,.F.);
#2325=ORIENTED_EDGE('',*,*,#4269,.F.);
#2326=ORIENTED_EDGE('',*,*,#4268,.F.);
#2327=ORIENTED_EDGE('',*,*,#4267,.F.);
#2328=ORIENTED_EDGE('',*,*,#4266,.F.);
#2329=ORIENTED_EDGE('',*,*,#4265,.F.);
#2330=ORIENTED_EDGE('',*,*,#3693,.F.);
#2331=ORIENTED_EDGE('',*,*,#4276,.F.);
#2332=ORIENTED_EDGE('',*,*,#4274,.T.);
#2333=ORIENTED_EDGE('',*,*,#4277,.T.);
#2334=ORIENTED_EDGE('',*,*,#3692,.F.);
#2335=ORIENTED_EDGE('',*,*,#4278,.F.);
#2336=ORIENTED_EDGE('',*,*,#4275,.T.);
#2337=ORIENTED_EDGE('',*,*,#4276,.T.);
#2338=ORIENTED_EDGE('',*,*,#3691,.F.);
#2339=ORIENTED_EDGE('',*,*,#4279,.F.);
#2340=ORIENTED_EDGE('',*,*,#4272,.T.);
#2341=ORIENTED_EDGE('',*,*,#4278,.T.);
#2342=ORIENTED_EDGE('',*,*,#3690,.F.);
#2343=ORIENTED_EDGE('',*,*,#4277,.F.);
#2344=ORIENTED_EDGE('',*,*,#4273,.T.);
#2345=ORIENTED_EDGE('',*,*,#4279,.T.);
#2346=ORIENTED_EDGE('',*,*,#4280,.F.);
#2347=ORIENTED_EDGE('',*,*,#4281,.T.);
#2348=ORIENTED_EDGE('',*,*,#4282,.F.);
#2349=ORIENTED_EDGE('',*,*,#4283,.T.);
#2350=ORIENTED_EDGE('',*,*,#4284,.F.);
#2351=ORIENTED_EDGE('',*,*,#4285,.T.);
#2352=ORIENTED_EDGE('',*,*,#4286,.F.);
#2353=ORIENTED_EDGE('',*,*,#4287,.T.);
#2354=ORIENTED_EDGE('',*,*,#4288,.F.);
#2355=ORIENTED_EDGE('',*,*,#4289,.T.);
#2356=ORIENTED_EDGE('',*,*,#4290,.F.);
#2357=ORIENTED_EDGE('',*,*,#4291,.T.);
#2358=ORIENTED_EDGE('',*,*,#4292,.F.);
#2359=ORIENTED_EDGE('',*,*,#4293,.T.);
#2360=ORIENTED_EDGE('',*,*,#4294,.F.);
#2361=ORIENTED_EDGE('',*,*,#4295,.T.);
#2362=ORIENTED_EDGE('',*,*,#4296,.F.);
#2363=ORIENTED_EDGE('',*,*,#4297,.T.);
#2364=ORIENTED_EDGE('',*,*,#4298,.F.);
#2365=ORIENTED_EDGE('',*,*,#4299,.T.);
#2366=ORIENTED_EDGE('',*,*,#4300,.F.);
#2367=ORIENTED_EDGE('',*,*,#4301,.T.);
#2368=ORIENTED_EDGE('',*,*,#4302,.F.);
#2369=ORIENTED_EDGE('',*,*,#4303,.T.);
#2370=ORIENTED_EDGE('',*,*,#4304,.F.);
#2371=ORIENTED_EDGE('',*,*,#4305,.T.);
#2372=ORIENTED_EDGE('',*,*,#4306,.F.);
#2373=ORIENTED_EDGE('',*,*,#4307,.T.);
#2374=ORIENTED_EDGE('',*,*,#4308,.F.);
#2375=ORIENTED_EDGE('',*,*,#4309,.T.);
#2376=ORIENTED_EDGE('',*,*,#4310,.F.);
#2377=ORIENTED_EDGE('',*,*,#4311,.T.);
#2378=ORIENTED_EDGE('',*,*,#4312,.F.);
#2379=ORIENTED_EDGE('',*,*,#4313,.T.);
#2380=ORIENTED_EDGE('',*,*,#4314,.F.);
#2381=ORIENTED_EDGE('',*,*,#4315,.T.);
#2382=ORIENTED_EDGE('',*,*,#4316,.F.);
#2383=ORIENTED_EDGE('',*,*,#4317,.T.);
#2384=ORIENTED_EDGE('',*,*,#4318,.F.);
#2385=ORIENTED_EDGE('',*,*,#4319,.T.);
#2386=ORIENTED_EDGE('',*,*,#4320,.F.);
#2387=ORIENTED_EDGE('',*,*,#4321,.T.);
#2388=ORIENTED_EDGE('',*,*,#4322,.F.);
#2389=ORIENTED_EDGE('',*,*,#4323,.T.);
#2390=ORIENTED_EDGE('',*,*,#4324,.F.);
#2391=ORIENTED_EDGE('',*,*,#4325,.T.);
#2392=ORIENTED_EDGE('',*,*,#4326,.F.);
#2393=ORIENTED_EDGE('',*,*,#4327,.T.);
#2394=ORIENTED_EDGE('',*,*,#4328,.F.);
#2395=ORIENTED_EDGE('',*,*,#4329,.T.);
#2396=ORIENTED_EDGE('',*,*,#4330,.F.);
#2397=ORIENTED_EDGE('',*,*,#4331,.T.);
#2398=ORIENTED_EDGE('',*,*,#4332,.F.);
#2399=ORIENTED_EDGE('',*,*,#4333,.T.);
#2400=ORIENTED_EDGE('',*,*,#4334,.F.);
#2401=ORIENTED_EDGE('',*,*,#4335,.T.);
#2402=ORIENTED_EDGE('',*,*,#4336,.F.);
#2403=ORIENTED_EDGE('',*,*,#4337,.T.);
#2404=ORIENTED_EDGE('',*,*,#4338,.F.);
#2405=ORIENTED_EDGE('',*,*,#4339,.T.);
#2406=ORIENTED_EDGE('',*,*,#4340,.F.);
#2407=ORIENTED_EDGE('',*,*,#4341,.T.);
#2408=ORIENTED_EDGE('',*,*,#4342,.F.);
#2409=ORIENTED_EDGE('',*,*,#4343,.T.);
#2410=ORIENTED_EDGE('',*,*,#4344,.F.);
#2411=ORIENTED_EDGE('',*,*,#4345,.T.);
#2412=ORIENTED_EDGE('',*,*,#4346,.F.);
#2413=ORIENTED_EDGE('',*,*,#4347,.T.);
#2414=ORIENTED_EDGE('',*,*,#4348,.F.);
#2415=ORIENTED_EDGE('',*,*,#4349,.T.);
#2416=ORIENTED_EDGE('',*,*,#4350,.F.);
#2417=ORIENTED_EDGE('',*,*,#4351,.T.);
#2418=ORIENTED_EDGE('',*,*,#4352,.F.);
#2419=ORIENTED_EDGE('',*,*,#4353,.T.);
#2420=ORIENTED_EDGE('',*,*,#4354,.F.);
#2421=ORIENTED_EDGE('',*,*,#4355,.T.);
#2422=ORIENTED_EDGE('',*,*,#4356,.F.);
#2423=ORIENTED_EDGE('',*,*,#4357,.T.);
#2424=ORIENTED_EDGE('',*,*,#4358,.F.);
#2425=ORIENTED_EDGE('',*,*,#4359,.T.);
#2426=ORIENTED_EDGE('',*,*,#4360,.F.);
#2427=ORIENTED_EDGE('',*,*,#4361,.T.);
#2428=ORIENTED_EDGE('',*,*,#4362,.F.);
#2429=ORIENTED_EDGE('',*,*,#4363,.T.);
#2430=ORIENTED_EDGE('',*,*,#4364,.F.);
#2431=ORIENTED_EDGE('',*,*,#4365,.T.);
#2432=ORIENTED_EDGE('',*,*,#4366,.F.);
#2433=ORIENTED_EDGE('',*,*,#4367,.T.);
#2434=ORIENTED_EDGE('',*,*,#4368,.F.);
#2435=ORIENTED_EDGE('',*,*,#4369,.T.);
#2436=ORIENTED_EDGE('',*,*,#4370,.F.);
#2437=ORIENTED_EDGE('',*,*,#4371,.T.);
#2438=ORIENTED_EDGE('',*,*,#4372,.F.);
#2439=ORIENTED_EDGE('',*,*,#4373,.T.);
#2440=ORIENTED_EDGE('',*,*,#4374,.F.);
#2441=ORIENTED_EDGE('',*,*,#4375,.T.);
#2442=ORIENTED_EDGE('',*,*,#4376,.F.);
#2443=ORIENTED_EDGE('',*,*,#4377,.T.);
#2444=ORIENTED_EDGE('',*,*,#4378,.F.);
#2445=ORIENTED_EDGE('',*,*,#4379,.T.);
#2446=ORIENTED_EDGE('',*,*,#4380,.F.);
#2447=ORIENTED_EDGE('',*,*,#4381,.T.);
#2448=ORIENTED_EDGE('',*,*,#4382,.F.);
#2449=ORIENTED_EDGE('',*,*,#4383,.T.);
#2450=ORIENTED_EDGE('',*,*,#4384,.F.);
#2451=ORIENTED_EDGE('',*,*,#4385,.T.);
#2452=ORIENTED_EDGE('',*,*,#4386,.F.);
#2453=ORIENTED_EDGE('',*,*,#4387,.T.);
#2454=ORIENTED_EDGE('',*,*,#4388,.F.);
#2455=ORIENTED_EDGE('',*,*,#4389,.T.);
#2456=ORIENTED_EDGE('',*,*,#4390,.F.);
#2457=ORIENTED_EDGE('',*,*,#4391,.T.);
#2458=ORIENTED_EDGE('',*,*,#4292,.T.);
#2459=ORIENTED_EDGE('',*,*,#4392,.T.);
#2460=ORIENTED_EDGE('',*,*,#4393,.T.);
#2461=ORIENTED_EDGE('',*,*,#4394,.T.);
#2462=ORIENTED_EDGE('',*,*,#4293,.F.);
#2463=ORIENTED_EDGE('',*,*,#4394,.F.);
#2464=ORIENTED_EDGE('',*,*,#4395,.F.);
#2465=ORIENTED_EDGE('',*,*,#4396,.F.);
#2466=ORIENTED_EDGE('',*,*,#4294,.T.);
#2467=ORIENTED_EDGE('',*,*,#4396,.T.);
#2468=ORIENTED_EDGE('',*,*,#4397,.T.);
#2469=ORIENTED_EDGE('',*,*,#4398,.T.);
#2470=ORIENTED_EDGE('',*,*,#4295,.F.);
#2471=ORIENTED_EDGE('',*,*,#4398,.F.);
#2472=ORIENTED_EDGE('',*,*,#4399,.F.);
#2473=ORIENTED_EDGE('',*,*,#4400,.F.);
#2474=ORIENTED_EDGE('',*,*,#4280,.T.);
#2475=ORIENTED_EDGE('',*,*,#4400,.T.);
#2476=ORIENTED_EDGE('',*,*,#4401,.T.);
#2477=ORIENTED_EDGE('',*,*,#4402,.T.);
#2478=ORIENTED_EDGE('',*,*,#4281,.F.);
#2479=ORIENTED_EDGE('',*,*,#4402,.F.);
#2480=ORIENTED_EDGE('',*,*,#4403,.F.);
#2481=ORIENTED_EDGE('',*,*,#4404,.F.);
#2482=ORIENTED_EDGE('',*,*,#4282,.T.);
#2483=ORIENTED_EDGE('',*,*,#4404,.T.);
#2484=ORIENTED_EDGE('',*,*,#4405,.T.);
#2485=ORIENTED_EDGE('',*,*,#4406,.T.);
#2486=ORIENTED_EDGE('',*,*,#4283,.F.);
#2487=ORIENTED_EDGE('',*,*,#4406,.F.);
#2488=ORIENTED_EDGE('',*,*,#4407,.F.);
#2489=ORIENTED_EDGE('',*,*,#4408,.F.);
#2490=ORIENTED_EDGE('',*,*,#4284,.T.);
#2491=ORIENTED_EDGE('',*,*,#4408,.T.);
#2492=ORIENTED_EDGE('',*,*,#4409,.T.);
#2493=ORIENTED_EDGE('',*,*,#4410,.T.);
#2494=ORIENTED_EDGE('',*,*,#4285,.F.);
#2495=ORIENTED_EDGE('',*,*,#4410,.F.);
#2496=ORIENTED_EDGE('',*,*,#4411,.F.);
#2497=ORIENTED_EDGE('',*,*,#4412,.F.);
#2498=ORIENTED_EDGE('',*,*,#4286,.T.);
#2499=ORIENTED_EDGE('',*,*,#4412,.T.);
#2500=ORIENTED_EDGE('',*,*,#4413,.T.);
#2501=ORIENTED_EDGE('',*,*,#4414,.T.);
#2502=ORIENTED_EDGE('',*,*,#4287,.F.);
#2503=ORIENTED_EDGE('',*,*,#4414,.F.);
#2504=ORIENTED_EDGE('',*,*,#4415,.F.);
#2505=ORIENTED_EDGE('',*,*,#4416,.F.);
#2506=ORIENTED_EDGE('',*,*,#4288,.T.);
#2507=ORIENTED_EDGE('',*,*,#4416,.T.);
#2508=ORIENTED_EDGE('',*,*,#4417,.T.);
#2509=ORIENTED_EDGE('',*,*,#4418,.T.);
#2510=ORIENTED_EDGE('',*,*,#4289,.F.);
#2511=ORIENTED_EDGE('',*,*,#4418,.F.);
#2512=ORIENTED_EDGE('',*,*,#4419,.F.);
#2513=ORIENTED_EDGE('',*,*,#4420,.F.);
#2514=ORIENTED_EDGE('',*,*,#4290,.T.);
#2515=ORIENTED_EDGE('',*,*,#4420,.T.);
#2516=ORIENTED_EDGE('',*,*,#4421,.T.);
#2517=ORIENTED_EDGE('',*,*,#4422,.T.);
#2518=ORIENTED_EDGE('',*,*,#4291,.F.);
#2519=ORIENTED_EDGE('',*,*,#4422,.F.);
#2520=ORIENTED_EDGE('',*,*,#4423,.F.);
#2521=ORIENTED_EDGE('',*,*,#4392,.F.);
#2522=ORIENTED_EDGE('',*,*,#4308,.T.);
#2523=ORIENTED_EDGE('',*,*,#4424,.T.);
#2524=ORIENTED_EDGE('',*,*,#4425,.T.);
#2525=ORIENTED_EDGE('',*,*,#4426,.T.);
#2526=ORIENTED_EDGE('',*,*,#4309,.F.);
#2527=ORIENTED_EDGE('',*,*,#4426,.F.);
#2528=ORIENTED_EDGE('',*,*,#4427,.F.);
#2529=ORIENTED_EDGE('',*,*,#4428,.F.);
#2530=ORIENTED_EDGE('',*,*,#4310,.T.);
#2531=ORIENTED_EDGE('',*,*,#4428,.T.);
#2532=ORIENTED_EDGE('',*,*,#4429,.T.);
#2533=ORIENTED_EDGE('',*,*,#4430,.T.);
#2534=ORIENTED_EDGE('',*,*,#4311,.F.);
#2535=ORIENTED_EDGE('',*,*,#4430,.F.);
#2536=ORIENTED_EDGE('',*,*,#4431,.F.);
#2537=ORIENTED_EDGE('',*,*,#4432,.F.);
#2538=ORIENTED_EDGE('',*,*,#4296,.T.);
#2539=ORIENTED_EDGE('',*,*,#4432,.T.);
#2540=ORIENTED_EDGE('',*,*,#4433,.T.);
#2541=ORIENTED_EDGE('',*,*,#4434,.T.);
#2542=ORIENTED_EDGE('',*,*,#4297,.F.);
#2543=ORIENTED_EDGE('',*,*,#4434,.F.);
#2544=ORIENTED_EDGE('',*,*,#4435,.F.);
#2545=ORIENTED_EDGE('',*,*,#4436,.F.);
#2546=ORIENTED_EDGE('',*,*,#4298,.T.);
#2547=ORIENTED_EDGE('',*,*,#4436,.T.);
#2548=ORIENTED_EDGE('',*,*,#4437,.T.);
#2549=ORIENTED_EDGE('',*,*,#4438,.T.);
#2550=ORIENTED_EDGE('',*,*,#4299,.F.);
#2551=ORIENTED_EDGE('',*,*,#4438,.F.);
#2552=ORIENTED_EDGE('',*,*,#4439,.F.);
#2553=ORIENTED_EDGE('',*,*,#4440,.F.);
#2554=ORIENTED_EDGE('',*,*,#4300,.T.);
#2555=ORIENTED_EDGE('',*,*,#4440,.T.);
#2556=ORIENTED_EDGE('',*,*,#4441,.T.);
#2557=ORIENTED_EDGE('',*,*,#4442,.T.);
#2558=ORIENTED_EDGE('',*,*,#4301,.F.);
#2559=ORIENTED_EDGE('',*,*,#4442,.F.);
#2560=ORIENTED_EDGE('',*,*,#4443,.F.);
#2561=ORIENTED_EDGE('',*,*,#4444,.F.);
#2562=ORIENTED_EDGE('',*,*,#4302,.T.);
#2563=ORIENTED_EDGE('',*,*,#4444,.T.);
#2564=ORIENTED_EDGE('',*,*,#4445,.T.);
#2565=ORIENTED_EDGE('',*,*,#4446,.T.);
#2566=ORIENTED_EDGE('',*,*,#4303,.F.);
#2567=ORIENTED_EDGE('',*,*,#4446,.F.);
#2568=ORIENTED_EDGE('',*,*,#4447,.F.);
#2569=ORIENTED_EDGE('',*,*,#4448,.F.);
#2570=ORIENTED_EDGE('',*,*,#4304,.T.);
#2571=ORIENTED_EDGE('',*,*,#4448,.T.);
#2572=ORIENTED_EDGE('',*,*,#4449,.T.);
#2573=ORIENTED_EDGE('',*,*,#4450,.T.);
#2574=ORIENTED_EDGE('',*,*,#4305,.F.);
#2575=ORIENTED_EDGE('',*,*,#4450,.F.);
#2576=ORIENTED_EDGE('',*,*,#4451,.F.);
#2577=ORIENTED_EDGE('',*,*,#4452,.F.);
#2578=ORIENTED_EDGE('',*,*,#4306,.T.);
#2579=ORIENTED_EDGE('',*,*,#4452,.T.);
#2580=ORIENTED_EDGE('',*,*,#4453,.T.);
#2581=ORIENTED_EDGE('',*,*,#4454,.T.);
#2582=ORIENTED_EDGE('',*,*,#4307,.F.);
#2583=ORIENTED_EDGE('',*,*,#4454,.F.);
#2584=ORIENTED_EDGE('',*,*,#4455,.F.);
#2585=ORIENTED_EDGE('',*,*,#4424,.F.);
#2586=ORIENTED_EDGE('',*,*,#4324,.T.);
#2587=ORIENTED_EDGE('',*,*,#4456,.T.);
#2588=ORIENTED_EDGE('',*,*,#4457,.T.);
#2589=ORIENTED_EDGE('',*,*,#4458,.T.);
#2590=ORIENTED_EDGE('',*,*,#4325,.F.);
#2591=ORIENTED_EDGE('',*,*,#4458,.F.);
#2592=ORIENTED_EDGE('',*,*,#4459,.F.);
#2593=ORIENTED_EDGE('',*,*,#4460,.F.);
#2594=ORIENTED_EDGE('',*,*,#4326,.T.);
#2595=ORIENTED_EDGE('',*,*,#4460,.T.);
#2596=ORIENTED_EDGE('',*,*,#4461,.T.);
#2597=ORIENTED_EDGE('',*,*,#4462,.T.);
#2598=ORIENTED_EDGE('',*,*,#4327,.F.);
#2599=ORIENTED_EDGE('',*,*,#4462,.F.);
#2600=ORIENTED_EDGE('',*,*,#4463,.F.);
#2601=ORIENTED_EDGE('',*,*,#4464,.F.);
#2602=ORIENTED_EDGE('',*,*,#4312,.T.);
#2603=ORIENTED_EDGE('',*,*,#4464,.T.);
#2604=ORIENTED_EDGE('',*,*,#4465,.T.);
#2605=ORIENTED_EDGE('',*,*,#4466,.T.);
#2606=ORIENTED_EDGE('',*,*,#4313,.F.);
#2607=ORIENTED_EDGE('',*,*,#4466,.F.);
#2608=ORIENTED_EDGE('',*,*,#4467,.F.);
#2609=ORIENTED_EDGE('',*,*,#4468,.F.);
#2610=ORIENTED_EDGE('',*,*,#4314,.T.);
#2611=ORIENTED_EDGE('',*,*,#4468,.T.);
#2612=ORIENTED_EDGE('',*,*,#4469,.T.);
#2613=ORIENTED_EDGE('',*,*,#4470,.T.);
#2614=ORIENTED_EDGE('',*,*,#4315,.F.);
#2615=ORIENTED_EDGE('',*,*,#4470,.F.);
#2616=ORIENTED_EDGE('',*,*,#4471,.F.);
#2617=ORIENTED_EDGE('',*,*,#4472,.F.);
#2618=ORIENTED_EDGE('',*,*,#4316,.T.);
#2619=ORIENTED_EDGE('',*,*,#4472,.T.);
#2620=ORIENTED_EDGE('',*,*,#4473,.T.);
#2621=ORIENTED_EDGE('',*,*,#4474,.T.);
#2622=ORIENTED_EDGE('',*,*,#4317,.F.);
#2623=ORIENTED_EDGE('',*,*,#4474,.F.);
#2624=ORIENTED_EDGE('',*,*,#4475,.F.);
#2625=ORIENTED_EDGE('',*,*,#4476,.F.);
#2626=ORIENTED_EDGE('',*,*,#4318,.T.);
#2627=ORIENTED_EDGE('',*,*,#4476,.T.);
#2628=ORIENTED_EDGE('',*,*,#4477,.T.);
#2629=ORIENTED_EDGE('',*,*,#4478,.T.);
#2630=ORIENTED_EDGE('',*,*,#4319,.F.);
#2631=ORIENTED_EDGE('',*,*,#4478,.F.);
#2632=ORIENTED_EDGE('',*,*,#4479,.F.);
#2633=ORIENTED_EDGE('',*,*,#4480,.F.);
#2634=ORIENTED_EDGE('',*,*,#4320,.T.);
#2635=ORIENTED_EDGE('',*,*,#4480,.T.);
#2636=ORIENTED_EDGE('',*,*,#4481,.T.);
#2637=ORIENTED_EDGE('',*,*,#4482,.T.);
#2638=ORIENTED_EDGE('',*,*,#4321,.F.);
#2639=ORIENTED_EDGE('',*,*,#4482,.F.);
#2640=ORIENTED_EDGE('',*,*,#4483,.F.);
#2641=ORIENTED_EDGE('',*,*,#4484,.F.);
#2642=ORIENTED_EDGE('',*,*,#4322,.T.);
#2643=ORIENTED_EDGE('',*,*,#4484,.T.);
#2644=ORIENTED_EDGE('',*,*,#4485,.T.);
#2645=ORIENTED_EDGE('',*,*,#4486,.T.);
#2646=ORIENTED_EDGE('',*,*,#4323,.F.);
#2647=ORIENTED_EDGE('',*,*,#4486,.F.);
#2648=ORIENTED_EDGE('',*,*,#4487,.F.);
#2649=ORIENTED_EDGE('',*,*,#4456,.F.);
#2650=ORIENTED_EDGE('',*,*,#4340,.T.);
#2651=ORIENTED_EDGE('',*,*,#4488,.T.);
#2652=ORIENTED_EDGE('',*,*,#4489,.T.);
#2653=ORIENTED_EDGE('',*,*,#4490,.T.);
#2654=ORIENTED_EDGE('',*,*,#4341,.F.);
#2655=ORIENTED_EDGE('',*,*,#4490,.F.);
#2656=ORIENTED_EDGE('',*,*,#4491,.F.);
#2657=ORIENTED_EDGE('',*,*,#4492,.F.);
#2658=ORIENTED_EDGE('',*,*,#4342,.T.);
#2659=ORIENTED_EDGE('',*,*,#4492,.T.);
#2660=ORIENTED_EDGE('',*,*,#4493,.T.);
#2661=ORIENTED_EDGE('',*,*,#4494,.T.);
#2662=ORIENTED_EDGE('',*,*,#4343,.F.);
#2663=ORIENTED_EDGE('',*,*,#4494,.F.);
#2664=ORIENTED_EDGE('',*,*,#4495,.F.);
#2665=ORIENTED_EDGE('',*,*,#4496,.F.);
#2666=ORIENTED_EDGE('',*,*,#4328,.T.);
#2667=ORIENTED_EDGE('',*,*,#4496,.T.);
#2668=ORIENTED_EDGE('',*,*,#4497,.T.);
#2669=ORIENTED_EDGE('',*,*,#4498,.T.);
#2670=ORIENTED_EDGE('',*,*,#4329,.F.);
#2671=ORIENTED_EDGE('',*,*,#4498,.F.);
#2672=ORIENTED_EDGE('',*,*,#4499,.F.);
#2673=ORIENTED_EDGE('',*,*,#4500,.F.);
#2674=ORIENTED_EDGE('',*,*,#4330,.T.);
#2675=ORIENTED_EDGE('',*,*,#4500,.T.);
#2676=ORIENTED_EDGE('',*,*,#4501,.T.);
#2677=ORIENTED_EDGE('',*,*,#4502,.T.);
#2678=ORIENTED_EDGE('',*,*,#4331,.F.);
#2679=ORIENTED_EDGE('',*,*,#4502,.F.);
#2680=ORIENTED_EDGE('',*,*,#4503,.F.);
#2681=ORIENTED_EDGE('',*,*,#4504,.F.);
#2682=ORIENTED_EDGE('',*,*,#4332,.T.);
#2683=ORIENTED_EDGE('',*,*,#4504,.T.);
#2684=ORIENTED_EDGE('',*,*,#4505,.T.);
#2685=ORIENTED_EDGE('',*,*,#4506,.T.);
#2686=ORIENTED_EDGE('',*,*,#4333,.F.);
#2687=ORIENTED_EDGE('',*,*,#4506,.F.);
#2688=ORIENTED_EDGE('',*,*,#4507,.F.);
#2689=ORIENTED_EDGE('',*,*,#4508,.F.);
#2690=ORIENTED_EDGE('',*,*,#4334,.T.);
#2691=ORIENTED_EDGE('',*,*,#4508,.T.);
#2692=ORIENTED_EDGE('',*,*,#4509,.T.);
#2693=ORIENTED_EDGE('',*,*,#4510,.T.);
#2694=ORIENTED_EDGE('',*,*,#4335,.F.);
#2695=ORIENTED_EDGE('',*,*,#4510,.F.);
#2696=ORIENTED_EDGE('',*,*,#4511,.F.);
#2697=ORIENTED_EDGE('',*,*,#4512,.F.);
#2698=ORIENTED_EDGE('',*,*,#4336,.T.);
#2699=ORIENTED_EDGE('',*,*,#4512,.T.);
#2700=ORIENTED_EDGE('',*,*,#4513,.T.);
#2701=ORIENTED_EDGE('',*,*,#4514,.T.);
#2702=ORIENTED_EDGE('',*,*,#4337,.F.);
#2703=ORIENTED_EDGE('',*,*,#4514,.F.);
#2704=ORIENTED_EDGE('',*,*,#4515,.F.);
#2705=ORIENTED_EDGE('',*,*,#4516,.F.);
#2706=ORIENTED_EDGE('',*,*,#4338,.T.);
#2707=ORIENTED_EDGE('',*,*,#4516,.T.);
#2708=ORIENTED_EDGE('',*,*,#4517,.T.);
#2709=ORIENTED_EDGE('',*,*,#4518,.T.);
#2710=ORIENTED_EDGE('',*,*,#4339,.F.);
#2711=ORIENTED_EDGE('',*,*,#4518,.F.);
#2712=ORIENTED_EDGE('',*,*,#4519,.F.);
#2713=ORIENTED_EDGE('',*,*,#4488,.F.);
#2714=ORIENTED_EDGE('',*,*,#4356,.T.);
#2715=ORIENTED_EDGE('',*,*,#4520,.T.);
#2716=ORIENTED_EDGE('',*,*,#4521,.T.);
#2717=ORIENTED_EDGE('',*,*,#4522,.T.);
#2718=ORIENTED_EDGE('',*,*,#4357,.F.);
#2719=ORIENTED_EDGE('',*,*,#4522,.F.);
#2720=ORIENTED_EDGE('',*,*,#4523,.F.);
#2721=ORIENTED_EDGE('',*,*,#4524,.F.);
#2722=ORIENTED_EDGE('',*,*,#4358,.T.);
#2723=ORIENTED_EDGE('',*,*,#4524,.T.);
#2724=ORIENTED_EDGE('',*,*,#4525,.T.);
#2725=ORIENTED_EDGE('',*,*,#4526,.T.);
#2726=ORIENTED_EDGE('',*,*,#4359,.F.);
#2727=ORIENTED_EDGE('',*,*,#4526,.F.);
#2728=ORIENTED_EDGE('',*,*,#4527,.F.);
#2729=ORIENTED_EDGE('',*,*,#4528,.F.);
#2730=ORIENTED_EDGE('',*,*,#4344,.T.);
#2731=ORIENTED_EDGE('',*,*,#4528,.T.);
#2732=ORIENTED_EDGE('',*,*,#4529,.T.);
#2733=ORIENTED_EDGE('',*,*,#4530,.T.);
#2734=ORIENTED_EDGE('',*,*,#4345,.F.);
#2735=ORIENTED_EDGE('',*,*,#4530,.F.);
#2736=ORIENTED_EDGE('',*,*,#4531,.F.);
#2737=ORIENTED_EDGE('',*,*,#4532,.F.);
#2738=ORIENTED_EDGE('',*,*,#4346,.T.);
#2739=ORIENTED_EDGE('',*,*,#4532,.T.);
#2740=ORIENTED_EDGE('',*,*,#4533,.T.);
#2741=ORIENTED_EDGE('',*,*,#4534,.T.);
#2742=ORIENTED_EDGE('',*,*,#4347,.F.);
#2743=ORIENTED_EDGE('',*,*,#4534,.F.);
#2744=ORIENTED_EDGE('',*,*,#4535,.F.);
#2745=ORIENTED_EDGE('',*,*,#4536,.F.);
#2746=ORIENTED_EDGE('',*,*,#4348,.T.);
#2747=ORIENTED_EDGE('',*,*,#4536,.T.);
#2748=ORIENTED_EDGE('',*,*,#4537,.T.);
#2749=ORIENTED_EDGE('',*,*,#4538,.T.);
#2750=ORIENTED_EDGE('',*,*,#4349,.F.);
#2751=ORIENTED_EDGE('',*,*,#4538,.F.);
#2752=ORIENTED_EDGE('',*,*,#4539,.F.);
#2753=ORIENTED_EDGE('',*,*,#4540,.F.);
#2754=ORIENTED_EDGE('',*,*,#4350,.T.);
#2755=ORIENTED_EDGE('',*,*,#4540,.T.);
#2756=ORIENTED_EDGE('',*,*,#4541,.T.);
#2757=ORIENTED_EDGE('',*,*,#4542,.T.);
#2758=ORIENTED_EDGE('',*,*,#4351,.F.);
#2759=ORIENTED_EDGE('',*,*,#4542,.F.);
#2760=ORIENTED_EDGE('',*,*,#4543,.F.);
#2761=ORIENTED_EDGE('',*,*,#4544,.F.);
#2762=ORIENTED_EDGE('',*,*,#4352,.T.);
#2763=ORIENTED_EDGE('',*,*,#4544,.T.);
#2764=ORIENTED_EDGE('',*,*,#4545,.T.);
#2765=ORIENTED_EDGE('',*,*,#4546,.T.);
#2766=ORIENTED_EDGE('',*,*,#4353,.F.);
#2767=ORIENTED_EDGE('',*,*,#4546,.F.);
#2768=ORIENTED_EDGE('',*,*,#4547,.F.);
#2769=ORIENTED_EDGE('',*,*,#4548,.F.);
#2770=ORIENTED_EDGE('',*,*,#4354,.T.);
#2771=ORIENTED_EDGE('',*,*,#4548,.T.);
#2772=ORIENTED_EDGE('',*,*,#4549,.T.);
#2773=ORIENTED_EDGE('',*,*,#4550,.T.);
#2774=ORIENTED_EDGE('',*,*,#4355,.F.);
#2775=ORIENTED_EDGE('',*,*,#4550,.F.);
#2776=ORIENTED_EDGE('',*,*,#4551,.F.);
#2777=ORIENTED_EDGE('',*,*,#4520,.F.);
#2778=ORIENTED_EDGE('',*,*,#4370,.T.);
#2779=ORIENTED_EDGE('',*,*,#4552,.T.);
#2780=ORIENTED_EDGE('',*,*,#4553,.T.);
#2781=ORIENTED_EDGE('',*,*,#4554,.T.);
#2782=ORIENTED_EDGE('',*,*,#4371,.F.);
#2783=ORIENTED_EDGE('',*,*,#4554,.F.);
#2784=ORIENTED_EDGE('',*,*,#4555,.F.);
#2785=ORIENTED_EDGE('',*,*,#4556,.F.);
#2786=ORIENTED_EDGE('',*,*,#4372,.T.);
#2787=ORIENTED_EDGE('',*,*,#4556,.T.);
#2788=ORIENTED_EDGE('',*,*,#4557,.T.);
#2789=ORIENTED_EDGE('',*,*,#4558,.T.);
#2790=ORIENTED_EDGE('',*,*,#4373,.F.);
#2791=ORIENTED_EDGE('',*,*,#4558,.F.);
#2792=ORIENTED_EDGE('',*,*,#4559,.F.);
#2793=ORIENTED_EDGE('',*,*,#4560,.F.);
#2794=ORIENTED_EDGE('',*,*,#4374,.T.);
#2795=ORIENTED_EDGE('',*,*,#4560,.T.);
#2796=ORIENTED_EDGE('',*,*,#4561,.T.);
#2797=ORIENTED_EDGE('',*,*,#4562,.T.);
#2798=ORIENTED_EDGE('',*,*,#4375,.F.);
#2799=ORIENTED_EDGE('',*,*,#4562,.F.);
#2800=ORIENTED_EDGE('',*,*,#4563,.F.);
#2801=ORIENTED_EDGE('',*,*,#4564,.F.);
#2802=ORIENTED_EDGE('',*,*,#4565,.T.);
#2803=ORIENTED_EDGE('',*,*,#4566,.T.);
#2804=ORIENTED_EDGE('',*,*,#4360,.T.);
#2805=ORIENTED_EDGE('',*,*,#4564,.T.);
#2806=ORIENTED_EDGE('',*,*,#4361,.F.);
#2807=ORIENTED_EDGE('',*,*,#4566,.F.);
#2808=ORIENTED_EDGE('',*,*,#4567,.F.);
#2809=ORIENTED_EDGE('',*,*,#4568,.F.);
#2810=ORIENTED_EDGE('',*,*,#4362,.T.);
#2811=ORIENTED_EDGE('',*,*,#4568,.T.);
#2812=ORIENTED_EDGE('',*,*,#4569,.T.);
#2813=ORIENTED_EDGE('',*,*,#4570,.T.);
#2814=ORIENTED_EDGE('',*,*,#4363,.F.);
#2815=ORIENTED_EDGE('',*,*,#4570,.F.);
#2816=ORIENTED_EDGE('',*,*,#4571,.F.);
#2817=ORIENTED_EDGE('',*,*,#4572,.F.);
#2818=ORIENTED_EDGE('',*,*,#4364,.T.);
#2819=ORIENTED_EDGE('',*,*,#4572,.T.);
#2820=ORIENTED_EDGE('',*,*,#4573,.T.);
#2821=ORIENTED_EDGE('',*,*,#4574,.T.);
#2822=ORIENTED_EDGE('',*,*,#4365,.F.);
#2823=ORIENTED_EDGE('',*,*,#4574,.F.);
#2824=ORIENTED_EDGE('',*,*,#4575,.F.);
#2825=ORIENTED_EDGE('',*,*,#4576,.F.);
#2826=ORIENTED_EDGE('',*,*,#4366,.T.);
#2827=ORIENTED_EDGE('',*,*,#4576,.T.);
#2828=ORIENTED_EDGE('',*,*,#4577,.T.);
#2829=ORIENTED_EDGE('',*,*,#4578,.T.);
#2830=ORIENTED_EDGE('',*,*,#4367,.F.);
#2831=ORIENTED_EDGE('',*,*,#4578,.F.);
#2832=ORIENTED_EDGE('',*,*,#4579,.F.);
#2833=ORIENTED_EDGE('',*,*,#4580,.F.);
#2834=ORIENTED_EDGE('',*,*,#4368,.T.);
#2835=ORIENTED_EDGE('',*,*,#4580,.T.);
#2836=ORIENTED_EDGE('',*,*,#4581,.T.);
#2837=ORIENTED_EDGE('',*,*,#4582,.T.);
#2838=ORIENTED_EDGE('',*,*,#4369,.F.);
#2839=ORIENTED_EDGE('',*,*,#4582,.F.);
#2840=ORIENTED_EDGE('',*,*,#4583,.F.);
#2841=ORIENTED_EDGE('',*,*,#4552,.F.);
#2842=ORIENTED_EDGE('',*,*,#4388,.T.);
#2843=ORIENTED_EDGE('',*,*,#4584,.T.);
#2844=ORIENTED_EDGE('',*,*,#4585,.T.);
#2845=ORIENTED_EDGE('',*,*,#4586,.T.);
#2846=ORIENTED_EDGE('',*,*,#4389,.F.);
#2847=ORIENTED_EDGE('',*,*,#4586,.F.);
#2848=ORIENTED_EDGE('',*,*,#4587,.F.);
#2849=ORIENTED_EDGE('',*,*,#4588,.F.);
#2850=ORIENTED_EDGE('',*,*,#4390,.T.);
#2851=ORIENTED_EDGE('',*,*,#4588,.T.);
#2852=ORIENTED_EDGE('',*,*,#4589,.T.);
#2853=ORIENTED_EDGE('',*,*,#4590,.T.);
#2854=ORIENTED_EDGE('',*,*,#4391,.F.);
#2855=ORIENTED_EDGE('',*,*,#4590,.F.);
#2856=ORIENTED_EDGE('',*,*,#4591,.F.);
#2857=ORIENTED_EDGE('',*,*,#4592,.F.);
#2858=ORIENTED_EDGE('',*,*,#4376,.T.);
#2859=ORIENTED_EDGE('',*,*,#4592,.T.);
#2860=ORIENTED_EDGE('',*,*,#4593,.T.);
#2861=ORIENTED_EDGE('',*,*,#4594,.T.);
#2862=ORIENTED_EDGE('',*,*,#4377,.F.);
#2863=ORIENTED_EDGE('',*,*,#4594,.F.);
#2864=ORIENTED_EDGE('',*,*,#4595,.F.);
#2865=ORIENTED_EDGE('',*,*,#4596,.F.);
#2866=ORIENTED_EDGE('',*,*,#4378,.T.);
#2867=ORIENTED_EDGE('',*,*,#4596,.T.);
#2868=ORIENTED_EDGE('',*,*,#4597,.T.);
#2869=ORIENTED_EDGE('',*,*,#4598,.T.);
#2870=ORIENTED_EDGE('',*,*,#4379,.F.);
#2871=ORIENTED_EDGE('',*,*,#4598,.F.);
#2872=ORIENTED_EDGE('',*,*,#4599,.F.);
#2873=ORIENTED_EDGE('',*,*,#4600,.F.);
#2874=ORIENTED_EDGE('',*,*,#4380,.T.);
#2875=ORIENTED_EDGE('',*,*,#4600,.T.);
#2876=ORIENTED_EDGE('',*,*,#4601,.T.);
#2877=ORIENTED_EDGE('',*,*,#4602,.T.);
#2878=ORIENTED_EDGE('',*,*,#4381,.F.);
#2879=ORIENTED_EDGE('',*,*,#4602,.F.);
#2880=ORIENTED_EDGE('',*,*,#4603,.F.);
#2881=ORIENTED_EDGE('',*,*,#4604,.F.);
#2882=ORIENTED_EDGE('',*,*,#4382,.T.);
#2883=ORIENTED_EDGE('',*,*,#4604,.T.);
#2884=ORIENTED_EDGE('',*,*,#4605,.T.);
#2885=ORIENTED_EDGE('',*,*,#4606,.T.);
#2886=ORIENTED_EDGE('',*,*,#4383,.F.);
#2887=ORIENTED_EDGE('',*,*,#4606,.F.);
#2888=ORIENTED_EDGE('',*,*,#4607,.F.);
#2889=ORIENTED_EDGE('',*,*,#4608,.F.);
#2890=ORIENTED_EDGE('',*,*,#4384,.T.);
#2891=ORIENTED_EDGE('',*,*,#4608,.T.);
#2892=ORIENTED_EDGE('',*,*,#4609,.T.);
#2893=ORIENTED_EDGE('',*,*,#4610,.T.);
#2894=ORIENTED_EDGE('',*,*,#4385,.F.);
#2895=ORIENTED_EDGE('',*,*,#4610,.F.);
#2896=ORIENTED_EDGE('',*,*,#4611,.F.);
#2897=ORIENTED_EDGE('',*,*,#4612,.F.);
#2898=ORIENTED_EDGE('',*,*,#4386,.T.);
#2899=ORIENTED_EDGE('',*,*,#4612,.T.);
#2900=ORIENTED_EDGE('',*,*,#4613,.T.);
#2901=ORIENTED_EDGE('',*,*,#4614,.T.);
#2902=ORIENTED_EDGE('',*,*,#4387,.F.);
#2903=ORIENTED_EDGE('',*,*,#4614,.F.);
#2904=ORIENTED_EDGE('',*,*,#4615,.F.);
#2905=ORIENTED_EDGE('',*,*,#4584,.F.);
#2906=ORIENTED_EDGE('',*,*,#4616,.T.);
#2907=ORIENTED_EDGE('',*,*,#4393,.F.);
#2908=ORIENTED_EDGE('',*,*,#4617,.F.);
#2909=ORIENTED_EDGE('',*,*,#4618,.F.);
#2910=ORIENTED_EDGE('',*,*,#4619,.T.);
#2911=ORIENTED_EDGE('',*,*,#4395,.T.);
#2912=ORIENTED_EDGE('',*,*,#4616,.F.);
#2913=ORIENTED_EDGE('',*,*,#4620,.T.);
#2914=ORIENTED_EDGE('',*,*,#4621,.T.);
#2915=ORIENTED_EDGE('',*,*,#4397,.F.);
#2916=ORIENTED_EDGE('',*,*,#4619,.F.);
#2917=ORIENTED_EDGE('',*,*,#4622,.F.);
#2918=ORIENTED_EDGE('',*,*,#4623,.T.);
#2919=ORIENTED_EDGE('',*,*,#4399,.T.);
#2920=ORIENTED_EDGE('',*,*,#4621,.F.);
#2921=ORIENTED_EDGE('',*,*,#4624,.T.);
#2922=ORIENTED_EDGE('',*,*,#4625,.F.);
#2923=ORIENTED_EDGE('',*,*,#4626,.F.);
#2924=ORIENTED_EDGE('',*,*,#4401,.F.);
#2925=ORIENTED_EDGE('',*,*,#4623,.F.);
#2926=ORIENTED_EDGE('',*,*,#4626,.T.);
#2927=ORIENTED_EDGE('',*,*,#4627,.T.);
#2928=ORIENTED_EDGE('',*,*,#4628,.F.);
#2929=ORIENTED_EDGE('',*,*,#4403,.T.);
#2930=ORIENTED_EDGE('',*,*,#4628,.T.);
#2931=ORIENTED_EDGE('',*,*,#4629,.F.);
#2932=ORIENTED_EDGE('',*,*,#4630,.F.);
#2933=ORIENTED_EDGE('',*,*,#4405,.F.);
#2934=ORIENTED_EDGE('',*,*,#4630,.T.);
#2935=ORIENTED_EDGE('',*,*,#4631,.T.);
#2936=ORIENTED_EDGE('',*,*,#4632,.F.);
#2937=ORIENTED_EDGE('',*,*,#4407,.T.);
#2938=ORIENTED_EDGE('',*,*,#4632,.T.);
#2939=ORIENTED_EDGE('',*,*,#4633,.F.);
#2940=ORIENTED_EDGE('',*,*,#4634,.F.);
#2941=ORIENTED_EDGE('',*,*,#4409,.F.);
#2942=ORIENTED_EDGE('',*,*,#4634,.T.);
#2943=ORIENTED_EDGE('',*,*,#4635,.T.);
#2944=ORIENTED_EDGE('',*,*,#4636,.F.);
#2945=ORIENTED_EDGE('',*,*,#4411,.T.);
#2946=ORIENTED_EDGE('',*,*,#4636,.T.);
#2947=ORIENTED_EDGE('',*,*,#4637,.F.);
#2948=ORIENTED_EDGE('',*,*,#4638,.F.);
#2949=ORIENTED_EDGE('',*,*,#4413,.F.);
#2950=ORIENTED_EDGE('',*,*,#4638,.T.);
#2951=ORIENTED_EDGE('',*,*,#4639,.T.);
#2952=ORIENTED_EDGE('',*,*,#4640,.F.);
#2953=ORIENTED_EDGE('',*,*,#4415,.T.);
#2954=ORIENTED_EDGE('',*,*,#4640,.T.);
#2955=ORIENTED_EDGE('',*,*,#4641,.F.);
#2956=ORIENTED_EDGE('',*,*,#4642,.T.);
#2957=ORIENTED_EDGE('',*,*,#4417,.F.);
#2958=ORIENTED_EDGE('',*,*,#4643,.T.);
#2959=ORIENTED_EDGE('',*,*,#4419,.T.);
#2960=ORIENTED_EDGE('',*,*,#4642,.F.);
#2961=ORIENTED_EDGE('',*,*,#4644,.T.);
#2962=ORIENTED_EDGE('',*,*,#4645,.T.);
#2963=ORIENTED_EDGE('',*,*,#4421,.F.);
#2964=ORIENTED_EDGE('',*,*,#4643,.F.);
#2965=ORIENTED_EDGE('',*,*,#4646,.F.);
#2966=ORIENTED_EDGE('',*,*,#4617,.T.);
#2967=ORIENTED_EDGE('',*,*,#4423,.T.);
#2968=ORIENTED_EDGE('',*,*,#4645,.F.);
#2969=ORIENTED_EDGE('',*,*,#4647,.T.);
#2970=ORIENTED_EDGE('',*,*,#4648,.T.);
#2971=ORIENTED_EDGE('',*,*,#4425,.F.);
#2972=ORIENTED_EDGE('',*,*,#4649,.F.);
#2973=ORIENTED_EDGE('',*,*,#4650,.F.);
#2974=ORIENTED_EDGE('',*,*,#4651,.T.);
#2975=ORIENTED_EDGE('',*,*,#4427,.T.);
#2976=ORIENTED_EDGE('',*,*,#4648,.F.);
#2977=ORIENTED_EDGE('',*,*,#4652,.T.);
#2978=ORIENTED_EDGE('',*,*,#4653,.T.);
#2979=ORIENTED_EDGE('',*,*,#4429,.F.);
#2980=ORIENTED_EDGE('',*,*,#4651,.F.);
#2981=ORIENTED_EDGE('',*,*,#4654,.F.);
#2982=ORIENTED_EDGE('',*,*,#4655,.T.);
#2983=ORIENTED_EDGE('',*,*,#4431,.T.);
#2984=ORIENTED_EDGE('',*,*,#4653,.F.);
#2985=ORIENTED_EDGE('',*,*,#4656,.T.);
#2986=ORIENTED_EDGE('',*,*,#4657,.F.);
#2987=ORIENTED_EDGE('',*,*,#4658,.F.);
#2988=ORIENTED_EDGE('',*,*,#4433,.F.);
#2989=ORIENTED_EDGE('',*,*,#4655,.F.);
#2990=ORIENTED_EDGE('',*,*,#4658,.T.);
#2991=ORIENTED_EDGE('',*,*,#4659,.T.);
#2992=ORIENTED_EDGE('',*,*,#4660,.F.);
#2993=ORIENTED_EDGE('',*,*,#4435,.T.);
#2994=ORIENTED_EDGE('',*,*,#4660,.T.);
#2995=ORIENTED_EDGE('',*,*,#4661,.F.);
#2996=ORIENTED_EDGE('',*,*,#4662,.F.);
#2997=ORIENTED_EDGE('',*,*,#4437,.F.);
#2998=ORIENTED_EDGE('',*,*,#4662,.T.);
#2999=ORIENTED_EDGE('',*,*,#4663,.T.);
#3000=ORIENTED_EDGE('',*,*,#4664,.F.);
#3001=ORIENTED_EDGE('',*,*,#4439,.T.);
#3002=ORIENTED_EDGE('',*,*,#4664,.T.);
#3003=ORIENTED_EDGE('',*,*,#4665,.F.);
#3004=ORIENTED_EDGE('',*,*,#4666,.F.);
#3005=ORIENTED_EDGE('',*,*,#4441,.F.);
#3006=ORIENTED_EDGE('',*,*,#4666,.T.);
#3007=ORIENTED_EDGE('',*,*,#4667,.T.);
#3008=ORIENTED_EDGE('',*,*,#4668,.F.);
#3009=ORIENTED_EDGE('',*,*,#4443,.T.);
#3010=ORIENTED_EDGE('',*,*,#4668,.T.);
#3011=ORIENTED_EDGE('',*,*,#4669,.F.);
#3012=ORIENTED_EDGE('',*,*,#4670,.F.);
#3013=ORIENTED_EDGE('',*,*,#4445,.F.);
#3014=ORIENTED_EDGE('',*,*,#4670,.T.);
#3015=ORIENTED_EDGE('',*,*,#4671,.T.);
#3016=ORIENTED_EDGE('',*,*,#4672,.F.);
#3017=ORIENTED_EDGE('',*,*,#4447,.T.);
#3018=ORIENTED_EDGE('',*,*,#4672,.T.);
#3019=ORIENTED_EDGE('',*,*,#4673,.F.);
#3020=ORIENTED_EDGE('',*,*,#4674,.T.);
#3021=ORIENTED_EDGE('',*,*,#4449,.F.);
#3022=ORIENTED_EDGE('',*,*,#4675,.T.);
#3023=ORIENTED_EDGE('',*,*,#4451,.T.);
#3024=ORIENTED_EDGE('',*,*,#4674,.F.);
#3025=ORIENTED_EDGE('',*,*,#4676,.T.);
#3026=ORIENTED_EDGE('',*,*,#4677,.T.);
#3027=ORIENTED_EDGE('',*,*,#4453,.F.);
#3028=ORIENTED_EDGE('',*,*,#4675,.F.);
#3029=ORIENTED_EDGE('',*,*,#4678,.F.);
#3030=ORIENTED_EDGE('',*,*,#4649,.T.);
#3031=ORIENTED_EDGE('',*,*,#4455,.T.);
#3032=ORIENTED_EDGE('',*,*,#4677,.F.);
#3033=ORIENTED_EDGE('',*,*,#4679,.T.);
#3034=ORIENTED_EDGE('',*,*,#4680,.T.);
#3035=ORIENTED_EDGE('',*,*,#4457,.F.);
#3036=ORIENTED_EDGE('',*,*,#4681,.F.);
#3037=ORIENTED_EDGE('',*,*,#4682,.F.);
#3038=ORIENTED_EDGE('',*,*,#4683,.T.);
#3039=ORIENTED_EDGE('',*,*,#4459,.T.);
#3040=ORIENTED_EDGE('',*,*,#4680,.F.);
#3041=ORIENTED_EDGE('',*,*,#4684,.T.);
#3042=ORIENTED_EDGE('',*,*,#4685,.T.);
#3043=ORIENTED_EDGE('',*,*,#4461,.F.);
#3044=ORIENTED_EDGE('',*,*,#4683,.F.);
#3045=ORIENTED_EDGE('',*,*,#4686,.F.);
#3046=ORIENTED_EDGE('',*,*,#4687,.T.);
#3047=ORIENTED_EDGE('',*,*,#4463,.T.);
#3048=ORIENTED_EDGE('',*,*,#4685,.F.);
#3049=ORIENTED_EDGE('',*,*,#4688,.T.);
#3050=ORIENTED_EDGE('',*,*,#4689,.F.);
#3051=ORIENTED_EDGE('',*,*,#4690,.F.);
#3052=ORIENTED_EDGE('',*,*,#4465,.F.);
#3053=ORIENTED_EDGE('',*,*,#4687,.F.);
#3054=ORIENTED_EDGE('',*,*,#4690,.T.);
#3055=ORIENTED_EDGE('',*,*,#4691,.T.);
#3056=ORIENTED_EDGE('',*,*,#4692,.F.);
#3057=ORIENTED_EDGE('',*,*,#4467,.T.);
#3058=ORIENTED_EDGE('',*,*,#4692,.T.);
#3059=ORIENTED_EDGE('',*,*,#4693,.F.);
#3060=ORIENTED_EDGE('',*,*,#4694,.F.);
#3061=ORIENTED_EDGE('',*,*,#4469,.F.);
#3062=ORIENTED_EDGE('',*,*,#4694,.T.);
#3063=ORIENTED_EDGE('',*,*,#4695,.T.);
#3064=ORIENTED_EDGE('',*,*,#4696,.F.);
#3065=ORIENTED_EDGE('',*,*,#4471,.T.);
#3066=ORIENTED_EDGE('',*,*,#4696,.T.);
#3067=ORIENTED_EDGE('',*,*,#4697,.F.);
#3068=ORIENTED_EDGE('',*,*,#4698,.F.);
#3069=ORIENTED_EDGE('',*,*,#4473,.F.);
#3070=ORIENTED_EDGE('',*,*,#4698,.T.);
#3071=ORIENTED_EDGE('',*,*,#4699,.T.);
#3072=ORIENTED_EDGE('',*,*,#4700,.F.);
#3073=ORIENTED_EDGE('',*,*,#4475,.T.);
#3074=ORIENTED_EDGE('',*,*,#4700,.T.);
#3075=ORIENTED_EDGE('',*,*,#4701,.F.);
#3076=ORIENTED_EDGE('',*,*,#4702,.F.);
#3077=ORIENTED_EDGE('',*,*,#4477,.F.);
#3078=ORIENTED_EDGE('',*,*,#4702,.T.);
#3079=ORIENTED_EDGE('',*,*,#4703,.T.);
#3080=ORIENTED_EDGE('',*,*,#4704,.F.);
#3081=ORIENTED_EDGE('',*,*,#4479,.T.);
#3082=ORIENTED_EDGE('',*,*,#4704,.T.);
#3083=ORIENTED_EDGE('',*,*,#4705,.F.);
#3084=ORIENTED_EDGE('',*,*,#4706,.T.);
#3085=ORIENTED_EDGE('',*,*,#4481,.F.);
#3086=ORIENTED_EDGE('',*,*,#4707,.T.);
#3087=ORIENTED_EDGE('',*,*,#4483,.T.);
#3088=ORIENTED_EDGE('',*,*,#4706,.F.);
#3089=ORIENTED_EDGE('',*,*,#4708,.T.);
#3090=ORIENTED_EDGE('',*,*,#4709,.T.);
#3091=ORIENTED_EDGE('',*,*,#4485,.F.);
#3092=ORIENTED_EDGE('',*,*,#4707,.F.);
#3093=ORIENTED_EDGE('',*,*,#4710,.F.);
#3094=ORIENTED_EDGE('',*,*,#4681,.T.);
#3095=ORIENTED_EDGE('',*,*,#4487,.T.);
#3096=ORIENTED_EDGE('',*,*,#4709,.F.);
#3097=ORIENTED_EDGE('',*,*,#4711,.T.);
#3098=ORIENTED_EDGE('',*,*,#4712,.T.);
#3099=ORIENTED_EDGE('',*,*,#4489,.F.);
#3100=ORIENTED_EDGE('',*,*,#4713,.F.);
#3101=ORIENTED_EDGE('',*,*,#4714,.F.);
#3102=ORIENTED_EDGE('',*,*,#4715,.T.);
#3103=ORIENTED_EDGE('',*,*,#4491,.T.);
#3104=ORIENTED_EDGE('',*,*,#4712,.F.);
#3105=ORIENTED_EDGE('',*,*,#4716,.T.);
#3106=ORIENTED_EDGE('',*,*,#4717,.T.);
#3107=ORIENTED_EDGE('',*,*,#4493,.F.);
#3108=ORIENTED_EDGE('',*,*,#4715,.F.);
#3109=ORIENTED_EDGE('',*,*,#4718,.F.);
#3110=ORIENTED_EDGE('',*,*,#4719,.T.);
#3111=ORIENTED_EDGE('',*,*,#4495,.T.);
#3112=ORIENTED_EDGE('',*,*,#4717,.F.);
#3113=ORIENTED_EDGE('',*,*,#4720,.T.);
#3114=ORIENTED_EDGE('',*,*,#4721,.F.);
#3115=ORIENTED_EDGE('',*,*,#4722,.F.);
#3116=ORIENTED_EDGE('',*,*,#4497,.F.);
#3117=ORIENTED_EDGE('',*,*,#4719,.F.);
#3118=ORIENTED_EDGE('',*,*,#4722,.T.);
#3119=ORIENTED_EDGE('',*,*,#4723,.T.);
#3120=ORIENTED_EDGE('',*,*,#4724,.F.);
#3121=ORIENTED_EDGE('',*,*,#4499,.T.);
#3122=ORIENTED_EDGE('',*,*,#4724,.T.);
#3123=ORIENTED_EDGE('',*,*,#4725,.F.);
#3124=ORIENTED_EDGE('',*,*,#4726,.F.);
#3125=ORIENTED_EDGE('',*,*,#4501,.F.);
#3126=ORIENTED_EDGE('',*,*,#4726,.T.);
#3127=ORIENTED_EDGE('',*,*,#4727,.T.);
#3128=ORIENTED_EDGE('',*,*,#4728,.F.);
#3129=ORIENTED_EDGE('',*,*,#4503,.T.);
#3130=ORIENTED_EDGE('',*,*,#4728,.T.);
#3131=ORIENTED_EDGE('',*,*,#4729,.F.);
#3132=ORIENTED_EDGE('',*,*,#4730,.F.);
#3133=ORIENTED_EDGE('',*,*,#4505,.F.);
#3134=ORIENTED_EDGE('',*,*,#4730,.T.);
#3135=ORIENTED_EDGE('',*,*,#4731,.T.);
#3136=ORIENTED_EDGE('',*,*,#4732,.F.);
#3137=ORIENTED_EDGE('',*,*,#4507,.T.);
#3138=ORIENTED_EDGE('',*,*,#4732,.T.);
#3139=ORIENTED_EDGE('',*,*,#4733,.F.);
#3140=ORIENTED_EDGE('',*,*,#4734,.F.);
#3141=ORIENTED_EDGE('',*,*,#4509,.F.);
#3142=ORIENTED_EDGE('',*,*,#4734,.T.);
#3143=ORIENTED_EDGE('',*,*,#4735,.T.);
#3144=ORIENTED_EDGE('',*,*,#4736,.F.);
#3145=ORIENTED_EDGE('',*,*,#4511,.T.);
#3146=ORIENTED_EDGE('',*,*,#4736,.T.);
#3147=ORIENTED_EDGE('',*,*,#4737,.F.);
#3148=ORIENTED_EDGE('',*,*,#4738,.T.);
#3149=ORIENTED_EDGE('',*,*,#4513,.F.);
#3150=ORIENTED_EDGE('',*,*,#4739,.T.);
#3151=ORIENTED_EDGE('',*,*,#4515,.T.);
#3152=ORIENTED_EDGE('',*,*,#4738,.F.);
#3153=ORIENTED_EDGE('',*,*,#4740,.T.);
#3154=ORIENTED_EDGE('',*,*,#4741,.T.);
#3155=ORIENTED_EDGE('',*,*,#4517,.F.);
#3156=ORIENTED_EDGE('',*,*,#4739,.F.);
#3157=ORIENTED_EDGE('',*,*,#4742,.F.);
#3158=ORIENTED_EDGE('',*,*,#4713,.T.);
#3159=ORIENTED_EDGE('',*,*,#4519,.T.);
#3160=ORIENTED_EDGE('',*,*,#4741,.F.);
#3161=ORIENTED_EDGE('',*,*,#4743,.T.);
#3162=ORIENTED_EDGE('',*,*,#4744,.T.);
#3163=ORIENTED_EDGE('',*,*,#4521,.F.);
#3164=ORIENTED_EDGE('',*,*,#4745,.F.);
#3165=ORIENTED_EDGE('',*,*,#4746,.F.);
#3166=ORIENTED_EDGE('',*,*,#4747,.T.);
#3167=ORIENTED_EDGE('',*,*,#4523,.T.);
#3168=ORIENTED_EDGE('',*,*,#4744,.F.);
#3169=ORIENTED_EDGE('',*,*,#4748,.T.);
#3170=ORIENTED_EDGE('',*,*,#4749,.T.);
#3171=ORIENTED_EDGE('',*,*,#4525,.F.);
#3172=ORIENTED_EDGE('',*,*,#4747,.F.);
#3173=ORIENTED_EDGE('',*,*,#4750,.F.);
#3174=ORIENTED_EDGE('',*,*,#4751,.T.);
#3175=ORIENTED_EDGE('',*,*,#4527,.T.);
#3176=ORIENTED_EDGE('',*,*,#4749,.F.);
#3177=ORIENTED_EDGE('',*,*,#4752,.T.);
#3178=ORIENTED_EDGE('',*,*,#4753,.F.);
#3179=ORIENTED_EDGE('',*,*,#4754,.F.);
#3180=ORIENTED_EDGE('',*,*,#4529,.F.);
#3181=ORIENTED_EDGE('',*,*,#4751,.F.);
#3182=ORIENTED_EDGE('',*,*,#4754,.T.);
#3183=ORIENTED_EDGE('',*,*,#4755,.T.);
#3184=ORIENTED_EDGE('',*,*,#4756,.F.);
#3185=ORIENTED_EDGE('',*,*,#4531,.T.);
#3186=ORIENTED_EDGE('',*,*,#4756,.T.);
#3187=ORIENTED_EDGE('',*,*,#4757,.F.);
#3188=ORIENTED_EDGE('',*,*,#4758,.F.);
#3189=ORIENTED_EDGE('',*,*,#4533,.F.);
#3190=ORIENTED_EDGE('',*,*,#4758,.T.);
#3191=ORIENTED_EDGE('',*,*,#4759,.T.);
#3192=ORIENTED_EDGE('',*,*,#4760,.F.);
#3193=ORIENTED_EDGE('',*,*,#4535,.T.);
#3194=ORIENTED_EDGE('',*,*,#4760,.T.);
#3195=ORIENTED_EDGE('',*,*,#4761,.F.);
#3196=ORIENTED_EDGE('',*,*,#4762,.F.);
#3197=ORIENTED_EDGE('',*,*,#4537,.F.);
#3198=ORIENTED_EDGE('',*,*,#4762,.T.);
#3199=ORIENTED_EDGE('',*,*,#4763,.T.);
#3200=ORIENTED_EDGE('',*,*,#4764,.F.);
#3201=ORIENTED_EDGE('',*,*,#4539,.T.);
#3202=ORIENTED_EDGE('',*,*,#4764,.T.);
#3203=ORIENTED_EDGE('',*,*,#4765,.F.);
#3204=ORIENTED_EDGE('',*,*,#4766,.F.);
#3205=ORIENTED_EDGE('',*,*,#4541,.F.);
#3206=ORIENTED_EDGE('',*,*,#4766,.T.);
#3207=ORIENTED_EDGE('',*,*,#4767,.T.);
#3208=ORIENTED_EDGE('',*,*,#4768,.F.);
#3209=ORIENTED_EDGE('',*,*,#4543,.T.);
#3210=ORIENTED_EDGE('',*,*,#4768,.T.);
#3211=ORIENTED_EDGE('',*,*,#4769,.F.);
#3212=ORIENTED_EDGE('',*,*,#4770,.T.);
#3213=ORIENTED_EDGE('',*,*,#4545,.F.);
#3214=ORIENTED_EDGE('',*,*,#4771,.T.);
#3215=ORIENTED_EDGE('',*,*,#4547,.T.);
#3216=ORIENTED_EDGE('',*,*,#4770,.F.);
#3217=ORIENTED_EDGE('',*,*,#4772,.T.);
#3218=ORIENTED_EDGE('',*,*,#4773,.T.);
#3219=ORIENTED_EDGE('',*,*,#4549,.F.);
#3220=ORIENTED_EDGE('',*,*,#4771,.F.);
#3221=ORIENTED_EDGE('',*,*,#4774,.F.);
#3222=ORIENTED_EDGE('',*,*,#4745,.T.);
#3223=ORIENTED_EDGE('',*,*,#4551,.T.);
#3224=ORIENTED_EDGE('',*,*,#4773,.F.);
#3225=ORIENTED_EDGE('',*,*,#4775,.T.);
#3226=ORIENTED_EDGE('',*,*,#4776,.T.);
#3227=ORIENTED_EDGE('',*,*,#4553,.F.);
#3228=ORIENTED_EDGE('',*,*,#4777,.F.);
#3229=ORIENTED_EDGE('',*,*,#4778,.F.);
#3230=ORIENTED_EDGE('',*,*,#4779,.T.);
#3231=ORIENTED_EDGE('',*,*,#4555,.T.);
#3232=ORIENTED_EDGE('',*,*,#4776,.F.);
#3233=ORIENTED_EDGE('',*,*,#4780,.T.);
#3234=ORIENTED_EDGE('',*,*,#4781,.T.);
#3235=ORIENTED_EDGE('',*,*,#4557,.F.);
#3236=ORIENTED_EDGE('',*,*,#4779,.F.);
#3237=ORIENTED_EDGE('',*,*,#4782,.F.);
#3238=ORIENTED_EDGE('',*,*,#4783,.T.);
#3239=ORIENTED_EDGE('',*,*,#4559,.T.);
#3240=ORIENTED_EDGE('',*,*,#4781,.F.);
#3241=ORIENTED_EDGE('',*,*,#4784,.T.);
#3242=ORIENTED_EDGE('',*,*,#4785,.F.);
#3243=ORIENTED_EDGE('',*,*,#4786,.F.);
#3244=ORIENTED_EDGE('',*,*,#4561,.F.);
#3245=ORIENTED_EDGE('',*,*,#4783,.F.);
#3246=ORIENTED_EDGE('',*,*,#4786,.T.);
#3247=ORIENTED_EDGE('',*,*,#4787,.T.);
#3248=ORIENTED_EDGE('',*,*,#4788,.F.);
#3249=ORIENTED_EDGE('',*,*,#4563,.T.);
#3250=ORIENTED_EDGE('',*,*,#4788,.T.);
#3251=ORIENTED_EDGE('',*,*,#4789,.F.);
#3252=ORIENTED_EDGE('',*,*,#4790,.F.);
#3253=ORIENTED_EDGE('',*,*,#4565,.F.);
#3254=ORIENTED_EDGE('',*,*,#4790,.T.);
#3255=ORIENTED_EDGE('',*,*,#4791,.T.);
#3256=ORIENTED_EDGE('',*,*,#4792,.F.);
#3257=ORIENTED_EDGE('',*,*,#4567,.T.);
#3258=ORIENTED_EDGE('',*,*,#4792,.T.);
#3259=ORIENTED_EDGE('',*,*,#4793,.F.);
#3260=ORIENTED_EDGE('',*,*,#4794,.F.);
#3261=ORIENTED_EDGE('',*,*,#4569,.F.);
#3262=ORIENTED_EDGE('',*,*,#4794,.T.);
#3263=ORIENTED_EDGE('',*,*,#4795,.T.);
#3264=ORIENTED_EDGE('',*,*,#4796,.F.);
#3265=ORIENTED_EDGE('',*,*,#4571,.T.);
#3266=ORIENTED_EDGE('',*,*,#4796,.T.);
#3267=ORIENTED_EDGE('',*,*,#4797,.F.);
#3268=ORIENTED_EDGE('',*,*,#4798,.F.);
#3269=ORIENTED_EDGE('',*,*,#4573,.F.);
#3270=ORIENTED_EDGE('',*,*,#4798,.T.);
#3271=ORIENTED_EDGE('',*,*,#4799,.T.);
#3272=ORIENTED_EDGE('',*,*,#4800,.F.);
#3273=ORIENTED_EDGE('',*,*,#4575,.T.);
#3274=ORIENTED_EDGE('',*,*,#4800,.T.);
#3275=ORIENTED_EDGE('',*,*,#4801,.F.);
#3276=ORIENTED_EDGE('',*,*,#4802,.T.);
#3277=ORIENTED_EDGE('',*,*,#4577,.F.);
#3278=ORIENTED_EDGE('',*,*,#4803,.T.);
#3279=ORIENTED_EDGE('',*,*,#4579,.T.);
#3280=ORIENTED_EDGE('',*,*,#4802,.F.);
#3281=ORIENTED_EDGE('',*,*,#4804,.T.);
#3282=ORIENTED_EDGE('',*,*,#4805,.T.);
#3283=ORIENTED_EDGE('',*,*,#4581,.F.);
#3284=ORIENTED_EDGE('',*,*,#4803,.F.);
#3285=ORIENTED_EDGE('',*,*,#4806,.F.);
#3286=ORIENTED_EDGE('',*,*,#4777,.T.);
#3287=ORIENTED_EDGE('',*,*,#4583,.T.);
#3288=ORIENTED_EDGE('',*,*,#4805,.F.);
#3289=ORIENTED_EDGE('',*,*,#4807,.T.);
#3290=ORIENTED_EDGE('',*,*,#4808,.T.);
#3291=ORIENTED_EDGE('',*,*,#4585,.F.);
#3292=ORIENTED_EDGE('',*,*,#4809,.F.);
#3293=ORIENTED_EDGE('',*,*,#4810,.F.);
#3294=ORIENTED_EDGE('',*,*,#4811,.T.);
#3295=ORIENTED_EDGE('',*,*,#4587,.T.);
#3296=ORIENTED_EDGE('',*,*,#4808,.F.);
#3297=ORIENTED_EDGE('',*,*,#4812,.T.);
#3298=ORIENTED_EDGE('',*,*,#4813,.T.);
#3299=ORIENTED_EDGE('',*,*,#4589,.F.);
#3300=ORIENTED_EDGE('',*,*,#4811,.F.);
#3301=ORIENTED_EDGE('',*,*,#4814,.F.);
#3302=ORIENTED_EDGE('',*,*,#4815,.T.);
#3303=ORIENTED_EDGE('',*,*,#4591,.T.);
#3304=ORIENTED_EDGE('',*,*,#4813,.F.);
#3305=ORIENTED_EDGE('',*,*,#4816,.T.);
#3306=ORIENTED_EDGE('',*,*,#4817,.F.);
#3307=ORIENTED_EDGE('',*,*,#4818,.F.);
#3308=ORIENTED_EDGE('',*,*,#4593,.F.);
#3309=ORIENTED_EDGE('',*,*,#4815,.F.);
#3310=ORIENTED_EDGE('',*,*,#4818,.T.);
#3311=ORIENTED_EDGE('',*,*,#4819,.T.);
#3312=ORIENTED_EDGE('',*,*,#4820,.F.);
#3313=ORIENTED_EDGE('',*,*,#4595,.T.);
#3314=ORIENTED_EDGE('',*,*,#4820,.T.);
#3315=ORIENTED_EDGE('',*,*,#4821,.F.);
#3316=ORIENTED_EDGE('',*,*,#4822,.F.);
#3317=ORIENTED_EDGE('',*,*,#4597,.F.);
#3318=ORIENTED_EDGE('',*,*,#4822,.T.);
#3319=ORIENTED_EDGE('',*,*,#4823,.T.);
#3320=ORIENTED_EDGE('',*,*,#4824,.F.);
#3321=ORIENTED_EDGE('',*,*,#4599,.T.);
#3322=ORIENTED_EDGE('',*,*,#4824,.T.);
#3323=ORIENTED_EDGE('',*,*,#4825,.F.);
#3324=ORIENTED_EDGE('',*,*,#4826,.F.);
#3325=ORIENTED_EDGE('',*,*,#4601,.F.);
#3326=ORIENTED_EDGE('',*,*,#4826,.T.);
#3327=ORIENTED_EDGE('',*,*,#4827,.T.);
#3328=ORIENTED_EDGE('',*,*,#4828,.F.);
#3329=ORIENTED_EDGE('',*,*,#4603,.T.);
#3330=ORIENTED_EDGE('',*,*,#4828,.T.);
#3331=ORIENTED_EDGE('',*,*,#4829,.F.);
#3332=ORIENTED_EDGE('',*,*,#4830,.F.);
#3333=ORIENTED_EDGE('',*,*,#4605,.F.);
#3334=ORIENTED_EDGE('',*,*,#4830,.T.);
#3335=ORIENTED_EDGE('',*,*,#4831,.T.);
#3336=ORIENTED_EDGE('',*,*,#4832,.F.);
#3337=ORIENTED_EDGE('',*,*,#4607,.T.);
#3338=ORIENTED_EDGE('',*,*,#4832,.T.);
#3339=ORIENTED_EDGE('',*,*,#4833,.F.);
#3340=ORIENTED_EDGE('',*,*,#4834,.T.);
#3341=ORIENTED_EDGE('',*,*,#4609,.F.);
#3342=ORIENTED_EDGE('',*,*,#4835,.T.);
#3343=ORIENTED_EDGE('',*,*,#4611,.T.);
#3344=ORIENTED_EDGE('',*,*,#4834,.F.);
#3345=ORIENTED_EDGE('',*,*,#4836,.T.);
#3346=ORIENTED_EDGE('',*,*,#4837,.T.);
#3347=ORIENTED_EDGE('',*,*,#4613,.F.);
#3348=ORIENTED_EDGE('',*,*,#4835,.F.);
#3349=ORIENTED_EDGE('',*,*,#4838,.F.);
#3350=ORIENTED_EDGE('',*,*,#4809,.T.);
#3351=ORIENTED_EDGE('',*,*,#4615,.T.);
#3352=ORIENTED_EDGE('',*,*,#4837,.F.);
#3353=ORIENTED_EDGE('',*,*,#4839,.T.);
#3354=ORIENTED_EDGE('',*,*,#4647,.F.);
#3355=ORIENTED_EDGE('',*,*,#4646,.T.);
#3356=ORIENTED_EDGE('',*,*,#4644,.F.);
#3357=ORIENTED_EDGE('',*,*,#4641,.T.);
#3358=ORIENTED_EDGE('',*,*,#4639,.F.);
#3359=ORIENTED_EDGE('',*,*,#4637,.T.);
#3360=ORIENTED_EDGE('',*,*,#4635,.F.);
#3361=ORIENTED_EDGE('',*,*,#4633,.T.);
#3362=ORIENTED_EDGE('',*,*,#4631,.F.);
#3363=ORIENTED_EDGE('',*,*,#4629,.T.);
#3364=ORIENTED_EDGE('',*,*,#4627,.F.);
#3365=ORIENTED_EDGE('',*,*,#4625,.T.);
#3366=ORIENTED_EDGE('',*,*,#4624,.F.);
#3367=ORIENTED_EDGE('',*,*,#4622,.T.);
#3368=ORIENTED_EDGE('',*,*,#4620,.F.);
#3369=ORIENTED_EDGE('',*,*,#4618,.T.);
#3370=ORIENTED_EDGE('',*,*,#4840,.T.);
#3371=ORIENTED_EDGE('',*,*,#4679,.F.);
#3372=ORIENTED_EDGE('',*,*,#4678,.T.);
#3373=ORIENTED_EDGE('',*,*,#4676,.F.);
#3374=ORIENTED_EDGE('',*,*,#4673,.T.);
#3375=ORIENTED_EDGE('',*,*,#4671,.F.);
#3376=ORIENTED_EDGE('',*,*,#4669,.T.);
#3377=ORIENTED_EDGE('',*,*,#4667,.F.);
#3378=ORIENTED_EDGE('',*,*,#4665,.T.);
#3379=ORIENTED_EDGE('',*,*,#4663,.F.);
#3380=ORIENTED_EDGE('',*,*,#4661,.T.);
#3381=ORIENTED_EDGE('',*,*,#4659,.F.);
#3382=ORIENTED_EDGE('',*,*,#4657,.T.);
#3383=ORIENTED_EDGE('',*,*,#4656,.F.);
#3384=ORIENTED_EDGE('',*,*,#4654,.T.);
#3385=ORIENTED_EDGE('',*,*,#4652,.F.);
#3386=ORIENTED_EDGE('',*,*,#4650,.T.);
#3387=ORIENTED_EDGE('',*,*,#4841,.T.);
#3388=ORIENTED_EDGE('',*,*,#4711,.F.);
#3389=ORIENTED_EDGE('',*,*,#4710,.T.);
#3390=ORIENTED_EDGE('',*,*,#4708,.F.);
#3391=ORIENTED_EDGE('',*,*,#4705,.T.);
#3392=ORIENTED_EDGE('',*,*,#4703,.F.);
#3393=ORIENTED_EDGE('',*,*,#4701,.T.);
#3394=ORIENTED_EDGE('',*,*,#4699,.F.);
#3395=ORIENTED_EDGE('',*,*,#4697,.T.);
#3396=ORIENTED_EDGE('',*,*,#4695,.F.);
#3397=ORIENTED_EDGE('',*,*,#4693,.T.);
#3398=ORIENTED_EDGE('',*,*,#4691,.F.);
#3399=ORIENTED_EDGE('',*,*,#4689,.T.);
#3400=ORIENTED_EDGE('',*,*,#4688,.F.);
#3401=ORIENTED_EDGE('',*,*,#4686,.T.);
#3402=ORIENTED_EDGE('',*,*,#4684,.F.);
#3403=ORIENTED_EDGE('',*,*,#4682,.T.);
#3404=ORIENTED_EDGE('',*,*,#4842,.T.);
#3405=ORIENTED_EDGE('',*,*,#4743,.F.);
#3406=ORIENTED_EDGE('',*,*,#4742,.T.);
#3407=ORIENTED_EDGE('',*,*,#4740,.F.);
#3408=ORIENTED_EDGE('',*,*,#4737,.T.);
#3409=ORIENTED_EDGE('',*,*,#4735,.F.);
#3410=ORIENTED_EDGE('',*,*,#4733,.T.);
#3411=ORIENTED_EDGE('',*,*,#4731,.F.);
#3412=ORIENTED_EDGE('',*,*,#4729,.T.);
#3413=ORIENTED_EDGE('',*,*,#4727,.F.);
#3414=ORIENTED_EDGE('',*,*,#4725,.T.);
#3415=ORIENTED_EDGE('',*,*,#4723,.F.);
#3416=ORIENTED_EDGE('',*,*,#4721,.T.);
#3417=ORIENTED_EDGE('',*,*,#4720,.F.);
#3418=ORIENTED_EDGE('',*,*,#4718,.T.);
#3419=ORIENTED_EDGE('',*,*,#4716,.F.);
#3420=ORIENTED_EDGE('',*,*,#4714,.T.);
#3421=ORIENTED_EDGE('',*,*,#4843,.T.);
#3422=ORIENTED_EDGE('',*,*,#4775,.F.);
#3423=ORIENTED_EDGE('',*,*,#4774,.T.);
#3424=ORIENTED_EDGE('',*,*,#4772,.F.);
#3425=ORIENTED_EDGE('',*,*,#4769,.T.);
#3426=ORIENTED_EDGE('',*,*,#4767,.F.);
#3427=ORIENTED_EDGE('',*,*,#4765,.T.);
#3428=ORIENTED_EDGE('',*,*,#4763,.F.);
#3429=ORIENTED_EDGE('',*,*,#4761,.T.);
#3430=ORIENTED_EDGE('',*,*,#4759,.F.);
#3431=ORIENTED_EDGE('',*,*,#4757,.T.);
#3432=ORIENTED_EDGE('',*,*,#4755,.F.);
#3433=ORIENTED_EDGE('',*,*,#4753,.T.);
#3434=ORIENTED_EDGE('',*,*,#4752,.F.);
#3435=ORIENTED_EDGE('',*,*,#4750,.T.);
#3436=ORIENTED_EDGE('',*,*,#4748,.F.);
#3437=ORIENTED_EDGE('',*,*,#4746,.T.);
#3438=ORIENTED_EDGE('',*,*,#4844,.T.);
#3439=ORIENTED_EDGE('',*,*,#4807,.F.);
#3440=ORIENTED_EDGE('',*,*,#4806,.T.);
#3441=ORIENTED_EDGE('',*,*,#4804,.F.);
#3442=ORIENTED_EDGE('',*,*,#4801,.T.);
#3443=ORIENTED_EDGE('',*,*,#4799,.F.);
#3444=ORIENTED_EDGE('',*,*,#4797,.T.);
#3445=ORIENTED_EDGE('',*,*,#4795,.F.);
#3446=ORIENTED_EDGE('',*,*,#4793,.T.);
#3447=ORIENTED_EDGE('',*,*,#4791,.F.);
#3448=ORIENTED_EDGE('',*,*,#4789,.T.);
#3449=ORIENTED_EDGE('',*,*,#4787,.F.);
#3450=ORIENTED_EDGE('',*,*,#4785,.T.);
#3451=ORIENTED_EDGE('',*,*,#4784,.F.);
#3452=ORIENTED_EDGE('',*,*,#4782,.T.);
#3453=ORIENTED_EDGE('',*,*,#4780,.F.);
#3454=ORIENTED_EDGE('',*,*,#4778,.T.);
#3455=ORIENTED_EDGE('',*,*,#4845,.T.);
#3456=ORIENTED_EDGE('',*,*,#4839,.F.);
#3457=ORIENTED_EDGE('',*,*,#4838,.T.);
#3458=ORIENTED_EDGE('',*,*,#4836,.F.);
#3459=ORIENTED_EDGE('',*,*,#4833,.T.);
#3460=ORIENTED_EDGE('',*,*,#4831,.F.);
#3461=ORIENTED_EDGE('',*,*,#4829,.T.);
#3462=ORIENTED_EDGE('',*,*,#4827,.F.);
#3463=ORIENTED_EDGE('',*,*,#4825,.T.);
#3464=ORIENTED_EDGE('',*,*,#4823,.F.);
#3465=ORIENTED_EDGE('',*,*,#4821,.T.);
#3466=ORIENTED_EDGE('',*,*,#4819,.F.);
#3467=ORIENTED_EDGE('',*,*,#4817,.T.);
#3468=ORIENTED_EDGE('',*,*,#4816,.F.);
#3469=ORIENTED_EDGE('',*,*,#4814,.T.);
#3470=ORIENTED_EDGE('',*,*,#4812,.F.);
#3471=ORIENTED_EDGE('',*,*,#4810,.T.);
#3472=ORIENTED_EDGE('',*,*,#4846,.T.);
#3473=ORIENTED_EDGE('',*,*,#4840,.F.);
#3474=ORIENTED_EDGE('',*,*,#4847,.T.);
#3475=ORIENTED_EDGE('',*,*,#4841,.F.);
#3476=ORIENTED_EDGE('',*,*,#4848,.T.);
#3477=ORIENTED_EDGE('',*,*,#4842,.F.);
#3478=ORIENTED_EDGE('',*,*,#4849,.T.);
#3479=ORIENTED_EDGE('',*,*,#4843,.F.);
#3480=ORIENTED_EDGE('',*,*,#4850,.T.);
#3481=ORIENTED_EDGE('',*,*,#4844,.F.);
#3482=ORIENTED_EDGE('',*,*,#4851,.T.);
#3483=ORIENTED_EDGE('',*,*,#4845,.F.);
#3484=ORIENTED_EDGE('',*,*,#4852,.T.);
#3485=ORIENTED_EDGE('',*,*,#4846,.F.);
#3486=ORIENTED_EDGE('',*,*,#4853,.T.);
#3487=ORIENTED_EDGE('',*,*,#4854,.F.);
#3488=ORIENTED_EDGE('',*,*,#4855,.F.);
#3489=ORIENTED_EDGE('',*,*,#4856,.F.);
#3490=ORIENTED_EDGE('',*,*,#4857,.F.);
#3491=ORIENTED_EDGE('',*,*,#3672,.F.);
#3492=ORIENTED_EDGE('',*,*,#3670,.F.);
#3493=ORIENTED_EDGE('',*,*,#3668,.F.);
#3494=ORIENTED_EDGE('',*,*,#3666,.F.);
#3495=ORIENTED_EDGE('',*,*,#3664,.F.);
#3496=ORIENTED_EDGE('',*,*,#3662,.F.);
#3497=ORIENTED_EDGE('',*,*,#3660,.F.);
#3498=ORIENTED_EDGE('',*,*,#3658,.F.);
#3499=ORIENTED_EDGE('',*,*,#3656,.F.);
#3500=ORIENTED_EDGE('',*,*,#3654,.F.);
#3501=ORIENTED_EDGE('',*,*,#3652,.F.);
#3502=ORIENTED_EDGE('',*,*,#3650,.F.);
#3503=ORIENTED_EDGE('',*,*,#3648,.F.);
#3504=ORIENTED_EDGE('',*,*,#3646,.F.);
#3505=ORIENTED_EDGE('',*,*,#3644,.F.);
#3506=ORIENTED_EDGE('',*,*,#3642,.F.);
#3507=ORIENTED_EDGE('',*,*,#4853,.F.);
#3508=ORIENTED_EDGE('',*,*,#4852,.F.);
#3509=ORIENTED_EDGE('',*,*,#4851,.F.);
#3510=ORIENTED_EDGE('',*,*,#4850,.F.);
#3511=ORIENTED_EDGE('',*,*,#4849,.F.);
#3512=ORIENTED_EDGE('',*,*,#4848,.F.);
#3513=ORIENTED_EDGE('',*,*,#4847,.F.);
#3514=ORIENTED_EDGE('',*,*,#3697,.F.);
#3515=ORIENTED_EDGE('',*,*,#4858,.F.);
#3516=ORIENTED_EDGE('',*,*,#4856,.T.);
#3517=ORIENTED_EDGE('',*,*,#4859,.T.);
#3518=ORIENTED_EDGE('',*,*,#3696,.F.);
#3519=ORIENTED_EDGE('',*,*,#4860,.F.);
#3520=ORIENTED_EDGE('',*,*,#4857,.T.);
#3521=ORIENTED_EDGE('',*,*,#4858,.T.);
#3522=ORIENTED_EDGE('',*,*,#3695,.F.);
#3523=ORIENTED_EDGE('',*,*,#4861,.F.);
#3524=ORIENTED_EDGE('',*,*,#4854,.T.);
#3525=ORIENTED_EDGE('',*,*,#4860,.T.);
#3526=ORIENTED_EDGE('',*,*,#3694,.F.);
#3527=ORIENTED_EDGE('',*,*,#4859,.F.);
#3528=ORIENTED_EDGE('',*,*,#4855,.T.);
#3529=ORIENTED_EDGE('',*,*,#4861,.T.);
#3530=ORIENTED_EDGE('',*,*,#3671,.T.);
#3531=ORIENTED_EDGE('',*,*,#3669,.T.);
#3532=ORIENTED_EDGE('',*,*,#3667,.T.);
#3533=ORIENTED_EDGE('',*,*,#3665,.T.);
#3534=ORIENTED_EDGE('',*,*,#3663,.T.);
#3535=ORIENTED_EDGE('',*,*,#3661,.T.);
#3536=ORIENTED_EDGE('',*,*,#3659,.T.);
#3537=ORIENTED_EDGE('',*,*,#3657,.T.);
#3538=ORIENTED_EDGE('',*,*,#3655,.T.);
#3539=ORIENTED_EDGE('',*,*,#3653,.T.);
#3540=ORIENTED_EDGE('',*,*,#3651,.T.);
#3541=ORIENTED_EDGE('',*,*,#3649,.T.);
#3542=ORIENTED_EDGE('',*,*,#3647,.T.);
#3543=ORIENTED_EDGE('',*,*,#3645,.T.);
#3544=ORIENTED_EDGE('',*,*,#3643,.T.);
#3545=ORIENTED_EDGE('',*,*,#3641,.T.);
#3546=ORIENTED_EDGE('',*,*,#3639,.T.);
#3547=ORIENTED_EDGE('',*,*,#3637,.T.);
#3548=ORIENTED_EDGE('',*,*,#3635,.T.);
#3549=ORIENTED_EDGE('',*,*,#3633,.T.);
#3550=ORIENTED_EDGE('',*,*,#3631,.T.);
#3551=ORIENTED_EDGE('',*,*,#3629,.T.);
#3552=ORIENTED_EDGE('',*,*,#3627,.T.);
#3553=ORIENTED_EDGE('',*,*,#3625,.T.);
#3554=ORIENTED_EDGE('',*,*,#3623,.T.);
#3555=ORIENTED_EDGE('',*,*,#3621,.T.);
#3556=ORIENTED_EDGE('',*,*,#3619,.T.);
#3557=ORIENTED_EDGE('',*,*,#3617,.T.);
#3558=ORIENTED_EDGE('',*,*,#3615,.T.);
#3559=ORIENTED_EDGE('',*,*,#3613,.T.);
#3560=ORIENTED_EDGE('',*,*,#3611,.T.);
#3561=ORIENTED_EDGE('',*,*,#3673,.T.);
#3562=ORIENTED_EDGE('',*,*,#4862,.F.);
#3563=ORIENTED_EDGE('',*,*,#4863,.T.);
#3564=ORIENTED_EDGE('',*,*,#4862,.T.);
#3565=ORIENTED_EDGE('',*,*,#4864,.F.);
#3566=ORIENTED_EDGE('',*,*,#4865,.T.);
#3567=ORIENTED_EDGE('',*,*,#4864,.T.);
#3568=ORIENTED_EDGE('',*,*,#4866,.F.);
#3569=ORIENTED_EDGE('',*,*,#4867,.T.);
#3570=ORIENTED_EDGE('',*,*,#4866,.T.);
#3571=ORIENTED_EDGE('',*,*,#4868,.F.);
#3572=ORIENTED_EDGE('',*,*,#4869,.T.);
#3573=ORIENTED_EDGE('',*,*,#4868,.T.);
#3574=ORIENTED_EDGE('',*,*,#3603,.F.);
#3575=ORIENTED_EDGE('',*,*,#3678,.F.);
#3576=ORIENTED_EDGE('',*,*,#3686,.F.);
#3577=ORIENTED_EDGE('',*,*,#3680,.F.);
#3578=ORIENTED_EDGE('',*,*,#3605,.F.);
#3579=ORIENTED_EDGE('',*,*,#3682,.F.);
#3580=ORIENTED_EDGE('',*,*,#3689,.F.);
#3581=ORIENTED_EDGE('',*,*,#3683,.F.);
#3582=ORIENTED_EDGE('',*,*,#3607,.F.);
#3583=ORIENTED_EDGE('',*,*,#3685,.F.);
#3584=ORIENTED_EDGE('',*,*,#3688,.F.);
#3585=ORIENTED_EDGE('',*,*,#3674,.F.);
#3586=ORIENTED_EDGE('',*,*,#3609,.F.);
#3587=ORIENTED_EDGE('',*,*,#3676,.F.);
#3588=ORIENTED_EDGE('',*,*,#3687,.F.);
#3589=ORIENTED_EDGE('',*,*,#3679,.F.);
#3590=ORIENTED_EDGE('',*,*,#4865,.F.);
#3591=ORIENTED_EDGE('',*,*,#3598,.F.);
#3592=ORIENTED_EDGE('',*,*,#4867,.F.);
#3593=ORIENTED_EDGE('',*,*,#3599,.F.);
#3594=ORIENTED_EDGE('',*,*,#4869,.F.);
#3595=ORIENTED_EDGE('',*,*,#3600,.F.);
#3596=ORIENTED_EDGE('',*,*,#4863,.F.);
#3597=ORIENTED_EDGE('',*,*,#3601,.F.);
#3598=EDGE_CURVE('',#4870,#4870,#5682,.F.);
#3599=EDGE_CURVE('',#4871,#4871,#5683,.F.);
#3600=EDGE_CURVE('',#4872,#4872,#5684,.F.);
#3601=EDGE_CURVE('',#4873,#4873,#5685,.F.);
#3602=EDGE_CURVE('',#4874,#4875,#526,.T.);
#3603=EDGE_CURVE('',#4875,#4876,#5686,.T.);
#3604=EDGE_CURVE('',#4876,#4877,#527,.T.);
#3605=EDGE_CURVE('',#4877,#4878,#5687,.T.);
#3606=EDGE_CURVE('',#4879,#4878,#528,.T.);
#3607=EDGE_CURVE('',#4879,#4880,#5688,.T.);
#3608=EDGE_CURVE('',#4881,#4880,#529,.T.);
#3609=EDGE_CURVE('',#4881,#4874,#5689,.T.);
#3610=EDGE_CURVE('',#4882,#4882,#5690,.T.);
#3611=EDGE_CURVE('',#4883,#4883,#5691,.F.);
#3612=EDGE_CURVE('',#4884,#4884,#5692,.T.);
#3613=EDGE_CURVE('',#4885,#4885,#5693,.F.);
#3614=EDGE_CURVE('',#4886,#4886,#5694,.T.);
#3615=EDGE_CURVE('',#4887,#4887,#5695,.F.);
#3616=EDGE_CURVE('',#4888,#4888,#5696,.T.);
#3617=EDGE_CURVE('',#4889,#4889,#5697,.F.);
#3618=EDGE_CURVE('',#4890,#4890,#5698,.T.);
#3619=EDGE_CURVE('',#4891,#4891,#5699,.F.);
#3620=EDGE_CURVE('',#4892,#4892,#5700,.T.);
#3621=EDGE_CURVE('',#4893,#4893,#5701,.F.);
#3622=EDGE_CURVE('',#4894,#4894,#5702,.T.);
#3623=EDGE_CURVE('',#4895,#4895,#5703,.F.);
#3624=EDGE_CURVE('',#4896,#4896,#5704,.T.);
#3625=EDGE_CURVE('',#4897,#4897,#5705,.F.);
#3626=EDGE_CURVE('',#4898,#4898,#5706,.T.);
#3627=EDGE_CURVE('',#4899,#4899,#5707,.F.);
#3628=EDGE_CURVE('',#4900,#4900,#5708,.T.);
#3629=EDGE_CURVE('',#4901,#4901,#5709,.F.);
#3630=EDGE_CURVE('',#4902,#4902,#5710,.T.);
#3631=EDGE_CURVE('',#4903,#4903,#5711,.F.);
#3632=EDGE_CURVE('',#4904,#4904,#5712,.T.);
#3633=EDGE_CURVE('',#4905,#4905,#5713,.F.);
#3634=EDGE_CURVE('',#4906,#4906,#5714,.T.);
#3635=EDGE_CURVE('',#4907,#4907,#5715,.F.);
#3636=EDGE_CURVE('',#4908,#4908,#5716,.T.);
#3637=EDGE_CURVE('',#4909,#4909,#5717,.F.);
#3638=EDGE_CURVE('',#4910,#4910,#5718,.T.);
#3639=EDGE_CURVE('',#4911,#4911,#5719,.F.);
#3640=EDGE_CURVE('',#4912,#4912,#5720,.T.);
#3641=EDGE_CURVE('',#4913,#4913,#5721,.F.);
#3642=EDGE_CURVE('',#4914,#4914,#5722,.T.);
#3643=EDGE_CURVE('',#4915,#4915,#5723,.F.);
#3644=EDGE_CURVE('',#4916,#4916,#5724,.T.);
#3645=EDGE_CURVE('',#4917,#4917,#5725,.F.);
#3646=EDGE_CURVE('',#4918,#4918,#5726,.T.);
#3647=EDGE_CURVE('',#4919,#4919,#5727,.F.);
#3648=EDGE_CURVE('',#4920,#4920,#5728,.T.);
#3649=EDGE_CURVE('',#4921,#4921,#5729,.F.);
#3650=EDGE_CURVE('',#4922,#4922,#5730,.T.);
#3651=EDGE_CURVE('',#4923,#4923,#5731,.F.);
#3652=EDGE_CURVE('',#4924,#4924,#5732,.T.);
#3653=EDGE_CURVE('',#4925,#4925,#5733,.F.);
#3654=EDGE_CURVE('',#4926,#4926,#5734,.T.);
#3655=EDGE_CURVE('',#4927,#4927,#5735,.F.);
#3656=EDGE_CURVE('',#4928,#4928,#5736,.T.);
#3657=EDGE_CURVE('',#4929,#4929,#5737,.F.);
#3658=EDGE_CURVE('',#4930,#4930,#5738,.T.);
#3659=EDGE_CURVE('',#4931,#4931,#5739,.F.);
#3660=EDGE_CURVE('',#4932,#4932,#5740,.T.);
#3661=EDGE_CURVE('',#4933,#4933,#5741,.F.);
#3662=EDGE_CURVE('',#4934,#4934,#5742,.T.);
#3663=EDGE_CURVE('',#4935,#4935,#5743,.F.);
#3664=EDGE_CURVE('',#4936,#4936,#5744,.T.);
#3665=EDGE_CURVE('',#4937,#4937,#5745,.F.);
#3666=EDGE_CURVE('',#4938,#4938,#5746,.T.);
#3667=EDGE_CURVE('',#4939,#4939,#5747,.F.);
#3668=EDGE_CURVE('',#4940,#4940,#5748,.T.);
#3669=EDGE_CURVE('',#4941,#4941,#5749,.F.);
#3670=EDGE_CURVE('',#4942,#4942,#5750,.T.);
#3671=EDGE_CURVE('',#4943,#4943,#5751,.F.);
#3672=EDGE_CURVE('',#4944,#4944,#5752,.T.);
#3673=EDGE_CURVE('',#4945,#4945,#5753,.F.);
#3674=EDGE_CURVE('',#4880,#4946,#530,.T.);
#3675=EDGE_CURVE('',#4947,#4946,#531,.T.);
#3676=EDGE_CURVE('',#4947,#4881,#532,.F.);
#3677=EDGE_CURVE('',#4948,#4949,#533,.T.);
#3678=EDGE_CURVE('',#4949,#4875,#534,.F.);
#3679=EDGE_CURVE('',#4874,#4948,#535,.T.);
#3680=EDGE_CURVE('',#4876,#4950,#536,.T.);
#3681=EDGE_CURVE('',#4950,#4951,#537,.T.);
#3682=EDGE_CURVE('',#4951,#4877,#538,.F.);
#3683=EDGE_CURVE('',#4878,#4952,#539,.T.);
#3684=EDGE_CURVE('',#4953,#4952,#540,.T.);
#3685=EDGE_CURVE('',#4953,#4879,#541,.F.);
#3686=EDGE_CURVE('',#4950,#4949,#5754,.F.);
#3687=EDGE_CURVE('',#4948,#4947,#5755,.F.);
#3688=EDGE_CURVE('',#4946,#4953,#5756,.F.);
#3689=EDGE_CURVE('',#4952,#4951,#5757,.F.);
#3690=EDGE_CURVE('',#4954,#4955,#542,.T.);
#3691=EDGE_CURVE('',#4955,#4956,#543,.T.);
#3692=EDGE_CURVE('',#4956,#4957,#544,.T.);
#3693=EDGE_CURVE('',#4957,#4954,#545,.T.);
#3694=EDGE_CURVE('',#4958,#4959,#546,.T.);
#3695=EDGE_CURVE('',#4959,#4960,#547,.T.);
#3696=EDGE_CURVE('',#4960,#4961,#548,.T.);
#3697=EDGE_CURVE('',#4961,#4958,#549,.T.);
#3698=EDGE_CURVE('',#4962,#4963,#5758,.T.);
#3699=EDGE_CURVE('',#4962,#4964,#5759,.T.);
#3700=EDGE_CURVE('',#4965,#4964,#5760,.T.);
#3701=EDGE_CURVE('',#4965,#4966,#5761,.T.);
#3702=EDGE_CURVE('',#4967,#4966,#5762,.T.);
#3703=EDGE_CURVE('',#4967,#4968,#5763,.T.);
#3704=EDGE_CURVE('',#4969,#4968,#5764,.T.);
#3705=EDGE_CURVE('',#4969,#4970,#5765,.T.);
#3706=EDGE_CURVE('',#4971,#4970,#5766,.T.);
#3707=EDGE_CURVE('',#4971,#4972,#5767,.T.);
#3708=EDGE_CURVE('',#4973,#4972,#5768,.T.);
#3709=EDGE_CURVE('',#4973,#4974,#5769,.T.);
#3710=EDGE_CURVE('',#4975,#4974,#5770,.T.);
#3711=EDGE_CURVE('',#4975,#4976,#5771,.T.);
#3712=EDGE_CURVE('',#4977,#4976,#5772,.T.);
#3713=EDGE_CURVE('',#4977,#4963,#5773,.T.);
#3714=EDGE_CURVE('',#4978,#4979,#5774,.T.);
#3715=EDGE_CURVE('',#4978,#4980,#5775,.T.);
#3716=EDGE_CURVE('',#4981,#4980,#5776,.T.);
#3717=EDGE_CURVE('',#4981,#4982,#5777,.T.);
#3718=EDGE_CURVE('',#4983,#4982,#5778,.T.);
#3719=EDGE_CURVE('',#4983,#4984,#5779,.T.);
#3720=EDGE_CURVE('',#4985,#4984,#5780,.T.);
#3721=EDGE_CURVE('',#4985,#4986,#5781,.T.);
#3722=EDGE_CURVE('',#4987,#4986,#5782,.T.);
#3723=EDGE_CURVE('',#4987,#4988,#5783,.T.);
#3724=EDGE_CURVE('',#4989,#4988,#5784,.T.);
#3725=EDGE_CURVE('',#4989,#4990,#5785,.T.);
#3726=EDGE_CURVE('',#4991,#4990,#5786,.T.);
#3727=EDGE_CURVE('',#4991,#4992,#5787,.T.);
#3728=EDGE_CURVE('',#4993,#4992,#5788,.T.);
#3729=EDGE_CURVE('',#4993,#4979,#5789,.T.);
#3730=EDGE_CURVE('',#4994,#4995,#5790,.T.);
#3731=EDGE_CURVE('',#4994,#4996,#5791,.T.);
#3732=EDGE_CURVE('',#4997,#4996,#5792,.T.);
#3733=EDGE_CURVE('',#4997,#4998,#5793,.T.);
#3734=EDGE_CURVE('',#4999,#4998,#5794,.T.);
#3735=EDGE_CURVE('',#4999,#5000,#5795,.T.);
#3736=EDGE_CURVE('',#5001,#5000,#5796,.T.);
#3737=EDGE_CURVE('',#5001,#5002,#5797,.T.);
#3738=EDGE_CURVE('',#5003,#5002,#5798,.T.);
#3739=EDGE_CURVE('',#5003,#5004,#5799,.T.);
#3740=EDGE_CURVE('',#5005,#5004,#5800,.T.);
#3741=EDGE_CURVE('',#5005,#5006,#5801,.T.);
#3742=EDGE_CURVE('',#5007,#5006,#5802,.T.);
#3743=EDGE_CURVE('',#5007,#5008,#5803,.T.);
#3744=EDGE_CURVE('',#5009,#5008,#5804,.T.);
#3745=EDGE_CURVE('',#5009,#4995,#5805,.T.);
#3746=EDGE_CURVE('',#5010,#5011,#5806,.T.);
#3747=EDGE_CURVE('',#5010,#5012,#5807,.T.);
#3748=EDGE_CURVE('',#5013,#5012,#5808,.T.);
#3749=EDGE_CURVE('',#5013,#5014,#5809,.T.);
#3750=EDGE_CURVE('',#5015,#5014,#5810,.T.);
#3751=EDGE_CURVE('',#5015,#5016,#5811,.T.);
#3752=EDGE_CURVE('',#5017,#5016,#5812,.T.);
#3753=EDGE_CURVE('',#5017,#5018,#5813,.T.);
#3754=EDGE_CURVE('',#5019,#5018,#5814,.T.);
#3755=EDGE_CURVE('',#5019,#5020,#5815,.T.);
#3756=EDGE_CURVE('',#5021,#5020,#5816,.T.);
#3757=EDGE_CURVE('',#5021,#5022,#5817,.T.);
#3758=EDGE_CURVE('',#5023,#5022,#5818,.T.);
#3759=EDGE_CURVE('',#5023,#5024,#5819,.T.);
#3760=EDGE_CURVE('',#5025,#5024,#5820,.T.);
#3761=EDGE_CURVE('',#5025,#5011,#5821,.T.);
#3762=EDGE_CURVE('',#5026,#5027,#5822,.T.);
#3763=EDGE_CURVE('',#5026,#5028,#5823,.T.);
#3764=EDGE_CURVE('',#5029,#5028,#5824,.T.);
#3765=EDGE_CURVE('',#5029,#5030,#5825,.T.);
#3766=EDGE_CURVE('',#5031,#5030,#5826,.T.);
#3767=EDGE_CURVE('',#5031,#5032,#5827,.T.);
#3768=EDGE_CURVE('',#5033,#5032,#5828,.T.);
#3769=EDGE_CURVE('',#5033,#5034,#5829,.T.);
#3770=EDGE_CURVE('',#5035,#5034,#5830,.T.);
#3771=EDGE_CURVE('',#5035,#5036,#5831,.T.);
#3772=EDGE_CURVE('',#5037,#5036,#5832,.T.);
#3773=EDGE_CURVE('',#5037,#5038,#5833,.T.);
#3774=EDGE_CURVE('',#5039,#5038,#5834,.T.);
#3775=EDGE_CURVE('',#5039,#5040,#5835,.T.);
#3776=EDGE_CURVE('',#5041,#5040,#5836,.T.);
#3777=EDGE_CURVE('',#5041,#5027,#5837,.T.);
#3778=EDGE_CURVE('',#5042,#5043,#5838,.T.);
#3779=EDGE_CURVE('',#5042,#5044,#5839,.T.);
#3780=EDGE_CURVE('',#5045,#5044,#5840,.T.);
#3781=EDGE_CURVE('',#5045,#5046,#5841,.T.);
#3782=EDGE_CURVE('',#5047,#5046,#5842,.T.);
#3783=EDGE_CURVE('',#5047,#5048,#5843,.T.);
#3784=EDGE_CURVE('',#5049,#5048,#5844,.T.);
#3785=EDGE_CURVE('',#5049,#5050,#5845,.T.);
#3786=EDGE_CURVE('',#5051,#5050,#5846,.T.);
#3787=EDGE_CURVE('',#5051,#5052,#5847,.T.);
#3788=EDGE_CURVE('',#5053,#5052,#5848,.T.);
#3789=EDGE_CURVE('',#5053,#5054,#5849,.T.);
#3790=EDGE_CURVE('',#5055,#5054,#5850,.T.);
#3791=EDGE_CURVE('',#5055,#5056,#5851,.T.);
#3792=EDGE_CURVE('',#5057,#5056,#5852,.T.);
#3793=EDGE_CURVE('',#5057,#5043,#5853,.T.);
#3794=EDGE_CURVE('',#5058,#5059,#5854,.T.);
#3795=EDGE_CURVE('',#5058,#5060,#5855,.T.);
#3796=EDGE_CURVE('',#5061,#5060,#5856,.T.);
#3797=EDGE_CURVE('',#5061,#5062,#5857,.T.);
#3798=EDGE_CURVE('',#5063,#5062,#5858,.T.);
#3799=EDGE_CURVE('',#5063,#5064,#5859,.T.);
#3800=EDGE_CURVE('',#5065,#5064,#5860,.T.);
#3801=EDGE_CURVE('',#5065,#5066,#5861,.T.);
#3802=EDGE_CURVE('',#5067,#5066,#5862,.T.);
#3803=EDGE_CURVE('',#5067,#5068,#5863,.T.);
#3804=EDGE_CURVE('',#5069,#5068,#5864,.T.);
#3805=EDGE_CURVE('',#5069,#5070,#5865,.T.);
#3806=EDGE_CURVE('',#5071,#5070,#5866,.T.);
#3807=EDGE_CURVE('',#5071,#5072,#5867,.T.);
#3808=EDGE_CURVE('',#5073,#5072,#5868,.T.);
#3809=EDGE_CURVE('',#5073,#5059,#5869,.T.);
#3810=EDGE_CURVE('',#4974,#5074,#550,.T.);
#3811=EDGE_CURVE('',#5074,#5075,#5870,.T.);
#3812=EDGE_CURVE('',#5075,#4975,#551,.T.);
#3813=EDGE_CURVE('',#5076,#5075,#5871,.T.);
#3814=EDGE_CURVE('',#4976,#5076,#552,.T.);
#3815=EDGE_CURVE('',#5076,#5077,#5872,.T.);
#3816=EDGE_CURVE('',#5077,#4977,#553,.T.);
#3817=EDGE_CURVE('',#5078,#5077,#5873,.T.);
#3818=EDGE_CURVE('',#4963,#5078,#554,.T.);
#3819=EDGE_CURVE('',#5078,#5079,#5874,.T.);
#3820=EDGE_CURVE('',#5079,#4962,#555,.T.);
#3821=EDGE_CURVE('',#5080,#5079,#5875,.T.);
#3822=EDGE_CURVE('',#4964,#5080,#556,.T.);
#3823=EDGE_CURVE('',#5080,#5081,#5876,.T.);
#3824=EDGE_CURVE('',#5081,#4965,#557,.T.);
#3825=EDGE_CURVE('',#5082,#5081,#5877,.T.);
#3826=EDGE_CURVE('',#4966,#5082,#558,.T.);
#3827=EDGE_CURVE('',#5082,#5083,#5878,.T.);
#3828=EDGE_CURVE('',#5083,#4967,#559,.T.);
#3829=EDGE_CURVE('',#5084,#5083,#5879,.T.);
#3830=EDGE_CURVE('',#4968,#5084,#560,.T.);
#3831=EDGE_CURVE('',#5084,#5085,#5880,.T.);
#3832=EDGE_CURVE('',#5085,#4969,#561,.T.);
#3833=EDGE_CURVE('',#5086,#5085,#5881,.T.);
#3834=EDGE_CURVE('',#4970,#5086,#562,.T.);
#3835=EDGE_CURVE('',#5086,#5087,#5882,.T.);
#3836=EDGE_CURVE('',#5087,#4971,#563,.T.);
#3837=EDGE_CURVE('',#5088,#5087,#5883,.T.);
#3838=EDGE_CURVE('',#4972,#5088,#564,.T.);
#3839=EDGE_CURVE('',#5088,#5089,#5884,.T.);
#3840=EDGE_CURVE('',#5089,#4973,#565,.T.);
#3841=EDGE_CURVE('',#5074,#5089,#5885,.T.);
#3842=EDGE_CURVE('',#4990,#5090,#566,.T.);
#3843=EDGE_CURVE('',#5090,#5091,#5886,.T.);
#3844=EDGE_CURVE('',#5091,#4991,#567,.T.);
#3845=EDGE_CURVE('',#5092,#5091,#5887,.T.);
#3846=EDGE_CURVE('',#4992,#5092,#568,.T.);
#3847=EDGE_CURVE('',#5092,#5093,#5888,.T.);
#3848=EDGE_CURVE('',#5093,#4993,#569,.T.);
#3849=EDGE_CURVE('',#5094,#5093,#5889,.T.);
#3850=EDGE_CURVE('',#4979,#5094,#570,.T.);
#3851=EDGE_CURVE('',#5094,#5095,#5890,.T.);
#3852=EDGE_CURVE('',#5095,#4978,#571,.T.);
#3853=EDGE_CURVE('',#5096,#5095,#5891,.T.);
#3854=EDGE_CURVE('',#4980,#5096,#572,.T.);
#3855=EDGE_CURVE('',#5096,#5097,#5892,.T.);
#3856=EDGE_CURVE('',#5097,#4981,#573,.T.);
#3857=EDGE_CURVE('',#5098,#5097,#5893,.T.);
#3858=EDGE_CURVE('',#4982,#5098,#574,.T.);
#3859=EDGE_CURVE('',#5098,#5099,#5894,.T.);
#3860=EDGE_CURVE('',#5099,#4983,#575,.T.);
#3861=EDGE_CURVE('',#5100,#5099,#5895,.T.);
#3862=EDGE_CURVE('',#4984,#5100,#576,.T.);
#3863=EDGE_CURVE('',#5100,#5101,#5896,.T.);
#3864=EDGE_CURVE('',#5101,#4985,#577,.T.);
#3865=EDGE_CURVE('',#5102,#5101,#5897,.T.);
#3866=EDGE_CURVE('',#4986,#5102,#578,.T.);
#3867=EDGE_CURVE('',#5102,#5103,#5898,.T.);
#3868=EDGE_CURVE('',#5103,#4987,#579,.T.);
#3869=EDGE_CURVE('',#5104,#5103,#5899,.T.);
#3870=EDGE_CURVE('',#4988,#5104,#580,.T.);
#3871=EDGE_CURVE('',#5104,#5105,#5900,.T.);
#3872=EDGE_CURVE('',#5105,#4989,#581,.T.);
#3873=EDGE_CURVE('',#5090,#5105,#5901,.T.);
#3874=EDGE_CURVE('',#5006,#5106,#582,.T.);
#3875=EDGE_CURVE('',#5106,#5107,#5902,.T.);
#3876=EDGE_CURVE('',#5107,#5007,#583,.T.);
#3877=EDGE_CURVE('',#5108,#5107,#5903,.T.);
#3878=EDGE_CURVE('',#5008,#5108,#584,.T.);
#3879=EDGE_CURVE('',#5108,#5109,#5904,.T.);
#3880=EDGE_CURVE('',#5109,#5009,#585,.T.);
#3881=EDGE_CURVE('',#5110,#5109,#5905,.T.);
#3882=EDGE_CURVE('',#4995,#5110,#586,.T.);
#3883=EDGE_CURVE('',#5110,#5111,#5906,.T.);
#3884=EDGE_CURVE('',#5111,#4994,#587,.T.);
#3885=EDGE_CURVE('',#5112,#5111,#5907,.T.);
#3886=EDGE_CURVE('',#4996,#5112,#588,.T.);
#3887=EDGE_CURVE('',#5112,#5113,#5908,.T.);
#3888=EDGE_CURVE('',#5113,#4997,#589,.T.);
#3889=EDGE_CURVE('',#5114,#5113,#5909,.T.);
#3890=EDGE_CURVE('',#4998,#5114,#590,.T.);
#3891=EDGE_CURVE('',#5114,#5115,#5910,.T.);
#3892=EDGE_CURVE('',#5115,#4999,#591,.T.);
#3893=EDGE_CURVE('',#5116,#5115,#5911,.T.);
#3894=EDGE_CURVE('',#5000,#5116,#592,.T.);
#3895=EDGE_CURVE('',#5116,#5117,#5912,.T.);
#3896=EDGE_CURVE('',#5117,#5001,#593,.T.);
#3897=EDGE_CURVE('',#5118,#5117,#5913,.T.);
#3898=EDGE_CURVE('',#5002,#5118,#594,.T.);
#3899=EDGE_CURVE('',#5118,#5119,#5914,.T.);
#3900=EDGE_CURVE('',#5119,#5003,#595,.T.);
#3901=EDGE_CURVE('',#5120,#5119,#5915,.T.);
#3902=EDGE_CURVE('',#5004,#5120,#596,.T.);
#3903=EDGE_CURVE('',#5120,#5121,#5916,.T.);
#3904=EDGE_CURVE('',#5121,#5005,#597,.T.);
#3905=EDGE_CURVE('',#5106,#5121,#5917,.T.);
#3906=EDGE_CURVE('',#5022,#5122,#598,.T.);
#3907=EDGE_CURVE('',#5122,#5123,#5918,.T.);
#3908=EDGE_CURVE('',#5123,#5023,#599,.T.);
#3909=EDGE_CURVE('',#5124,#5123,#5919,.T.);
#3910=EDGE_CURVE('',#5024,#5124,#600,.T.);
#3911=EDGE_CURVE('',#5124,#5125,#5920,.T.);
#3912=EDGE_CURVE('',#5125,#5025,#601,.T.);
#3913=EDGE_CURVE('',#5126,#5125,#5921,.T.);
#3914=EDGE_CURVE('',#5011,#5126,#602,.T.);
#3915=EDGE_CURVE('',#5126,#5127,#5922,.T.);
#3916=EDGE_CURVE('',#5127,#5010,#603,.T.);
#3917=EDGE_CURVE('',#5128,#5127,#5923,.T.);
#3918=EDGE_CURVE('',#5012,#5128,#604,.T.);
#3919=EDGE_CURVE('',#5128,#5129,#5924,.T.);
#3920=EDGE_CURVE('',#5129,#5013,#605,.T.);
#3921=EDGE_CURVE('',#5130,#5129,#5925,.T.);
#3922=EDGE_CURVE('',#5014,#5130,#606,.T.);
#3923=EDGE_CURVE('',#5130,#5131,#5926,.T.);
#3924=EDGE_CURVE('',#5131,#5015,#607,.T.);
#3925=EDGE_CURVE('',#5132,#5131,#5927,.T.);
#3926=EDGE_CURVE('',#5016,#5132,#608,.T.);
#3927=EDGE_CURVE('',#5132,#5133,#5928,.T.);
#3928=EDGE_CURVE('',#5133,#5017,#609,.T.);
#3929=EDGE_CURVE('',#5134,#5133,#5929,.T.);
#3930=EDGE_CURVE('',#5018,#5134,#610,.T.);
#3931=EDGE_CURVE('',#5134,#5135,#5930,.T.);
#3932=EDGE_CURVE('',#5135,#5019,#611,.T.);
#3933=EDGE_CURVE('',#5136,#5135,#5931,.T.);
#3934=EDGE_CURVE('',#5020,#5136,#612,.T.);
#3935=EDGE_CURVE('',#5136,#5137,#5932,.T.);
#3936=EDGE_CURVE('',#5137,#5021,#613,.T.);
#3937=EDGE_CURVE('',#5122,#5137,#5933,.T.);
#3938=EDGE_CURVE('',#5038,#5138,#614,.T.);
#3939=EDGE_CURVE('',#5138,#5139,#5934,.T.);
#3940=EDGE_CURVE('',#5139,#5039,#615,.T.);
#3941=EDGE_CURVE('',#5140,#5139,#5935,.T.);
#3942=EDGE_CURVE('',#5040,#5140,#616,.T.);
#3943=EDGE_CURVE('',#5140,#5141,#5936,.T.);
#3944=EDGE_CURVE('',#5141,#5041,#617,.T.);
#3945=EDGE_CURVE('',#5142,#5141,#5937,.T.);
#3946=EDGE_CURVE('',#5027,#5142,#618,.T.);
#3947=EDGE_CURVE('',#5142,#5143,#5938,.T.);
#3948=EDGE_CURVE('',#5143,#5026,#619,.T.);
#3949=EDGE_CURVE('',#5144,#5143,#5939,.T.);
#3950=EDGE_CURVE('',#5028,#5144,#620,.T.);
#3951=EDGE_CURVE('',#5144,#5145,#5940,.T.);
#3952=EDGE_CURVE('',#5145,#5029,#621,.T.);
#3953=EDGE_CURVE('',#5146,#5145,#5941,.T.);
#3954=EDGE_CURVE('',#5030,#5146,#622,.T.);
#3955=EDGE_CURVE('',#5146,#5147,#5942,.T.);
#3956=EDGE_CURVE('',#5147,#5031,#623,.T.);
#3957=EDGE_CURVE('',#5148,#5147,#5943,.T.);
#3958=EDGE_CURVE('',#5032,#5148,#624,.T.);
#3959=EDGE_CURVE('',#5148,#5149,#5944,.T.);
#3960=EDGE_CURVE('',#5149,#5033,#625,.T.);
#3961=EDGE_CURVE('',#5150,#5149,#5945,.T.);
#3962=EDGE_CURVE('',#5034,#5150,#626,.T.);
#3963=EDGE_CURVE('',#5150,#5151,#5946,.T.);
#3964=EDGE_CURVE('',#5151,#5035,#627,.T.);
#3965=EDGE_CURVE('',#5152,#5151,#5947,.T.);
#3966=EDGE_CURVE('',#5036,#5152,#628,.T.);
#3967=EDGE_CURVE('',#5152,#5153,#5948,.T.);
#3968=EDGE_CURVE('',#5153,#5037,#629,.T.);
#3969=EDGE_CURVE('',#5138,#5153,#5949,.T.);
#3970=EDGE_CURVE('',#5052,#5154,#630,.T.);
#3971=EDGE_CURVE('',#5154,#5155,#5950,.T.);
#3972=EDGE_CURVE('',#5155,#5053,#631,.T.);
#3973=EDGE_CURVE('',#5156,#5155,#5951,.T.);
#3974=EDGE_CURVE('',#5054,#5156,#632,.T.);
#3975=EDGE_CURVE('',#5156,#5157,#5952,.T.);
#3976=EDGE_CURVE('',#5157,#5055,#633,.T.);
#3977=EDGE_CURVE('',#5158,#5157,#5953,.T.);
#3978=EDGE_CURVE('',#5056,#5158,#634,.T.);
#3979=EDGE_CURVE('',#5158,#5159,#5954,.T.);
#3980=EDGE_CURVE('',#5159,#5057,#635,.T.);
#3981=EDGE_CURVE('',#5160,#5159,#5955,.T.);
#3982=EDGE_CURVE('',#5043,#5160,#636,.T.);
#3983=EDGE_CURVE('',#5160,#5161,#5956,.T.);
#3984=EDGE_CURVE('',#5161,#5042,#637,.T.);
#3985=EDGE_CURVE('',#5162,#5161,#5957,.T.);
#3986=EDGE_CURVE('',#5044,#5162,#638,.T.);
#3987=EDGE_CURVE('',#5162,#5163,#5958,.T.);
#3988=EDGE_CURVE('',#5163,#5045,#639,.T.);
#3989=EDGE_CURVE('',#5164,#5163,#5959,.T.);
#3990=EDGE_CURVE('',#5046,#5164,#640,.T.);
#3991=EDGE_CURVE('',#5164,#5165,#5960,.T.);
#3992=EDGE_CURVE('',#5165,#5047,#641,.T.);
#3993=EDGE_CURVE('',#5166,#5165,#5961,.T.);
#3994=EDGE_CURVE('',#5048,#5166,#642,.T.);
#3995=EDGE_CURVE('',#5166,#5167,#5962,.T.);
#3996=EDGE_CURVE('',#5167,#5049,#643,.T.);
#3997=EDGE_CURVE('',#5168,#5167,#5963,.T.);
#3998=EDGE_CURVE('',#5050,#5168,#644,.T.);
#3999=EDGE_CURVE('',#5168,#5169,#5964,.T.);
#4000=EDGE_CURVE('',#5169,#5051,#645,.T.);
#4001=EDGE_CURVE('',#5154,#5169,#5965,.T.);
#4002=EDGE_CURVE('',#5070,#5170,#646,.T.);
#4003=EDGE_CURVE('',#5170,#5171,#5966,.T.);
#4004=EDGE_CURVE('',#5171,#5071,#647,.T.);
#4005=EDGE_CURVE('',#5172,#5171,#5967,.T.);
#4006=EDGE_CURVE('',#5072,#5172,#648,.T.);
#4007=EDGE_CURVE('',#5172,#5173,#5968,.T.);
#4008=EDGE_CURVE('',#5173,#5073,#649,.T.);
#4009=EDGE_CURVE('',#5174,#5173,#5969,.T.);
#4010=EDGE_CURVE('',#5059,#5174,#650,.T.);
#4011=EDGE_CURVE('',#5174,#5175,#5970,.T.);
#4012=EDGE_CURVE('',#5175,#5058,#651,.T.);
#4013=EDGE_CURVE('',#5176,#5175,#5971,.T.);
#4014=EDGE_CURVE('',#5060,#5176,#652,.T.);
#4015=EDGE_CURVE('',#5176,#5177,#5972,.T.);
#4016=EDGE_CURVE('',#5177,#5061,#653,.T.);
#4017=EDGE_CURVE('',#5178,#5177,#5973,.T.);
#4018=EDGE_CURVE('',#5062,#5178,#654,.T.);
#4019=EDGE_CURVE('',#5178,#5179,#5974,.T.);
#4020=EDGE_CURVE('',#5179,#5063,#655,.T.);
#4021=EDGE_CURVE('',#5180,#5179,#5975,.T.);
#4022=EDGE_CURVE('',#5064,#5180,#656,.T.);
#4023=EDGE_CURVE('',#5180,#5181,#5976,.T.);
#4024=EDGE_CURVE('',#5181,#5065,#657,.T.);
#4025=EDGE_CURVE('',#5182,#5181,#5977,.T.);
#4026=EDGE_CURVE('',#5066,#5182,#658,.T.);
#4027=EDGE_CURVE('',#5182,#5183,#5978,.T.);
#4028=EDGE_CURVE('',#5183,#5067,#659,.T.);
#4029=EDGE_CURVE('',#5184,#5183,#5979,.T.);
#4030=EDGE_CURVE('',#5068,#5184,#660,.T.);
#4031=EDGE_CURVE('',#5184,#5185,#5980,.T.);
#4032=EDGE_CURVE('',#5185,#5069,#661,.T.);
#4033=EDGE_CURVE('',#5170,#5185,#5981,.T.);
#4034=EDGE_CURVE('',#5186,#5075,#5982,.T.);
#4035=EDGE_CURVE('',#5187,#5074,#5983,.T.);
#4036=EDGE_CURVE('',#5186,#5187,#5984,.T.);
#4037=EDGE_CURVE('',#5188,#5076,#5985,.T.);
#4038=EDGE_CURVE('',#5186,#5188,#5986,.T.);
#4039=EDGE_CURVE('',#5189,#5077,#5987,.T.);
#4040=EDGE_CURVE('',#5189,#5188,#5988,.T.);
#4041=EDGE_CURVE('',#5190,#5078,#5989,.T.);
#4042=EDGE_CURVE('',#5189,#5190,#5990,.T.);
#4043=EDGE_CURVE('',#5191,#5190,#5991,.T.);
#4044=EDGE_CURVE('',#5079,#5191,#5992,.T.);
#4045=EDGE_CURVE('',#5191,#5192,#5993,.T.);
#4046=EDGE_CURVE('',#5080,#5192,#5994,.T.);
#4047=EDGE_CURVE('',#5193,#5192,#5995,.T.);
#4048=EDGE_CURVE('',#5081,#5193,#5996,.T.);
#4049=EDGE_CURVE('',#5193,#5194,#5997,.T.);
#4050=EDGE_CURVE('',#5082,#5194,#5998,.T.);
#4051=EDGE_CURVE('',#5195,#5194,#5999,.T.);
#4052=EDGE_CURVE('',#5083,#5195,#6000,.T.);
#4053=EDGE_CURVE('',#5195,#5196,#6001,.T.);
#4054=EDGE_CURVE('',#5084,#5196,#6002,.T.);
#4055=EDGE_CURVE('',#5197,#5196,#6003,.T.);
#4056=EDGE_CURVE('',#5085,#5197,#6004,.T.);
#4057=EDGE_CURVE('',#5197,#5198,#6005,.T.);
#4058=EDGE_CURVE('',#5086,#5198,#6006,.T.);
#4059=EDGE_CURVE('',#5199,#5198,#6007,.T.);
#4060=EDGE_CURVE('',#5199,#5087,#6008,.T.);
#4061=EDGE_CURVE('',#5200,#5088,#6009,.T.);
#4062=EDGE_CURVE('',#5199,#5200,#6010,.T.);
#4063=EDGE_CURVE('',#5201,#5089,#6011,.T.);
#4064=EDGE_CURVE('',#5201,#5200,#6012,.T.);
#4065=EDGE_CURVE('',#5201,#5187,#6013,.T.);
#4066=EDGE_CURVE('',#5202,#5091,#6014,.T.);
#4067=EDGE_CURVE('',#5203,#5090,#6015,.T.);
#4068=EDGE_CURVE('',#5202,#5203,#6016,.T.);
#4069=EDGE_CURVE('',#5204,#5092,#6017,.T.);
#4070=EDGE_CURVE('',#5202,#5204,#6018,.T.);
#4071=EDGE_CURVE('',#5205,#5093,#6019,.T.);
#4072=EDGE_CURVE('',#5205,#5204,#6020,.T.);
#4073=EDGE_CURVE('',#5206,#5094,#6021,.T.);
#4074=EDGE_CURVE('',#5205,#5206,#6022,.T.);
#4075=EDGE_CURVE('',#5207,#5206,#6023,.T.);
#4076=EDGE_CURVE('',#5095,#5207,#6024,.T.);
#4077=EDGE_CURVE('',#5207,#5208,#6025,.T.);
#4078=EDGE_CURVE('',#5096,#5208,#6026,.T.);
#4079=EDGE_CURVE('',#5209,#5208,#6027,.T.);
#4080=EDGE_CURVE('',#5097,#5209,#6028,.T.);
#4081=EDGE_CURVE('',#5209,#5210,#6029,.T.);
#4082=EDGE_CURVE('',#5098,#5210,#6030,.T.);
#4083=EDGE_CURVE('',#5211,#5210,#6031,.T.);
#4084=EDGE_CURVE('',#5099,#5211,#6032,.T.);
#4085=EDGE_CURVE('',#5211,#5212,#6033,.T.);
#4086=EDGE_CURVE('',#5100,#5212,#6034,.T.);
#4087=EDGE_CURVE('',#5213,#5212,#6035,.T.);
#4088=EDGE_CURVE('',#5101,#5213,#6036,.T.);
#4089=EDGE_CURVE('',#5213,#5214,#6037,.T.);
#4090=EDGE_CURVE('',#5102,#5214,#6038,.T.);
#4091=EDGE_CURVE('',#5215,#5214,#6039,.T.);
#4092=EDGE_CURVE('',#5215,#5103,#6040,.T.);
#4093=EDGE_CURVE('',#5216,#5104,#6041,.T.);
#4094=EDGE_CURVE('',#5215,#5216,#6042,.T.);
#4095=EDGE_CURVE('',#5217,#5105,#6043,.T.);
#4096=EDGE_CURVE('',#5217,#5216,#6044,.T.);
#4097=EDGE_CURVE('',#5217,#5203,#6045,.T.);
#4098=EDGE_CURVE('',#5218,#5107,#6046,.T.);
#4099=EDGE_CURVE('',#5219,#5106,#6047,.T.);
#4100=EDGE_CURVE('',#5218,#5219,#6048,.T.);
#4101=EDGE_CURVE('',#5220,#5108,#6049,.T.);
#4102=EDGE_CURVE('',#5218,#5220,#6050,.T.);
#4103=EDGE_CURVE('',#5221,#5109,#6051,.T.);
#4104=EDGE_CURVE('',#5221,#5220,#6052,.T.);
#4105=EDGE_CURVE('',#5222,#5110,#6053,.T.);
#4106=EDGE_CURVE('',#5221,#5222,#6054,.T.);
#4107=EDGE_CURVE('',#5223,#5222,#6055,.T.);
#4108=EDGE_CURVE('',#5111,#5223,#6056,.T.);
#4109=EDGE_CURVE('',#5223,#5224,#6057,.T.);
#4110=EDGE_CURVE('',#5112,#5224,#6058,.T.);
#4111=EDGE_CURVE('',#5225,#5224,#6059,.T.);
#4112=EDGE_CURVE('',#5113,#5225,#6060,.T.);
#4113=EDGE_CURVE('',#5225,#5226,#6061,.T.);
#4114=EDGE_CURVE('',#5114,#5226,#6062,.T.);
#4115=EDGE_CURVE('',#5227,#5226,#6063,.T.);
#4116=EDGE_CURVE('',#5115,#5227,#6064,.T.);
#4117=EDGE_CURVE('',#5227,#5228,#6065,.T.);
#4118=EDGE_CURVE('',#5116,#5228,#6066,.T.);
#4119=EDGE_CURVE('',#5229,#5228,#6067,.T.);
#4120=EDGE_CURVE('',#5117,#5229,#6068,.T.);
#4121=EDGE_CURVE('',#5229,#5230,#6069,.T.);
#4122=EDGE_CURVE('',#5118,#5230,#6070,.T.);
#4123=EDGE_CURVE('',#5231,#5230,#6071,.T.);
#4124=EDGE_CURVE('',#5231,#5119,#6072,.T.);
#4125=EDGE_CURVE('',#5232,#5120,#6073,.T.);
#4126=EDGE_CURVE('',#5231,#5232,#6074,.T.);
#4127=EDGE_CURVE('',#5233,#5121,#6075,.T.);
#4128=EDGE_CURVE('',#5233,#5232,#6076,.T.);
#4129=EDGE_CURVE('',#5233,#5219,#6077,.T.);
#4130=EDGE_CURVE('',#5234,#5123,#6078,.T.);
#4131=EDGE_CURVE('',#5235,#5122,#6079,.T.);
#4132=EDGE_CURVE('',#5234,#5235,#6080,.T.);
#4133=EDGE_CURVE('',#5236,#5124,#6081,.T.);
#4134=EDGE_CURVE('',#5234,#5236,#6082,.T.);
#4135=EDGE_CURVE('',#5237,#5125,#6083,.T.);
#4136=EDGE_CURVE('',#5237,#5236,#6084,.T.);
#4137=EDGE_CURVE('',#5238,#5126,#6085,.T.);
#4138=EDGE_CURVE('',#5237,#5238,#6086,.T.);
#4139=EDGE_CURVE('',#5239,#5238,#6087,.T.);
#4140=EDGE_CURVE('',#5127,#5239,#6088,.T.);
#4141=EDGE_CURVE('',#5239,#5240,#6089,.T.);
#4142=EDGE_CURVE('',#5128,#5240,#6090,.T.);
#4143=EDGE_CURVE('',#5241,#5240,#6091,.T.);
#4144=EDGE_CURVE('',#5129,#5241,#6092,.T.);
#4145=EDGE_CURVE('',#5241,#5242,#6093,.T.);
#4146=EDGE_CURVE('',#5130,#5242,#6094,.T.);
#4147=EDGE_CURVE('',#5243,#5242,#6095,.T.);
#4148=EDGE_CURVE('',#5131,#5243,#6096,.T.);
#4149=EDGE_CURVE('',#5243,#5244,#6097,.T.);
#4150=EDGE_CURVE('',#5132,#5244,#6098,.T.);
#4151=EDGE_CURVE('',#5245,#5244,#6099,.T.);
#4152=EDGE_CURVE('',#5133,#5245,#6100,.T.);
#4153=EDGE_CURVE('',#5245,#5246,#6101,.T.);
#4154=EDGE_CURVE('',#5134,#5246,#6102,.T.);
#4155=EDGE_CURVE('',#5247,#5246,#6103,.T.);
#4156=EDGE_CURVE('',#5247,#5135,#6104,.T.);
#4157=EDGE_CURVE('',#5248,#5136,#6105,.T.);
#4158=EDGE_CURVE('',#5247,#5248,#6106,.T.);
#4159=EDGE_CURVE('',#5249,#5137,#6107,.T.);
#4160=EDGE_CURVE('',#5249,#5248,#6108,.T.);
#4161=EDGE_CURVE('',#5249,#5235,#6109,.T.);
#4162=EDGE_CURVE('',#5250,#5139,#6110,.T.);
#4163=EDGE_CURVE('',#5251,#5138,#6111,.T.);
#4164=EDGE_CURVE('',#5250,#5251,#6112,.T.);
#4165=EDGE_CURVE('',#5252,#5140,#6113,.T.);
#4166=EDGE_CURVE('',#5250,#5252,#6114,.T.);
#4167=EDGE_CURVE('',#5253,#5141,#6115,.T.);
#4168=EDGE_CURVE('',#5253,#5252,#6116,.T.);
#4169=EDGE_CURVE('',#5254,#5142,#6117,.T.);
#4170=EDGE_CURVE('',#5253,#5254,#6118,.T.);
#4171=EDGE_CURVE('',#5255,#5254,#6119,.T.);
#4172=EDGE_CURVE('',#5143,#5255,#6120,.T.);
#4173=EDGE_CURVE('',#5255,#5256,#6121,.T.);
#4174=EDGE_CURVE('',#5144,#5256,#6122,.T.);
#4175=EDGE_CURVE('',#5257,#5256,#6123,.T.);
#4176=EDGE_CURVE('',#5145,#5257,#6124,.T.);
#4177=EDGE_CURVE('',#5257,#5258,#6125,.T.);
#4178=EDGE_CURVE('',#5146,#5258,#6126,.T.);
#4179=EDGE_CURVE('',#5259,#5258,#6127,.T.);
#4180=EDGE_CURVE('',#5147,#5259,#6128,.T.);
#4181=EDGE_CURVE('',#5259,#5260,#6129,.T.);
#4182=EDGE_CURVE('',#5148,#5260,#6130,.T.);
#4183=EDGE_CURVE('',#5261,#5260,#6131,.T.);
#4184=EDGE_CURVE('',#5149,#5261,#6132,.T.);
#4185=EDGE_CURVE('',#5261,#5262,#6133,.T.);
#4186=EDGE_CURVE('',#5150,#5262,#6134,.T.);
#4187=EDGE_CURVE('',#5263,#5262,#6135,.T.);
#4188=EDGE_CURVE('',#5263,#5151,#6136,.T.);
#4189=EDGE_CURVE('',#5264,#5152,#6137,.T.);
#4190=EDGE_CURVE('',#5263,#5264,#6138,.T.);
#4191=EDGE_CURVE('',#5265,#5153,#6139,.T.);
#4192=EDGE_CURVE('',#5265,#5264,#6140,.T.);
#4193=EDGE_CURVE('',#5265,#5251,#6141,.T.);
#4194=EDGE_CURVE('',#5266,#5155,#6142,.T.);
#4195=EDGE_CURVE('',#5267,#5154,#6143,.T.);
#4196=EDGE_CURVE('',#5266,#5267,#6144,.T.);
#4197=EDGE_CURVE('',#5268,#5156,#6145,.T.);
#4198=EDGE_CURVE('',#5266,#5268,#6146,.T.);
#4199=EDGE_CURVE('',#5269,#5157,#6147,.T.);
#4200=EDGE_CURVE('',#5269,#5268,#6148,.T.);
#4201=EDGE_CURVE('',#5270,#5158,#6149,.T.);
#4202=EDGE_CURVE('',#5269,#5270,#6150,.T.);
#4203=EDGE_CURVE('',#5271,#5270,#6151,.T.);
#4204=EDGE_CURVE('',#5159,#5271,#6152,.T.);
#4205=EDGE_CURVE('',#5271,#5272,#6153,.T.);
#4206=EDGE_CURVE('',#5160,#5272,#6154,.T.);
#4207=EDGE_CURVE('',#5273,#5272,#6155,.T.);
#4208=EDGE_CURVE('',#5161,#5273,#6156,.T.);
#4209=EDGE_CURVE('',#5273,#5274,#6157,.T.);
#4210=EDGE_CURVE('',#5162,#5274,#6158,.T.);
#4211=EDGE_CURVE('',#5275,#5274,#6159,.T.);
#4212=EDGE_CURVE('',#5163,#5275,#6160,.T.);
#4213=EDGE_CURVE('',#5275,#5276,#6161,.T.);
#4214=EDGE_CURVE('',#5164,#5276,#6162,.T.);
#4215=EDGE_CURVE('',#5277,#5276,#6163,.T.);
#4216=EDGE_CURVE('',#5165,#5277,#6164,.T.);
#4217=EDGE_CURVE('',#5277,#5278,#6165,.T.);
#4218=EDGE_CURVE('',#5166,#5278,#6166,.T.);
#4219=EDGE_CURVE('',#5279,#5278,#6167,.T.);
#4220=EDGE_CURVE('',#5279,#5167,#6168,.T.);
#4221=EDGE_CURVE('',#5280,#5168,#6169,.T.);
#4222=EDGE_CURVE('',#5279,#5280,#6170,.T.);
#4223=EDGE_CURVE('',#5281,#5169,#6171,.T.);
#4224=EDGE_CURVE('',#5281,#5280,#6172,.T.);
#4225=EDGE_CURVE('',#5281,#5267,#6173,.T.);
#4226=EDGE_CURVE('',#5282,#5171,#6174,.T.);
#4227=EDGE_CURVE('',#5283,#5170,#6175,.T.);
#4228=EDGE_CURVE('',#5282,#5283,#6176,.T.);
#4229=EDGE_CURVE('',#5284,#5172,#6177,.T.);
#4230=EDGE_CURVE('',#5282,#5284,#6178,.T.);
#4231=EDGE_CURVE('',#5285,#5173,#6179,.T.);
#4232=EDGE_CURVE('',#5285,#5284,#6180,.T.);
#4233=EDGE_CURVE('',#5286,#5174,#6181,.T.);
#4234=EDGE_CURVE('',#5285,#5286,#6182,.T.);
#4235=EDGE_CURVE('',#5287,#5286,#6183,.T.);
#4236=EDGE_CURVE('',#5175,#5287,#6184,.T.);
#4237=EDGE_CURVE('',#5287,#5288,#6185,.T.);
#4238=EDGE_CURVE('',#5176,#5288,#6186,.T.);
#4239=EDGE_CURVE('',#5289,#5288,#6187,.T.);
#4240=EDGE_CURVE('',#5177,#5289,#6188,.T.);
#4241=EDGE_CURVE('',#5289,#5290,#6189,.T.);
#4242=EDGE_CURVE('',#5178,#5290,#6190,.T.);
#4243=EDGE_CURVE('',#5291,#5290,#6191,.T.);
#4244=EDGE_CURVE('',#5179,#5291,#6192,.T.);
#4245=EDGE_CURVE('',#5291,#5292,#6193,.T.);
#4246=EDGE_CURVE('',#5180,#5292,#6194,.T.);
#4247=EDGE_CURVE('',#5293,#5292,#6195,.T.);
#4248=EDGE_CURVE('',#5181,#5293,#6196,.T.);
#4249=EDGE_CURVE('',#5293,#5294,#6197,.T.);
#4250=EDGE_CURVE('',#5182,#5294,#6198,.T.);
#4251=EDGE_CURVE('',#5295,#5294,#6199,.T.);
#4252=EDGE_CURVE('',#5295,#5183,#6200,.T.);
#4253=EDGE_CURVE('',#5296,#5184,#6201,.T.);
#4254=EDGE_CURVE('',#5295,#5296,#6202,.T.);
#4255=EDGE_CURVE('',#5297,#5185,#6203,.T.);
#4256=EDGE_CURVE('',#5297,#5296,#6204,.T.);
#4257=EDGE_CURVE('',#5297,#5283,#6205,.T.);
#4258=EDGE_CURVE('',#5298,#5298,#6206,.T.);
#4259=EDGE_CURVE('',#5299,#5299,#6207,.T.);
#4260=EDGE_CURVE('',#5300,#5300,#6208,.T.);
#4261=EDGE_CURVE('',#5301,#5301,#6209,.T.);
#4262=EDGE_CURVE('',#5302,#5302,#6210,.T.);
#4263=EDGE_CURVE('',#5303,#5303,#6211,.T.);
#4264=EDGE_CURVE('',#5304,#5304,#6212,.T.);
#4265=EDGE_CURVE('',#5305,#5305,#6213,.T.);
#4266=EDGE_CURVE('',#5306,#5306,#6214,.T.);
#4267=EDGE_CURVE('',#5307,#5307,#6215,.T.);
#4268=EDGE_CURVE('',#5308,#5308,#6216,.T.);
#4269=EDGE_CURVE('',#5309,#5309,#6217,.T.);
#4270=EDGE_CURVE('',#5310,#5310,#6218,.T.);
#4271=EDGE_CURVE('',#5311,#5311,#6219,.T.);
#4272=EDGE_CURVE('',#5312,#5313,#662,.T.);
#4273=EDGE_CURVE('',#5314,#5312,#663,.T.);
#4274=EDGE_CURVE('',#5315,#5314,#664,.T.);
#4275=EDGE_CURVE('',#5313,#5315,#665,.T.);
#4276=EDGE_CURVE('',#5315,#4957,#666,.T.);
#4277=EDGE_CURVE('',#5314,#4954,#667,.T.);
#4278=EDGE_CURVE('',#5313,#4956,#668,.T.);
#4279=EDGE_CURVE('',#5312,#4955,#669,.T.);
#4280=EDGE_CURVE('',#5316,#5317,#6220,.T.);
#4281=EDGE_CURVE('',#5316,#5318,#6221,.T.);
#4282=EDGE_CURVE('',#5319,#5318,#6222,.T.);
#4283=EDGE_CURVE('',#5319,#5320,#6223,.T.);
#4284=EDGE_CURVE('',#5321,#5320,#6224,.T.);
#4285=EDGE_CURVE('',#5321,#5322,#6225,.T.);
#4286=EDGE_CURVE('',#5323,#5322,#6226,.T.);
#4287=EDGE_CURVE('',#5323,#5324,#6227,.T.);
#4288=EDGE_CURVE('',#5325,#5324,#6228,.T.);
#4289=EDGE_CURVE('',#5325,#5326,#6229,.T.);
#4290=EDGE_CURVE('',#5327,#5326,#6230,.T.);
#4291=EDGE_CURVE('',#5327,#5328,#6231,.T.);
#4292=EDGE_CURVE('',#5329,#5328,#6232,.T.);
#4293=EDGE_CURVE('',#5329,#5330,#6233,.T.);
#4294=EDGE_CURVE('',#5331,#5330,#6234,.T.);
#4295=EDGE_CURVE('',#5331,#5317,#6235,.T.);
#4296=EDGE_CURVE('',#5332,#5333,#6236,.T.);
#4297=EDGE_CURVE('',#5332,#5334,#6237,.T.);
#4298=EDGE_CURVE('',#5335,#5334,#6238,.T.);
#4299=EDGE_CURVE('',#5335,#5336,#6239,.T.);
#4300=EDGE_CURVE('',#5337,#5336,#6240,.T.);
#4301=EDGE_CURVE('',#5337,#5338,#6241,.T.);
#4302=EDGE_CURVE('',#5339,#5338,#6242,.T.);
#4303=EDGE_CURVE('',#5339,#5340,#6243,.T.);
#4304=EDGE_CURVE('',#5341,#5340,#6244,.T.);
#4305=EDGE_CURVE('',#5341,#5342,#6245,.T.);
#4306=EDGE_CURVE('',#5343,#5342,#6246,.T.);
#4307=EDGE_CURVE('',#5343,#5344,#6247,.T.);
#4308=EDGE_CURVE('',#5345,#5344,#6248,.T.);
#4309=EDGE_CURVE('',#5345,#5346,#6249,.T.);
#4310=EDGE_CURVE('',#5347,#5346,#6250,.T.);
#4311=EDGE_CURVE('',#5347,#5333,#6251,.T.);
#4312=EDGE_CURVE('',#5348,#5349,#6252,.T.);
#4313=EDGE_CURVE('',#5348,#5350,#6253,.T.);
#4314=EDGE_CURVE('',#5351,#5350,#6254,.T.);
#4315=EDGE_CURVE('',#5351,#5352,#6255,.T.);
#4316=EDGE_CURVE('',#5353,#5352,#6256,.T.);
#4317=EDGE_CURVE('',#5353,#5354,#6257,.T.);
#4318=EDGE_CURVE('',#5355,#5354,#6258,.T.);
#4319=EDGE_CURVE('',#5355,#5356,#6259,.T.);
#4320=EDGE_CURVE('',#5357,#5356,#6260,.T.);
#4321=EDGE_CURVE('',#5357,#5358,#6261,.T.);
#4322=EDGE_CURVE('',#5359,#5358,#6262,.T.);
#4323=EDGE_CURVE('',#5359,#5360,#6263,.T.);
#4324=EDGE_CURVE('',#5361,#5360,#6264,.T.);
#4325=EDGE_CURVE('',#5361,#5362,#6265,.T.);
#4326=EDGE_CURVE('',#5363,#5362,#6266,.T.);
#4327=EDGE_CURVE('',#5363,#5349,#6267,.T.);
#4328=EDGE_CURVE('',#5364,#5365,#6268,.T.);
#4329=EDGE_CURVE('',#5364,#5366,#6269,.T.);
#4330=EDGE_CURVE('',#5367,#5366,#6270,.T.);
#4331=EDGE_CURVE('',#5367,#5368,#6271,.T.);
#4332=EDGE_CURVE('',#5369,#5368,#6272,.T.);
#4333=EDGE_CURVE('',#5369,#5370,#6273,.T.);
#4334=EDGE_CURVE('',#5371,#5370,#6274,.T.);
#4335=EDGE_CURVE('',#5371,#5372,#6275,.T.);
#4336=EDGE_CURVE('',#5373,#5372,#6276,.T.);
#4337=EDGE_CURVE('',#5373,#5374,#6277,.T.);
#4338=EDGE_CURVE('',#5375,#5374,#6278,.T.);
#4339=EDGE_CURVE('',#5375,#5376,#6279,.T.);
#4340=EDGE_CURVE('',#5377,#5376,#6280,.T.);
#4341=EDGE_CURVE('',#5377,#5378,#6281,.T.);
#4342=EDGE_CURVE('',#5379,#5378,#6282,.T.);
#4343=EDGE_CURVE('',#5379,#5365,#6283,.T.);
#4344=EDGE_CURVE('',#5380,#5381,#6284,.T.);
#4345=EDGE_CURVE('',#5380,#5382,#6285,.T.);
#4346=EDGE_CURVE('',#5383,#5382,#6286,.T.);
#4347=EDGE_CURVE('',#5383,#5384,#6287,.T.);
#4348=EDGE_CURVE('',#5385,#5384,#6288,.T.);
#4349=EDGE_CURVE('',#5385,#5386,#6289,.T.);
#4350=EDGE_CURVE('',#5387,#5386,#6290,.T.);
#4351=EDGE_CURVE('',#5387,#5388,#6291,.T.);
#4352=EDGE_CURVE('',#5389,#5388,#6292,.T.);
#4353=EDGE_CURVE('',#5389,#5390,#6293,.T.);
#4354=EDGE_CURVE('',#5391,#5390,#6294,.T.);
#4355=EDGE_CURVE('',#5391,#5392,#6295,.T.);
#4356=EDGE_CURVE('',#5393,#5392,#6296,.T.);
#4357=EDGE_CURVE('',#5393,#5394,#6297,.T.);
#4358=EDGE_CURVE('',#5395,#5394,#6298,.T.);
#4359=EDGE_CURVE('',#5395,#5381,#6299,.T.);
#4360=EDGE_CURVE('',#5396,#5397,#6300,.T.);
#4361=EDGE_CURVE('',#5396,#5398,#6301,.T.);
#4362=EDGE_CURVE('',#5399,#5398,#6302,.T.);
#4363=EDGE_CURVE('',#5399,#5400,#6303,.T.);
#4364=EDGE_CURVE('',#5401,#5400,#6304,.T.);
#4365=EDGE_CURVE('',#5401,#5402,#6305,.T.);
#4366=EDGE_CURVE('',#5403,#5402,#6306,.T.);
#4367=EDGE_CURVE('',#5403,#5404,#6307,.T.);
#4368=EDGE_CURVE('',#5405,#5404,#6308,.T.);
#4369=EDGE_CURVE('',#5405,#5406,#6309,.T.);
#4370=EDGE_CURVE('',#5407,#5406,#6310,.T.);
#4371=EDGE_CURVE('',#5407,#5408,#6311,.T.);
#4372=EDGE_CURVE('',#5409,#5408,#6312,.T.);
#4373=EDGE_CURVE('',#5409,#5410,#6313,.T.);
#4374=EDGE_CURVE('',#5411,#5410,#6314,.T.);
#4375=EDGE_CURVE('',#5411,#5397,#6315,.T.);
#4376=EDGE_CURVE('',#5412,#5413,#6316,.T.);
#4377=EDGE_CURVE('',#5412,#5414,#6317,.T.);
#4378=EDGE_CURVE('',#5415,#5414,#6318,.T.);
#4379=EDGE_CURVE('',#5415,#5416,#6319,.T.);
#4380=EDGE_CURVE('',#5417,#5416,#6320,.T.);
#4381=EDGE_CURVE('',#5417,#5418,#6321,.T.);
#4382=EDGE_CURVE('',#5419,#5418,#6322,.T.);
#4383=EDGE_CURVE('',#5419,#5420,#6323,.T.);
#4384=EDGE_CURVE('',#5421,#5420,#6324,.T.);
#4385=EDGE_CURVE('',#5421,#5422,#6325,.T.);
#4386=EDGE_CURVE('',#5423,#5422,#6326,.T.);
#4387=EDGE_CURVE('',#5423,#5424,#6327,.T.);
#4388=EDGE_CURVE('',#5425,#5424,#6328,.T.);
#4389=EDGE_CURVE('',#5425,#5426,#6329,.T.);
#4390=EDGE_CURVE('',#5427,#5426,#6330,.T.);
#4391=EDGE_CURVE('',#5427,#5413,#6331,.T.);
#4392=EDGE_CURVE('',#5328,#5428,#670,.T.);
#4393=EDGE_CURVE('',#5428,#5429,#6332,.T.);
#4394=EDGE_CURVE('',#5429,#5329,#671,.T.);
#4395=EDGE_CURVE('',#5430,#5429,#6333,.T.);
#4396=EDGE_CURVE('',#5330,#5430,#672,.T.);
#4397=EDGE_CURVE('',#5430,#5431,#6334,.T.);
#4398=EDGE_CURVE('',#5431,#5331,#673,.T.);
#4399=EDGE_CURVE('',#5432,#5431,#6335,.T.);
#4400=EDGE_CURVE('',#5317,#5432,#674,.T.);
#4401=EDGE_CURVE('',#5432,#5433,#6336,.T.);
#4402=EDGE_CURVE('',#5433,#5316,#675,.T.);
#4403=EDGE_CURVE('',#5434,#5433,#6337,.T.);
#4404=EDGE_CURVE('',#5318,#5434,#676,.T.);
#4405=EDGE_CURVE('',#5434,#5435,#6338,.T.);
#4406=EDGE_CURVE('',#5435,#5319,#677,.T.);
#4407=EDGE_CURVE('',#5436,#5435,#6339,.T.);
#4408=EDGE_CURVE('',#5320,#5436,#678,.T.);
#4409=EDGE_CURVE('',#5436,#5437,#6340,.T.);
#4410=EDGE_CURVE('',#5437,#5321,#679,.T.);
#4411=EDGE_CURVE('',#5438,#5437,#6341,.T.);
#4412=EDGE_CURVE('',#5322,#5438,#680,.T.);
#4413=EDGE_CURVE('',#5438,#5439,#6342,.T.);
#4414=EDGE_CURVE('',#5439,#5323,#681,.T.);
#4415=EDGE_CURVE('',#5440,#5439,#6343,.T.);
#4416=EDGE_CURVE('',#5324,#5440,#682,.T.);
#4417=EDGE_CURVE('',#5440,#5441,#6344,.T.);
#4418=EDGE_CURVE('',#5441,#5325,#683,.T.);
#4419=EDGE_CURVE('',#5442,#5441,#6345,.T.);
#4420=EDGE_CURVE('',#5326,#5442,#684,.T.);
#4421=EDGE_CURVE('',#5442,#5443,#6346,.T.);
#4422=EDGE_CURVE('',#5443,#5327,#685,.T.);
#4423=EDGE_CURVE('',#5428,#5443,#6347,.T.);
#4424=EDGE_CURVE('',#5344,#5444,#686,.T.);
#4425=EDGE_CURVE('',#5444,#5445,#6348,.T.);
#4426=EDGE_CURVE('',#5445,#5345,#687,.T.);
#4427=EDGE_CURVE('',#5446,#5445,#6349,.T.);
#4428=EDGE_CURVE('',#5346,#5446,#688,.T.);
#4429=EDGE_CURVE('',#5446,#5447,#6350,.T.);
#4430=EDGE_CURVE('',#5447,#5347,#689,.T.);
#4431=EDGE_CURVE('',#5448,#5447,#6351,.T.);
#4432=EDGE_CURVE('',#5333,#5448,#690,.T.);
#4433=EDGE_CURVE('',#5448,#5449,#6352,.T.);
#4434=EDGE_CURVE('',#5449,#5332,#691,.T.);
#4435=EDGE_CURVE('',#5450,#5449,#6353,.T.);
#4436=EDGE_CURVE('',#5334,#5450,#692,.T.);
#4437=EDGE_CURVE('',#5450,#5451,#6354,.T.);
#4438=EDGE_CURVE('',#5451,#5335,#693,.T.);
#4439=EDGE_CURVE('',#5452,#5451,#6355,.T.);
#4440=EDGE_CURVE('',#5336,#5452,#694,.T.);
#4441=EDGE_CURVE('',#5452,#5453,#6356,.T.);
#4442=EDGE_CURVE('',#5453,#5337,#695,.T.);
#4443=EDGE_CURVE('',#5454,#5453,#6357,.T.);
#4444=EDGE_CURVE('',#5338,#5454,#696,.T.);
#4445=EDGE_CURVE('',#5454,#5455,#6358,.T.);
#4446=EDGE_CURVE('',#5455,#5339,#697,.T.);
#4447=EDGE_CURVE('',#5456,#5455,#6359,.T.);
#4448=EDGE_CURVE('',#5340,#5456,#698,.T.);
#4449=EDGE_CURVE('',#5456,#5457,#6360,.T.);
#4450=EDGE_CURVE('',#5457,#5341,#699,.T.);
#4451=EDGE_CURVE('',#5458,#5457,#6361,.T.);
#4452=EDGE_CURVE('',#5342,#5458,#700,.T.);
#4453=EDGE_CURVE('',#5458,#5459,#6362,.T.);
#4454=EDGE_CURVE('',#5459,#5343,#701,.T.);
#4455=EDGE_CURVE('',#5444,#5459,#6363,.T.);
#4456=EDGE_CURVE('',#5360,#5460,#702,.T.);
#4457=EDGE_CURVE('',#5460,#5461,#6364,.T.);
#4458=EDGE_CURVE('',#5461,#5361,#703,.T.);
#4459=EDGE_CURVE('',#5462,#5461,#6365,.T.);
#4460=EDGE_CURVE('',#5362,#5462,#704,.T.);
#4461=EDGE_CURVE('',#5462,#5463,#6366,.T.);
#4462=EDGE_CURVE('',#5463,#5363,#705,.T.);
#4463=EDGE_CURVE('',#5464,#5463,#6367,.T.);
#4464=EDGE_CURVE('',#5349,#5464,#706,.T.);
#4465=EDGE_CURVE('',#5464,#5465,#6368,.T.);
#4466=EDGE_CURVE('',#5465,#5348,#707,.T.);
#4467=EDGE_CURVE('',#5466,#5465,#6369,.T.);
#4468=EDGE_CURVE('',#5350,#5466,#708,.T.);
#4469=EDGE_CURVE('',#5466,#5467,#6370,.T.);
#4470=EDGE_CURVE('',#5467,#5351,#709,.T.);
#4471=EDGE_CURVE('',#5468,#5467,#6371,.T.);
#4472=EDGE_CURVE('',#5352,#5468,#710,.T.);
#4473=EDGE_CURVE('',#5468,#5469,#6372,.T.);
#4474=EDGE_CURVE('',#5469,#5353,#711,.T.);
#4475=EDGE_CURVE('',#5470,#5469,#6373,.T.);
#4476=EDGE_CURVE('',#5354,#5470,#712,.T.);
#4477=EDGE_CURVE('',#5470,#5471,#6374,.T.);
#4478=EDGE_CURVE('',#5471,#5355,#713,.T.);
#4479=EDGE_CURVE('',#5472,#5471,#6375,.T.);
#4480=EDGE_CURVE('',#5356,#5472,#714,.T.);
#4481=EDGE_CURVE('',#5472,#5473,#6376,.T.);
#4482=EDGE_CURVE('',#5473,#5357,#715,.T.);
#4483=EDGE_CURVE('',#5474,#5473,#6377,.T.);
#4484=EDGE_CURVE('',#5358,#5474,#716,.T.);
#4485=EDGE_CURVE('',#5474,#5475,#6378,.T.);
#4486=EDGE_CURVE('',#5475,#5359,#717,.T.);
#4487=EDGE_CURVE('',#5460,#5475,#6379,.T.);
#4488=EDGE_CURVE('',#5376,#5476,#718,.T.);
#4489=EDGE_CURVE('',#5476,#5477,#6380,.T.);
#4490=EDGE_CURVE('',#5477,#5377,#719,.T.);
#4491=EDGE_CURVE('',#5478,#5477,#6381,.T.);
#4492=EDGE_CURVE('',#5378,#5478,#720,.T.);
#4493=EDGE_CURVE('',#5478,#5479,#6382,.T.);
#4494=EDGE_CURVE('',#5479,#5379,#721,.T.);
#4495=EDGE_CURVE('',#5480,#5479,#6383,.T.);
#4496=EDGE_CURVE('',#5365,#5480,#722,.T.);
#4497=EDGE_CURVE('',#5480,#5481,#6384,.T.);
#4498=EDGE_CURVE('',#5481,#5364,#723,.T.);
#4499=EDGE_CURVE('',#5482,#5481,#6385,.T.);
#4500=EDGE_CURVE('',#5366,#5482,#724,.T.);
#4501=EDGE_CURVE('',#5482,#5483,#6386,.T.);
#4502=EDGE_CURVE('',#5483,#5367,#725,.T.);
#4503=EDGE_CURVE('',#5484,#5483,#6387,.T.);
#4504=EDGE_CURVE('',#5368,#5484,#726,.T.);
#4505=EDGE_CURVE('',#5484,#5485,#6388,.T.);
#4506=EDGE_CURVE('',#5485,#5369,#727,.T.);
#4507=EDGE_CURVE('',#5486,#5485,#6389,.T.);
#4508=EDGE_CURVE('',#5370,#5486,#728,.T.);
#4509=EDGE_CURVE('',#5486,#5487,#6390,.T.);
#4510=EDGE_CURVE('',#5487,#5371,#729,.T.);
#4511=EDGE_CURVE('',#5488,#5487,#6391,.T.);
#4512=EDGE_CURVE('',#5372,#5488,#730,.T.);
#4513=EDGE_CURVE('',#5488,#5489,#6392,.T.);
#4514=EDGE_CURVE('',#5489,#5373,#731,.T.);
#4515=EDGE_CURVE('',#5490,#5489,#6393,.T.);
#4516=EDGE_CURVE('',#5374,#5490,#732,.T.);
#4517=EDGE_CURVE('',#5490,#5491,#6394,.T.);
#4518=EDGE_CURVE('',#5491,#5375,#733,.T.);
#4519=EDGE_CURVE('',#5476,#5491,#6395,.T.);
#4520=EDGE_CURVE('',#5392,#5492,#734,.T.);
#4521=EDGE_CURVE('',#5492,#5493,#6396,.T.);
#4522=EDGE_CURVE('',#5493,#5393,#735,.T.);
#4523=EDGE_CURVE('',#5494,#5493,#6397,.T.);
#4524=EDGE_CURVE('',#5394,#5494,#736,.T.);
#4525=EDGE_CURVE('',#5494,#5495,#6398,.T.);
#4526=EDGE_CURVE('',#5495,#5395,#737,.T.);
#4527=EDGE_CURVE('',#5496,#5495,#6399,.T.);
#4528=EDGE_CURVE('',#5381,#5496,#738,.T.);
#4529=EDGE_CURVE('',#5496,#5497,#6400,.T.);
#4530=EDGE_CURVE('',#5497,#5380,#739,.T.);
#4531=EDGE_CURVE('',#5498,#5497,#6401,.T.);
#4532=EDGE_CURVE('',#5382,#5498,#740,.T.);
#4533=EDGE_CURVE('',#5498,#5499,#6402,.T.);
#4534=EDGE_CURVE('',#5499,#5383,#741,.T.);
#4535=EDGE_CURVE('',#5500,#5499,#6403,.T.);
#4536=EDGE_CURVE('',#5384,#5500,#742,.T.);
#4537=EDGE_CURVE('',#5500,#5501,#6404,.T.);
#4538=EDGE_CURVE('',#5501,#5385,#743,.T.);
#4539=EDGE_CURVE('',#5502,#5501,#6405,.T.);
#4540=EDGE_CURVE('',#5386,#5502,#744,.T.);
#4541=EDGE_CURVE('',#5502,#5503,#6406,.T.);
#4542=EDGE_CURVE('',#5503,#5387,#745,.T.);
#4543=EDGE_CURVE('',#5504,#5503,#6407,.T.);
#4544=EDGE_CURVE('',#5388,#5504,#746,.T.);
#4545=EDGE_CURVE('',#5504,#5505,#6408,.T.);
#4546=EDGE_CURVE('',#5505,#5389,#747,.T.);
#4547=EDGE_CURVE('',#5506,#5505,#6409,.T.);
#4548=EDGE_CURVE('',#5390,#5506,#748,.T.);
#4549=EDGE_CURVE('',#5506,#5507,#6410,.T.);
#4550=EDGE_CURVE('',#5507,#5391,#749,.T.);
#4551=EDGE_CURVE('',#5492,#5507,#6411,.T.);
#4552=EDGE_CURVE('',#5406,#5508,#750,.T.);
#4553=EDGE_CURVE('',#5508,#5509,#6412,.T.);
#4554=EDGE_CURVE('',#5509,#5407,#751,.T.);
#4555=EDGE_CURVE('',#5510,#5509,#6413,.T.);
#4556=EDGE_CURVE('',#5408,#5510,#752,.T.);
#4557=EDGE_CURVE('',#5510,#5511,#6414,.T.);
#4558=EDGE_CURVE('',#5511,#5409,#753,.T.);
#4559=EDGE_CURVE('',#5512,#5511,#6415,.T.);
#4560=EDGE_CURVE('',#5410,#5512,#754,.T.);
#4561=EDGE_CURVE('',#5512,#5513,#6416,.T.);
#4562=EDGE_CURVE('',#5513,#5411,#755,.T.);
#4563=EDGE_CURVE('',#5514,#5513,#6417,.T.);
#4564=EDGE_CURVE('',#5397,#5514,#756,.T.);
#4565=EDGE_CURVE('',#5514,#5515,#6418,.T.);
#4566=EDGE_CURVE('',#5515,#5396,#757,.T.);
#4567=EDGE_CURVE('',#5516,#5515,#6419,.T.);
#4568=EDGE_CURVE('',#5398,#5516,#758,.T.);
#4569=EDGE_CURVE('',#5516,#5517,#6420,.T.);
#4570=EDGE_CURVE('',#5517,#5399,#759,.T.);
#4571=EDGE_CURVE('',#5518,#5517,#6421,.T.);
#4572=EDGE_CURVE('',#5400,#5518,#760,.T.);
#4573=EDGE_CURVE('',#5518,#5519,#6422,.T.);
#4574=EDGE_CURVE('',#5519,#5401,#761,.T.);
#4575=EDGE_CURVE('',#5520,#5519,#6423,.T.);
#4576=EDGE_CURVE('',#5402,#5520,#762,.T.);
#4577=EDGE_CURVE('',#5520,#5521,#6424,.T.);
#4578=EDGE_CURVE('',#5521,#5403,#763,.T.);
#4579=EDGE_CURVE('',#5522,#5521,#6425,.T.);
#4580=EDGE_CURVE('',#5404,#5522,#764,.T.);
#4581=EDGE_CURVE('',#5522,#5523,#6426,.T.);
#4582=EDGE_CURVE('',#5523,#5405,#765,.T.);
#4583=EDGE_CURVE('',#5508,#5523,#6427,.T.);
#4584=EDGE_CURVE('',#5424,#5524,#766,.T.);
#4585=EDGE_CURVE('',#5524,#5525,#6428,.T.);
#4586=EDGE_CURVE('',#5525,#5425,#767,.T.);
#4587=EDGE_CURVE('',#5526,#5525,#6429,.T.);
#4588=EDGE_CURVE('',#5426,#5526,#768,.T.);
#4589=EDGE_CURVE('',#5526,#5527,#6430,.T.);
#4590=EDGE_CURVE('',#5527,#5427,#769,.T.);
#4591=EDGE_CURVE('',#5528,#5527,#6431,.T.);
#4592=EDGE_CURVE('',#5413,#5528,#770,.T.);
#4593=EDGE_CURVE('',#5528,#5529,#6432,.T.);
#4594=EDGE_CURVE('',#5529,#5412,#771,.T.);
#4595=EDGE_CURVE('',#5530,#5529,#6433,.T.);
#4596=EDGE_CURVE('',#5414,#5530,#772,.T.);
#4597=EDGE_CURVE('',#5530,#5531,#6434,.T.);
#4598=EDGE_CURVE('',#5531,#5415,#773,.T.);
#4599=EDGE_CURVE('',#5532,#5531,#6435,.T.);
#4600=EDGE_CURVE('',#5416,#5532,#774,.T.);
#4601=EDGE_CURVE('',#5532,#5533,#6436,.T.);
#4602=EDGE_CURVE('',#5533,#5417,#775,.T.);
#4603=EDGE_CURVE('',#5534,#5533,#6437,.T.);
#4604=EDGE_CURVE('',#5418,#5534,#776,.T.);
#4605=EDGE_CURVE('',#5534,#5535,#6438,.T.);
#4606=EDGE_CURVE('',#5535,#5419,#777,.T.);
#4607=EDGE_CURVE('',#5536,#5535,#6439,.T.);
#4608=EDGE_CURVE('',#5420,#5536,#778,.T.);
#4609=EDGE_CURVE('',#5536,#5537,#6440,.T.);
#4610=EDGE_CURVE('',#5537,#5421,#779,.T.);
#4611=EDGE_CURVE('',#5538,#5537,#6441,.T.);
#4612=EDGE_CURVE('',#5422,#5538,#780,.T.);
#4613=EDGE_CURVE('',#5538,#5539,#6442,.T.);
#4614=EDGE_CURVE('',#5539,#5423,#781,.T.);
#4615=EDGE_CURVE('',#5524,#5539,#6443,.T.);
#4616=EDGE_CURVE('',#5540,#5429,#6444,.T.);
#4617=EDGE_CURVE('',#5541,#5428,#6445,.T.);
#4618=EDGE_CURVE('',#5540,#5541,#6446,.T.);
#4619=EDGE_CURVE('',#5542,#5430,#6447,.T.);
#4620=EDGE_CURVE('',#5540,#5542,#6448,.T.);
#4621=EDGE_CURVE('',#5543,#5431,#6449,.T.);
#4622=EDGE_CURVE('',#5543,#5542,#6450,.T.);
#4623=EDGE_CURVE('',#5544,#5432,#6451,.T.);
#4624=EDGE_CURVE('',#5543,#5544,#6452,.T.);
#4625=EDGE_CURVE('',#5545,#5544,#6453,.T.);
#4626=EDGE_CURVE('',#5433,#5545,#6454,.T.);
#4627=EDGE_CURVE('',#5545,#5546,#6455,.T.);
#4628=EDGE_CURVE('',#5434,#5546,#6456,.T.);
#4629=EDGE_CURVE('',#5547,#5546,#6457,.T.);
#4630=EDGE_CURVE('',#5435,#5547,#6458,.T.);
#4631=EDGE_CURVE('',#5547,#5548,#6459,.T.);
#4632=EDGE_CURVE('',#5436,#5548,#6460,.T.);
#4633=EDGE_CURVE('',#5549,#5548,#6461,.T.);
#4634=EDGE_CURVE('',#5437,#5549,#6462,.T.);
#4635=EDGE_CURVE('',#5549,#5550,#6463,.T.);
#4636=EDGE_CURVE('',#5438,#5550,#6464,.T.);
#4637=EDGE_CURVE('',#5551,#5550,#6465,.T.);
#4638=EDGE_CURVE('',#5439,#5551,#6466,.T.);
#4639=EDGE_CURVE('',#5551,#5552,#6467,.T.);
#4640=EDGE_CURVE('',#5440,#5552,#6468,.T.);
#4641=EDGE_CURVE('',#5553,#5552,#6469,.T.);
#4642=EDGE_CURVE('',#5553,#5441,#6470,.T.);
#4643=EDGE_CURVE('',#5554,#5442,#6471,.T.);
#4644=EDGE_CURVE('',#5553,#5554,#6472,.T.);
#4645=EDGE_CURVE('',#5555,#5443,#6473,.T.);
#4646=EDGE_CURVE('',#5555,#5554,#6474,.T.);
#4647=EDGE_CURVE('',#5555,#5541,#6475,.T.);
#4648=EDGE_CURVE('',#5556,#5445,#6476,.T.);
#4649=EDGE_CURVE('',#5557,#5444,#6477,.T.);
#4650=EDGE_CURVE('',#5556,#5557,#6478,.T.);
#4651=EDGE_CURVE('',#5558,#5446,#6479,.T.);
#4652=EDGE_CURVE('',#5556,#5558,#6480,.T.);
#4653=EDGE_CURVE('',#5559,#5447,#6481,.T.);
#4654=EDGE_CURVE('',#5559,#5558,#6482,.T.);
#4655=EDGE_CURVE('',#5560,#5448,#6483,.T.);
#4656=EDGE_CURVE('',#5559,#5560,#6484,.T.);
#4657=EDGE_CURVE('',#5561,#5560,#6485,.T.);
#4658=EDGE_CURVE('',#5449,#5561,#6486,.T.);
#4659=EDGE_CURVE('',#5561,#5562,#6487,.T.);
#4660=EDGE_CURVE('',#5450,#5562,#6488,.T.);
#4661=EDGE_CURVE('',#5563,#5562,#6489,.T.);
#4662=EDGE_CURVE('',#5451,#5563,#6490,.T.);
#4663=EDGE_CURVE('',#5563,#5564,#6491,.T.);
#4664=EDGE_CURVE('',#5452,#5564,#6492,.T.);
#4665=EDGE_CURVE('',#5565,#5564,#6493,.T.);
#4666=EDGE_CURVE('',#5453,#5565,#6494,.T.);
#4667=EDGE_CURVE('',#5565,#5566,#6495,.T.);
#4668=EDGE_CURVE('',#5454,#5566,#6496,.T.);
#4669=EDGE_CURVE('',#5567,#5566,#6497,.T.);
#4670=EDGE_CURVE('',#5455,#5567,#6498,.T.);
#4671=EDGE_CURVE('',#5567,#5568,#6499,.T.);
#4672=EDGE_CURVE('',#5456,#5568,#6500,.T.);
#4673=EDGE_CURVE('',#5569,#5568,#6501,.T.);
#4674=EDGE_CURVE('',#5569,#5457,#6502,.T.);
#4675=EDGE_CURVE('',#5570,#5458,#6503,.T.);
#4676=EDGE_CURVE('',#5569,#5570,#6504,.T.);
#4677=EDGE_CURVE('',#5571,#5459,#6505,.T.);
#4678=EDGE_CURVE('',#5571,#5570,#6506,.T.);
#4679=EDGE_CURVE('',#5571,#5557,#6507,.T.);
#4680=EDGE_CURVE('',#5572,#5461,#6508,.T.);
#4681=EDGE_CURVE('',#5573,#5460,#6509,.T.);
#4682=EDGE_CURVE('',#5572,#5573,#6510,.T.);
#4683=EDGE_CURVE('',#5574,#5462,#6511,.T.);
#4684=EDGE_CURVE('',#5572,#5574,#6512,.T.);
#4685=EDGE_CURVE('',#5575,#5463,#6513,.T.);
#4686=EDGE_CURVE('',#5575,#5574,#6514,.T.);
#4687=EDGE_CURVE('',#5576,#5464,#6515,.T.);
#4688=EDGE_CURVE('',#5575,#5576,#6516,.T.);
#4689=EDGE_CURVE('',#5577,#5576,#6517,.T.);
#4690=EDGE_CURVE('',#5465,#5577,#6518,.T.);
#4691=EDGE_CURVE('',#5577,#5578,#6519,.T.);
#4692=EDGE_CURVE('',#5466,#5578,#6520,.T.);
#4693=EDGE_CURVE('',#5579,#5578,#6521,.T.);
#4694=EDGE_CURVE('',#5467,#5579,#6522,.T.);
#4695=EDGE_CURVE('',#5579,#5580,#6523,.T.);
#4696=EDGE_CURVE('',#5468,#5580,#6524,.T.);
#4697=EDGE_CURVE('',#5581,#5580,#6525,.T.);
#4698=EDGE_CURVE('',#5469,#5581,#6526,.T.);
#4699=EDGE_CURVE('',#5581,#5582,#6527,.T.);
#4700=EDGE_CURVE('',#5470,#5582,#6528,.T.);
#4701=EDGE_CURVE('',#5583,#5582,#6529,.T.);
#4702=EDGE_CURVE('',#5471,#5583,#6530,.T.);
#4703=EDGE_CURVE('',#5583,#5584,#6531,.T.);
#4704=EDGE_CURVE('',#5472,#5584,#6532,.T.);
#4705=EDGE_CURVE('',#5585,#5584,#6533,.T.);
#4706=EDGE_CURVE('',#5585,#5473,#6534,.T.);
#4707=EDGE_CURVE('',#5586,#5474,#6535,.T.);
#4708=EDGE_CURVE('',#5585,#5586,#6536,.T.);
#4709=EDGE_CURVE('',#5587,#5475,#6537,.T.);
#4710=EDGE_CURVE('',#5587,#5586,#6538,.T.);
#4711=EDGE_CURVE('',#5587,#5573,#6539,.T.);
#4712=EDGE_CURVE('',#5588,#5477,#6540,.T.);
#4713=EDGE_CURVE('',#5589,#5476,#6541,.T.);
#4714=EDGE_CURVE('',#5588,#5589,#6542,.T.);
#4715=EDGE_CURVE('',#5590,#5478,#6543,.T.);
#4716=EDGE_CURVE('',#5588,#5590,#6544,.T.);
#4717=EDGE_CURVE('',#5591,#5479,#6545,.T.);
#4718=EDGE_CURVE('',#5591,#5590,#6546,.T.);
#4719=EDGE_CURVE('',#5592,#5480,#6547,.T.);
#4720=EDGE_CURVE('',#5591,#5592,#6548,.T.);
#4721=EDGE_CURVE('',#5593,#5592,#6549,.T.);
#4722=EDGE_CURVE('',#5481,#5593,#6550,.T.);
#4723=EDGE_CURVE('',#5593,#5594,#6551,.T.);
#4724=EDGE_CURVE('',#5482,#5594,#6552,.T.);
#4725=EDGE_CURVE('',#5595,#5594,#6553,.T.);
#4726=EDGE_CURVE('',#5483,#5595,#6554,.T.);
#4727=EDGE_CURVE('',#5595,#5596,#6555,.T.);
#4728=EDGE_CURVE('',#5484,#5596,#6556,.T.);
#4729=EDGE_CURVE('',#5597,#5596,#6557,.T.);
#4730=EDGE_CURVE('',#5485,#5597,#6558,.T.);
#4731=EDGE_CURVE('',#5597,#5598,#6559,.T.);
#4732=EDGE_CURVE('',#5486,#5598,#6560,.T.);
#4733=EDGE_CURVE('',#5599,#5598,#6561,.T.);
#4734=EDGE_CURVE('',#5487,#5599,#6562,.T.);
#4735=EDGE_CURVE('',#5599,#5600,#6563,.T.);
#4736=EDGE_CURVE('',#5488,#5600,#6564,.T.);
#4737=EDGE_CURVE('',#5601,#5600,#6565,.T.);
#4738=EDGE_CURVE('',#5601,#5489,#6566,.T.);
#4739=EDGE_CURVE('',#5602,#5490,#6567,.T.);
#4740=EDGE_CURVE('',#5601,#5602,#6568,.T.);
#4741=EDGE_CURVE('',#5603,#5491,#6569,.T.);
#4742=EDGE_CURVE('',#5603,#5602,#6570,.T.);
#4743=EDGE_CURVE('',#5603,#5589,#6571,.T.);
#4744=EDGE_CURVE('',#5604,#5493,#6572,.T.);
#4745=EDGE_CURVE('',#5605,#5492,#6573,.T.);
#4746=EDGE_CURVE('',#5604,#5605,#6574,.T.);
#4747=EDGE_CURVE('',#5606,#5494,#6575,.T.);
#4748=EDGE_CURVE('',#5604,#5606,#6576,.T.);
#4749=EDGE_CURVE('',#5607,#5495,#6577,.T.);
#4750=EDGE_CURVE('',#5607,#5606,#6578,.T.);
#4751=EDGE_CURVE('',#5608,#5496,#6579,.T.);
#4752=EDGE_CURVE('',#5607,#5608,#6580,.T.);
#4753=EDGE_CURVE('',#5609,#5608,#6581,.T.);
#4754=EDGE_CURVE('',#5497,#5609,#6582,.T.);
#4755=EDGE_CURVE('',#5609,#5610,#6583,.T.);
#4756=EDGE_CURVE('',#5498,#5610,#6584,.T.);
#4757=EDGE_CURVE('',#5611,#5610,#6585,.T.);
#4758=EDGE_CURVE('',#5499,#5611,#6586,.T.);
#4759=EDGE_CURVE('',#5611,#5612,#6587,.T.);
#4760=EDGE_CURVE('',#5500,#5612,#6588,.T.);
#4761=EDGE_CURVE('',#5613,#5612,#6589,.T.);
#4762=EDGE_CURVE('',#5501,#5613,#6590,.T.);
#4763=EDGE_CURVE('',#5613,#5614,#6591,.T.);
#4764=EDGE_CURVE('',#5502,#5614,#6592,.T.);
#4765=EDGE_CURVE('',#5615,#5614,#6593,.T.);
#4766=EDGE_CURVE('',#5503,#5615,#6594,.T.);
#4767=EDGE_CURVE('',#5615,#5616,#6595,.T.);
#4768=EDGE_CURVE('',#5504,#5616,#6596,.T.);
#4769=EDGE_CURVE('',#5617,#5616,#6597,.T.);
#4770=EDGE_CURVE('',#5617,#5505,#6598,.T.);
#4771=EDGE_CURVE('',#5618,#5506,#6599,.T.);
#4772=EDGE_CURVE('',#5617,#5618,#6600,.T.);
#4773=EDGE_CURVE('',#5619,#5507,#6601,.T.);
#4774=EDGE_CURVE('',#5619,#5618,#6602,.T.);
#4775=EDGE_CURVE('',#5619,#5605,#6603,.T.);
#4776=EDGE_CURVE('',#5620,#5509,#6604,.T.);
#4777=EDGE_CURVE('',#5621,#5508,#6605,.T.);
#4778=EDGE_CURVE('',#5620,#5621,#6606,.T.);
#4779=EDGE_CURVE('',#5622,#5510,#6607,.T.);
#4780=EDGE_CURVE('',#5620,#5622,#6608,.T.);
#4781=EDGE_CURVE('',#5623,#5511,#6609,.T.);
#4782=EDGE_CURVE('',#5623,#5622,#6610,.T.);
#4783=EDGE_CURVE('',#5624,#5512,#6611,.T.);
#4784=EDGE_CURVE('',#5623,#5624,#6612,.T.);
#4785=EDGE_CURVE('',#5625,#5624,#6613,.T.);
#4786=EDGE_CURVE('',#5513,#5625,#6614,.T.);
#4787=EDGE_CURVE('',#5625,#5626,#6615,.T.);
#4788=EDGE_CURVE('',#5514,#5626,#6616,.T.);
#4789=EDGE_CURVE('',#5627,#5626,#6617,.T.);
#4790=EDGE_CURVE('',#5515,#5627,#6618,.T.);
#4791=EDGE_CURVE('',#5627,#5628,#6619,.T.);
#4792=EDGE_CURVE('',#5516,#5628,#6620,.T.);
#4793=EDGE_CURVE('',#5629,#5628,#6621,.T.);
#4794=EDGE_CURVE('',#5517,#5629,#6622,.T.);
#4795=EDGE_CURVE('',#5629,#5630,#6623,.T.);
#4796=EDGE_CURVE('',#5518,#5630,#6624,.T.);
#4797=EDGE_CURVE('',#5631,#5630,#6625,.T.);
#4798=EDGE_CURVE('',#5519,#5631,#6626,.T.);
#4799=EDGE_CURVE('',#5631,#5632,#6627,.T.);
#4800=EDGE_CURVE('',#5520,#5632,#6628,.T.);
#4801=EDGE_CURVE('',#5633,#5632,#6629,.T.);
#4802=EDGE_CURVE('',#5633,#5521,#6630,.T.);
#4803=EDGE_CURVE('',#5634,#5522,#6631,.T.);
#4804=EDGE_CURVE('',#5633,#5634,#6632,.T.);
#4805=EDGE_CURVE('',#5635,#5523,#6633,.T.);
#4806=EDGE_CURVE('',#5635,#5634,#6634,.T.);
#4807=EDGE_CURVE('',#5635,#5621,#6635,.T.);
#4808=EDGE_CURVE('',#5636,#5525,#6636,.T.);
#4809=EDGE_CURVE('',#5637,#5524,#6637,.T.);
#4810=EDGE_CURVE('',#5636,#5637,#6638,.T.);
#4811=EDGE_CURVE('',#5638,#5526,#6639,.T.);
#4812=EDGE_CURVE('',#5636,#5638,#6640,.T.);
#4813=EDGE_CURVE('',#5639,#5527,#6641,.T.);
#4814=EDGE_CURVE('',#5639,#5638,#6642,.T.);
#4815=EDGE_CURVE('',#5640,#5528,#6643,.T.);
#4816=EDGE_CURVE('',#5639,#5640,#6644,.T.);
#4817=EDGE_CURVE('',#5641,#5640,#6645,.T.);
#4818=EDGE_CURVE('',#5529,#5641,#6646,.T.);
#4819=EDGE_CURVE('',#5641,#5642,#6647,.T.);
#4820=EDGE_CURVE('',#5530,#5642,#6648,.T.);
#4821=EDGE_CURVE('',#5643,#5642,#6649,.T.);
#4822=EDGE_CURVE('',#5531,#5643,#6650,.T.);
#4823=EDGE_CURVE('',#5643,#5644,#6651,.T.);
#4824=EDGE_CURVE('',#5532,#5644,#6652,.T.);
#4825=EDGE_CURVE('',#5645,#5644,#6653,.T.);
#4826=EDGE_CURVE('',#5533,#5645,#6654,.T.);
#4827=EDGE_CURVE('',#5645,#5646,#6655,.T.);
#4828=EDGE_CURVE('',#5534,#5646,#6656,.T.);
#4829=EDGE_CURVE('',#5647,#5646,#6657,.T.);
#4830=EDGE_CURVE('',#5535,#5647,#6658,.T.);
#4831=EDGE_CURVE('',#5647,#5648,#6659,.T.);
#4832=EDGE_CURVE('',#5536,#5648,#6660,.T.);
#4833=EDGE_CURVE('',#5649,#5648,#6661,.T.);
#4834=EDGE_CURVE('',#5649,#5537,#6662,.T.);
#4835=EDGE_CURVE('',#5650,#5538,#6663,.T.);
#4836=EDGE_CURVE('',#5649,#5650,#6664,.T.);
#4837=EDGE_CURVE('',#5651,#5539,#6665,.T.);
#4838=EDGE_CURVE('',#5651,#5650,#6666,.T.);
#4839=EDGE_CURVE('',#5651,#5637,#6667,.T.);
#4840=EDGE_CURVE('',#5652,#5652,#6668,.T.);
#4841=EDGE_CURVE('',#5653,#5653,#6669,.T.);
#4842=EDGE_CURVE('',#5654,#5654,#6670,.T.);
#4843=EDGE_CURVE('',#5655,#5655,#6671,.T.);
#4844=EDGE_CURVE('',#5656,#5656,#6672,.T.);
#4845=EDGE_CURVE('',#5657,#5657,#6673,.T.);
#4846=EDGE_CURVE('',#5658,#5658,#6674,.T.);
#4847=EDGE_CURVE('',#5659,#5659,#6675,.T.);
#4848=EDGE_CURVE('',#5660,#5660,#6676,.T.);
#4849=EDGE_CURVE('',#5661,#5661,#6677,.T.);
#4850=EDGE_CURVE('',#5662,#5662,#6678,.T.);
#4851=EDGE_CURVE('',#5663,#5663,#6679,.T.);
#4852=EDGE_CURVE('',#5664,#5664,#6680,.T.);
#4853=EDGE_CURVE('',#5665,#5665,#6681,.T.);
#4854=EDGE_CURVE('',#5666,#5667,#782,.T.);
#4855=EDGE_CURVE('',#5668,#5666,#783,.T.);
#4856=EDGE_CURVE('',#5669,#5668,#784,.T.);
#4857=EDGE_CURVE('',#5667,#5669,#785,.T.);
#4858=EDGE_CURVE('',#5669,#4961,#786,.T.);
#4859=EDGE_CURVE('',#5668,#4958,#787,.T.);
#4860=EDGE_CURVE('',#5667,#4960,#788,.T.);
#4861=EDGE_CURVE('',#5666,#4959,#789,.T.);
#4862=EDGE_CURVE('',#5671,#5671,#6682,.T.);
#4863=EDGE_CURVE('',#5672,#5672,#6683,.T.);
#4864=EDGE_CURVE('',#5674,#5674,#6684,.T.);
#4865=EDGE_CURVE('',#5675,#5675,#6685,.T.);
#4866=EDGE_CURVE('',#5677,#5677,#6686,.T.);
#4867=EDGE_CURVE('',#5678,#5678,#6687,.T.);
#4868=EDGE_CURVE('',#5680,#5680,#6688,.T.);
#4869=EDGE_CURVE('',#5681,#5681,#6689,.T.);
#4870=VERTEX_POINT('',#13832);
#4871=VERTEX_POINT('',#13834);
#4872=VERTEX_POINT('',#13836);
#4873=VERTEX_POINT('',#13838);
#4874=VERTEX_POINT('',#13840);
#4875=VERTEX_POINT('',#13841);
#4876=VERTEX_POINT('',#13843);
#4877=VERTEX_POINT('',#13845);
#4878=VERTEX_POINT('',#13847);
#4879=VERTEX_POINT('',#13849);
#4880=VERTEX_POINT('',#13851);
#4881=VERTEX_POINT('',#13853);
#4882=VERTEX_POINT('',#13857);
#4883=VERTEX_POINT('',#13859);
#4884=VERTEX_POINT('',#13862);
#4885=VERTEX_POINT('',#13864);
#4886=VERTEX_POINT('',#13867);
#4887=VERTEX_POINT('',#13869);
#4888=VERTEX_POINT('',#13872);
#4889=VERTEX_POINT('',#13874);
#4890=VERTEX_POINT('',#13877);
#4891=VERTEX_POINT('',#13879);
#4892=VERTEX_POINT('',#13882);
#4893=VERTEX_POINT('',#13884);
#4894=VERTEX_POINT('',#13887);
#4895=VERTEX_POINT('',#13889);
#4896=VERTEX_POINT('',#13892);
#4897=VERTEX_POINT('',#13894);
#4898=VERTEX_POINT('',#13897);
#4899=VERTEX_POINT('',#13899);
#4900=VERTEX_POINT('',#13902);
#4901=VERTEX_POINT('',#13904);
#4902=VERTEX_POINT('',#13907);
#4903=VERTEX_POINT('',#13909);
#4904=VERTEX_POINT('',#13912);
#4905=VERTEX_POINT('',#13914);
#4906=VERTEX_POINT('',#13917);
#4907=VERTEX_POINT('',#13919);
#4908=VERTEX_POINT('',#13922);
#4909=VERTEX_POINT('',#13924);
#4910=VERTEX_POINT('',#13927);
#4911=VERTEX_POINT('',#13929);
#4912=VERTEX_POINT('',#13932);
#4913=VERTEX_POINT('',#13934);
#4914=VERTEX_POINT('',#13937);
#4915=VERTEX_POINT('',#13939);
#4916=VERTEX_POINT('',#13942);
#4917=VERTEX_POINT('',#13944);
#4918=VERTEX_POINT('',#13947);
#4919=VERTEX_POINT('',#13949);
#4920=VERTEX_POINT('',#13952);
#4921=VERTEX_POINT('',#13954);
#4922=VERTEX_POINT('',#13957);
#4923=VERTEX_POINT('',#13959);
#4924=VERTEX_POINT('',#13962);
#4925=VERTEX_POINT('',#13964);
#4926=VERTEX_POINT('',#13967);
#4927=VERTEX_POINT('',#13969);
#4928=VERTEX_POINT('',#13972);
#4929=VERTEX_POINT('',#13974);
#4930=VERTEX_POINT('',#13977);
#4931=VERTEX_POINT('',#13979);
#4932=VERTEX_POINT('',#13982);
#4933=VERTEX_POINT('',#13984);
#4934=VERTEX_POINT('',#13987);
#4935=VERTEX_POINT('',#13989);
#4936=VERTEX_POINT('',#13992);
#4937=VERTEX_POINT('',#13994);
#4938=VERTEX_POINT('',#13997);
#4939=VERTEX_POINT('',#13999);
#4940=VERTEX_POINT('',#14002);
#4941=VERTEX_POINT('',#14004);
#4942=VERTEX_POINT('',#14007);
#4943=VERTEX_POINT('',#14009);
#4944=VERTEX_POINT('',#14012);
#4945=VERTEX_POINT('',#14014);
#4946=VERTEX_POINT('',#14017);
#4947=VERTEX_POINT('',#14019);
#4948=VERTEX_POINT('',#14023);
#4949=VERTEX_POINT('',#14024);
#4950=VERTEX_POINT('',#14029);
#4951=VERTEX_POINT('',#14031);
#4952=VERTEX_POINT('',#14035);
#4953=VERTEX_POINT('',#14037);
#4954=VERTEX_POINT('',#14045);
#4955=VERTEX_POINT('',#14046);
#4956=VERTEX_POINT('',#14048);
#4957=VERTEX_POINT('',#14050);
#4958=VERTEX_POINT('',#14053);
#4959=VERTEX_POINT('',#14054);
#4960=VERTEX_POINT('',#14056);
#4961=VERTEX_POINT('',#14058);
#4962=VERTEX_POINT('',#14062);
#4963=VERTEX_POINT('',#14063);
#4964=VERTEX_POINT('',#14065);
#4965=VERTEX_POINT('',#14067);
#4966=VERTEX_POINT('',#14069);
#4967=VERTEX_POINT('',#14071);
#4968=VERTEX_POINT('',#14073);
#4969=VERTEX_POINT('',#14075);
#4970=VERTEX_POINT('',#14077);
#4971=VERTEX_POINT('',#14079);
#4972=VERTEX_POINT('',#14081);
#4973=VERTEX_POINT('',#14083);
#4974=VERTEX_POINT('',#14085);
#4975=VERTEX_POINT('',#14087);
#4976=VERTEX_POINT('',#14089);
#4977=VERTEX_POINT('',#14091);
#4978=VERTEX_POINT('',#14095);
#4979=VERTEX_POINT('',#14096);
#4980=VERTEX_POINT('',#14098);
#4981=VERTEX_POINT('',#14100);
#4982=VERTEX_POINT('',#14102);
#4983=VERTEX_POINT('',#14104);
#4984=VERTEX_POINT('',#14106);
#4985=VERTEX_POINT('',#14108);
#4986=VERTEX_POINT('',#14110);
#4987=VERTEX_POINT('',#14112);
#4988=VERTEX_POINT('',#14114);
#4989=VERTEX_POINT('',#14116);
#4990=VERTEX_POINT('',#14118);
#4991=VERTEX_POINT('',#14120);
#4992=VERTEX_POINT('',#14122);
#4993=VERTEX_POINT('',#14124);
#4994=VERTEX_POINT('',#14128);
#4995=VERTEX_POINT('',#14129);
#4996=VERTEX_POINT('',#14131);
#4997=VERTEX_POINT('',#14133);
#4998=VERTEX_POINT('',#14135);
#4999=VERTEX_POINT('',#14137);
#5000=VERTEX_POINT('',#14139);
#5001=VERTEX_POINT('',#14141);
#5002=VERTEX_POINT('',#14143);
#5003=VERTEX_POINT('',#14145);
#5004=VERTEX_POINT('',#14147);
#5005=VERTEX_POINT('',#14149);
#5006=VERTEX_POINT('',#14151);
#5007=VERTEX_POINT('',#14153);
#5008=VERTEX_POINT('',#14155);
#5009=VERTEX_POINT('',#14157);
#5010=VERTEX_POINT('',#14161);
#5011=VERTEX_POINT('',#14162);
#5012=VERTEX_POINT('',#14164);
#5013=VERTEX_POINT('',#14166);
#5014=VERTEX_POINT('',#14168);
#5015=VERTEX_POINT('',#14170);
#5016=VERTEX_POINT('',#14172);
#5017=VERTEX_POINT('',#14174);
#5018=VERTEX_POINT('',#14176);
#5019=VERTEX_POINT('',#14178);
#5020=VERTEX_POINT('',#14180);
#5021=VERTEX_POINT('',#14182);
#5022=VERTEX_POINT('',#14184);
#5023=VERTEX_POINT('',#14186);
#5024=VERTEX_POINT('',#14188);
#5025=VERTEX_POINT('',#14190);
#5026=VERTEX_POINT('',#14194);
#5027=VERTEX_POINT('',#14195);
#5028=VERTEX_POINT('',#14197);
#5029=VERTEX_POINT('',#14199);
#5030=VERTEX_POINT('',#14201);
#5031=VERTEX_POINT('',#14203);
#5032=VERTEX_POINT('',#14205);
#5033=VERTEX_POINT('',#14207);
#5034=VERTEX_POINT('',#14209);
#5035=VERTEX_POINT('',#14211);
#5036=VERTEX_POINT('',#14213);
#5037=VERTEX_POINT('',#14215);
#5038=VERTEX_POINT('',#14217);
#5039=VERTEX_POINT('',#14219);
#5040=VERTEX_POINT('',#14221);
#5041=VERTEX_POINT('',#14223);
#5042=VERTEX_POINT('',#14227);
#5043=VERTEX_POINT('',#14228);
#5044=VERTEX_POINT('',#14230);
#5045=VERTEX_POINT('',#14232);
#5046=VERTEX_POINT('',#14234);
#5047=VERTEX_POINT('',#14236);
#5048=VERTEX_POINT('',#14238);
#5049=VERTEX_POINT('',#14240);
#5050=VERTEX_POINT('',#14242);
#5051=VERTEX_POINT('',#14244);
#5052=VERTEX_POINT('',#14246);
#5053=VERTEX_POINT('',#14248);
#5054=VERTEX_POINT('',#14250);
#5055=VERTEX_POINT('',#14252);
#5056=VERTEX_POINT('',#14254);
#5057=VERTEX_POINT('',#14256);
#5058=VERTEX_POINT('',#14260);
#5059=VERTEX_POINT('',#14261);
#5060=VERTEX_POINT('',#14263);
#5061=VERTEX_POINT('',#14265);
#5062=VERTEX_POINT('',#14267);
#5063=VERTEX_POINT('',#14269);
#5064=VERTEX_POINT('',#14271);
#5065=VERTEX_POINT('',#14273);
#5066=VERTEX_POINT('',#14275);
#5067=VERTEX_POINT('',#14277);
#5068=VERTEX_POINT('',#14279);
#5069=VERTEX_POINT('',#14281);
#5070=VERTEX_POINT('',#14283);
#5071=VERTEX_POINT('',#14285);
#5072=VERTEX_POINT('',#14287);
#5073=VERTEX_POINT('',#14289);
#5074=VERTEX_POINT('',#14293);
#5075=VERTEX_POINT('',#14295);
#5076=VERTEX_POINT('',#14299);
#5077=VERTEX_POINT('',#14303);
#5078=VERTEX_POINT('',#14307);
#5079=VERTEX_POINT('',#14311);
#5080=VERTEX_POINT('',#14315);
#5081=VERTEX_POINT('',#14319);
#5082=VERTEX_POINT('',#14323);
#5083=VERTEX_POINT('',#14327);
#5084=VERTEX_POINT('',#14331);
#5085=VERTEX_POINT('',#14335);
#5086=VERTEX_POINT('',#14339);
#5087=VERTEX_POINT('',#14343);
#5088=VERTEX_POINT('',#14347);
#5089=VERTEX_POINT('',#14351);
#5090=VERTEX_POINT('',#14357);
#5091=VERTEX_POINT('',#14359);
#5092=VERTEX_POINT('',#14363);
#5093=VERTEX_POINT('',#14367);
#5094=VERTEX_POINT('',#14371);
#5095=VERTEX_POINT('',#14375);
#5096=VERTEX_POINT('',#14379);
#5097=VERTEX_POINT('',#14383);
#5098=VERTEX_POINT('',#14387);
#5099=VERTEX_POINT('',#14391);
#5100=VERTEX_POINT('',#14395);
#5101=VERTEX_POINT('',#14399);
#5102=VERTEX_POINT('',#14403);
#5103=VERTEX_POINT('',#14407);
#5104=VERTEX_POINT('',#14411);
#5105=VERTEX_POINT('',#14415);
#5106=VERTEX_POINT('',#14421);
#5107=VERTEX_POINT('',#14423);
#5108=VERTEX_POINT('',#14427);
#5109=VERTEX_POINT('',#14431);
#5110=VERTEX_POINT('',#14435);
#5111=VERTEX_POINT('',#14439);
#5112=VERTEX_POINT('',#14443);
#5113=VERTEX_POINT('',#14447);
#5114=VERTEX_POINT('',#14451);
#5115=VERTEX_POINT('',#14455);
#5116=VERTEX_POINT('',#14459);
#5117=VERTEX_POINT('',#14463);
#5118=VERTEX_POINT('',#14467);
#5119=VERTEX_POINT('',#14471);
#5120=VERTEX_POINT('',#14475);
#5121=VERTEX_POINT('',#14479);
#5122=VERTEX_POINT('',#14485);
#5123=VERTEX_POINT('',#14487);
#5124=VERTEX_POINT('',#14491);
#5125=VERTEX_POINT('',#14495);
#5126=VERTEX_POINT('',#14499);
#5127=VERTEX_POINT('',#14503);
#5128=VERTEX_POINT('',#14507);
#5129=VERTEX_POINT('',#14511);
#5130=VERTEX_POINT('',#14515);
#5131=VERTEX_POINT('',#14519);
#5132=VERTEX_POINT('',#14523);
#5133=VERTEX_POINT('',#14527);
#5134=VERTEX_POINT('',#14531);
#5135=VERTEX_POINT('',#14535);
#5136=VERTEX_POINT('',#14539);
#5137=VERTEX_POINT('',#14543);
#5138=VERTEX_POINT('',#14549);
#5139=VERTEX_POINT('',#14551);
#5140=VERTEX_POINT('',#14555);
#5141=VERTEX_POINT('',#14559);
#5142=VERTEX_POINT('',#14563);
#5143=VERTEX_POINT('',#14567);
#5144=VERTEX_POINT('',#14571);
#5145=VERTEX_POINT('',#14575);
#5146=VERTEX_POINT('',#14579);
#5147=VERTEX_POINT('',#14583);
#5148=VERTEX_POINT('',#14587);
#5149=VERTEX_POINT('',#14591);
#5150=VERTEX_POINT('',#14595);
#5151=VERTEX_POINT('',#14599);
#5152=VERTEX_POINT('',#14603);
#5153=VERTEX_POINT('',#14607);
#5154=VERTEX_POINT('',#14613);
#5155=VERTEX_POINT('',#14615);
#5156=VERTEX_POINT('',#14619);
#5157=VERTEX_POINT('',#14623);
#5158=VERTEX_POINT('',#14627);
#5159=VERTEX_POINT('',#14631);
#5160=VERTEX_POINT('',#14635);
#5161=VERTEX_POINT('',#14639);
#5162=VERTEX_POINT('',#14643);
#5163=VERTEX_POINT('',#14647);
#5164=VERTEX_POINT('',#14651);
#5165=VERTEX_POINT('',#14655);
#5166=VERTEX_POINT('',#14659);
#5167=VERTEX_POINT('',#14663);
#5168=VERTEX_POINT('',#14667);
#5169=VERTEX_POINT('',#14671);
#5170=VERTEX_POINT('',#14677);
#5171=VERTEX_POINT('',#14679);
#5172=VERTEX_POINT('',#14683);
#5173=VERTEX_POINT('',#14687);
#5174=VERTEX_POINT('',#14691);
#5175=VERTEX_POINT('',#14695);
#5176=VERTEX_POINT('',#14699);
#5177=VERTEX_POINT('',#14703);
#5178=VERTEX_POINT('',#14707);
#5179=VERTEX_POINT('',#14711);
#5180=VERTEX_POINT('',#14715);
#5181=VERTEX_POINT('',#14719);
#5182=VERTEX_POINT('',#14723);
#5183=VERTEX_POINT('',#14727);
#5184=VERTEX_POINT('',#14731);
#5185=VERTEX_POINT('',#14735);
#5186=VERTEX_POINT('',#14741);
#5187=VERTEX_POINT('',#14743);
#5188=VERTEX_POINT('',#14747);
#5189=VERTEX_POINT('',#14751);
#5190=VERTEX_POINT('',#14755);
#5191=VERTEX_POINT('',#14759);
#5192=VERTEX_POINT('',#14763);
#5193=VERTEX_POINT('',#14767);
#5194=VERTEX_POINT('',#14771);
#5195=VERTEX_POINT('',#14775);
#5196=VERTEX_POINT('',#14779);
#5197=VERTEX_POINT('',#14783);
#5198=VERTEX_POINT('',#14787);
#5199=VERTEX_POINT('',#14791);
#5200=VERTEX_POINT('',#14795);
#5201=VERTEX_POINT('',#14799);
#5202=VERTEX_POINT('',#14805);
#5203=VERTEX_POINT('',#14807);
#5204=VERTEX_POINT('',#14811);
#5205=VERTEX_POINT('',#14815);
#5206=VERTEX_POINT('',#14819);
#5207=VERTEX_POINT('',#14823);
#5208=VERTEX_POINT('',#14827);
#5209=VERTEX_POINT('',#14831);
#5210=VERTEX_POINT('',#14835);
#5211=VERTEX_POINT('',#14839);
#5212=VERTEX_POINT('',#14843);
#5213=VERTEX_POINT('',#14847);
#5214=VERTEX_POINT('',#14851);
#5215=VERTEX_POINT('',#14855);
#5216=VERTEX_POINT('',#14859);
#5217=VERTEX_POINT('',#14863);
#5218=VERTEX_POINT('',#14869);
#5219=VERTEX_POINT('',#14871);
#5220=VERTEX_POINT('',#14875);
#5221=VERTEX_POINT('',#14879);
#5222=VERTEX_POINT('',#14883);
#5223=VERTEX_POINT('',#14887);
#5224=VERTEX_POINT('',#14891);
#5225=VERTEX_POINT('',#14895);
#5226=VERTEX_POINT('',#14899);
#5227=VERTEX_POINT('',#14903);
#5228=VERTEX_POINT('',#14907);
#5229=VERTEX_POINT('',#14911);
#5230=VERTEX_POINT('',#14915);
#5231=VERTEX_POINT('',#14919);
#5232=VERTEX_POINT('',#14923);
#5233=VERTEX_POINT('',#14927);
#5234=VERTEX_POINT('',#14933);
#5235=VERTEX_POINT('',#14935);
#5236=VERTEX_POINT('',#14939);
#5237=VERTEX_POINT('',#14943);
#5238=VERTEX_POINT('',#14947);
#5239=VERTEX_POINT('',#14951);
#5240=VERTEX_POINT('',#14955);
#5241=VERTEX_POINT('',#14959);
#5242=VERTEX_POINT('',#14963);
#5243=VERTEX_POINT('',#14967);
#5244=VERTEX_POINT('',#14971);
#5245=VERTEX_POINT('',#14975);
#5246=VERTEX_POINT('',#14979);
#5247=VERTEX_POINT('',#14983);
#5248=VERTEX_POINT('',#14987);
#5249=VERTEX_POINT('',#14991);
#5250=VERTEX_POINT('',#14997);
#5251=VERTEX_POINT('',#14999);
#5252=VERTEX_POINT('',#15003);
#5253=VERTEX_POINT('',#15007);
#5254=VERTEX_POINT('',#15011);
#5255=VERTEX_POINT('',#15015);
#5256=VERTEX_POINT('',#15019);
#5257=VERTEX_POINT('',#15023);
#5258=VERTEX_POINT('',#15027);
#5259=VERTEX_POINT('',#15031);
#5260=VERTEX_POINT('',#15035);
#5261=VERTEX_POINT('',#15039);
#5262=VERTEX_POINT('',#15043);
#5263=VERTEX_POINT('',#15047);
#5264=VERTEX_POINT('',#15051);
#5265=VERTEX_POINT('',#15055);
#5266=VERTEX_POINT('',#15061);
#5267=VERTEX_POINT('',#15063);
#5268=VERTEX_POINT('',#15067);
#5269=VERTEX_POINT('',#15071);
#5270=VERTEX_POINT('',#15075);
#5271=VERTEX_POINT('',#15079);
#5272=VERTEX_POINT('',#15083);
#5273=VERTEX_POINT('',#15087);
#5274=VERTEX_POINT('',#15091);
#5275=VERTEX_POINT('',#15095);
#5276=VERTEX_POINT('',#15099);
#5277=VERTEX_POINT('',#15103);
#5278=VERTEX_POINT('',#15107);
#5279=VERTEX_POINT('',#15111);
#5280=VERTEX_POINT('',#15115);
#5281=VERTEX_POINT('',#15119);
#5282=VERTEX_POINT('',#15125);
#5283=VERTEX_POINT('',#15127);
#5284=VERTEX_POINT('',#15131);
#5285=VERTEX_POINT('',#15135);
#5286=VERTEX_POINT('',#15139);
#5287=VERTEX_POINT('',#15143);
#5288=VERTEX_POINT('',#15147);
#5289=VERTEX_POINT('',#15151);
#5290=VERTEX_POINT('',#15155);
#5291=VERTEX_POINT('',#15159);
#5292=VERTEX_POINT('',#15163);
#5293=VERTEX_POINT('',#15167);
#5294=VERTEX_POINT('',#15171);
#5295=VERTEX_POINT('',#15175);
#5296=VERTEX_POINT('',#15179);
#5297=VERTEX_POINT('',#15183);
#5298=VERTEX_POINT('',#15189);
#5299=VERTEX_POINT('',#15192);
#5300=VERTEX_POINT('',#15195);
#5301=VERTEX_POINT('',#15198);
#5302=VERTEX_POINT('',#15201);
#5303=VERTEX_POINT('',#15204);
#5304=VERTEX_POINT('',#15207);
#5305=VERTEX_POINT('',#15210);
#5306=VERTEX_POINT('',#15213);
#5307=VERTEX_POINT('',#15216);
#5308=VERTEX_POINT('',#15219);
#5309=VERTEX_POINT('',#15222);
#5310=VERTEX_POINT('',#15225);
#5311=VERTEX_POINT('',#15228);
#5312=VERTEX_POINT('',#15231);
#5313=VERTEX_POINT('',#15232);
#5314=VERTEX_POINT('',#15234);
#5315=VERTEX_POINT('',#15236);
#5316=VERTEX_POINT('',#15248);
#5317=VERTEX_POINT('',#15249);
#5318=VERTEX_POINT('',#15251);
#5319=VERTEX_POINT('',#15253);
#5320=VERTEX_POINT('',#15255);
#5321=VERTEX_POINT('',#15257);
#5322=VERTEX_POINT('',#15259);
#5323=VERTEX_POINT('',#15261);
#5324=VERTEX_POINT('',#15263);
#5325=VERTEX_POINT('',#15265);
#5326=VERTEX_POINT('',#15267);
#5327=VERTEX_POINT('',#15269);
#5328=VERTEX_POINT('',#15271);
#5329=VERTEX_POINT('',#15273);
#5330=VERTEX_POINT('',#15275);
#5331=VERTEX_POINT('',#15277);
#5332=VERTEX_POINT('',#15281);
#5333=VERTEX_POINT('',#15282);
#5334=VERTEX_POINT('',#15284);
#5335=VERTEX_POINT('',#15286);
#5336=VERTEX_POINT('',#15288);
#5337=VERTEX_POINT('',#15290);
#5338=VERTEX_POINT('',#15292);
#5339=VERTEX_POINT('',#15294);
#5340=VERTEX_POINT('',#15296);
#5341=VERTEX_POINT('',#15298);
#5342=VERTEX_POINT('',#15300);
#5343=VERTEX_POINT('',#15302);
#5344=VERTEX_POINT('',#15304);
#5345=VERTEX_POINT('',#15306);
#5346=VERTEX_POINT('',#15308);
#5347=VERTEX_POINT('',#15310);
#5348=VERTEX_POINT('',#15314);
#5349=VERTEX_POINT('',#15315);
#5350=VERTEX_POINT('',#15317);
#5351=VERTEX_POINT('',#15319);
#5352=VERTEX_POINT('',#15321);
#5353=VERTEX_POINT('',#15323);
#5354=VERTEX_POINT('',#15325);
#5355=VERTEX_POINT('',#15327);
#5356=VERTEX_POINT('',#15329);
#5357=VERTEX_POINT('',#15331);
#5358=VERTEX_POINT('',#15333);
#5359=VERTEX_POINT('',#15335);
#5360=VERTEX_POINT('',#15337);
#5361=VERTEX_POINT('',#15339);
#5362=VERTEX_POINT('',#15341);
#5363=VERTEX_POINT('',#15343);
#5364=VERTEX_POINT('',#15347);
#5365=VERTEX_POINT('',#15348);
#5366=VERTEX_POINT('',#15350);
#5367=VERTEX_POINT('',#15352);
#5368=VERTEX_POINT('',#15354);
#5369=VERTEX_POINT('',#15356);
#5370=VERTEX_POINT('',#15358);
#5371=VERTEX_POINT('',#15360);
#5372=VERTEX_POINT('',#15362);
#5373=VERTEX_POINT('',#15364);
#5374=VERTEX_POINT('',#15366);
#5375=VERTEX_POINT('',#15368);
#5376=VERTEX_POINT('',#15370);
#5377=VERTEX_POINT('',#15372);
#5378=VERTEX_POINT('',#15374);
#5379=VERTEX_POINT('',#15376);
#5380=VERTEX_POINT('',#15380);
#5381=VERTEX_POINT('',#15381);
#5382=VERTEX_POINT('',#15383);
#5383=VERTEX_POINT('',#15385);
#5384=VERTEX_POINT('',#15387);
#5385=VERTEX_POINT('',#15389);
#5386=VERTEX_POINT('',#15391);
#5387=VERTEX_POINT('',#15393);
#5388=VERTEX_POINT('',#15395);
#5389=VERTEX_POINT('',#15397);
#5390=VERTEX_POINT('',#15399);
#5391=VERTEX_POINT('',#15401);
#5392=VERTEX_POINT('',#15403);
#5393=VERTEX_POINT('',#15405);
#5394=VERTEX_POINT('',#15407);
#5395=VERTEX_POINT('',#15409);
#5396=VERTEX_POINT('',#15413);
#5397=VERTEX_POINT('',#15414);
#5398=VERTEX_POINT('',#15416);
#5399=VERTEX_POINT('',#15418);
#5400=VERTEX_POINT('',#15420);
#5401=VERTEX_POINT('',#15422);
#5402=VERTEX_POINT('',#15424);
#5403=VERTEX_POINT('',#15426);
#5404=VERTEX_POINT('',#15428);
#5405=VERTEX_POINT('',#15430);
#5406=VERTEX_POINT('',#15432);
#5407=VERTEX_POINT('',#15434);
#5408=VERTEX_POINT('',#15436);
#5409=VERTEX_POINT('',#15438);
#5410=VERTEX_POINT('',#15440);
#5411=VERTEX_POINT('',#15442);
#5412=VERTEX_POINT('',#15446);
#5413=VERTEX_POINT('',#15447);
#5414=VERTEX_POINT('',#15449);
#5415=VERTEX_POINT('',#15451);
#5416=VERTEX_POINT('',#15453);
#5417=VERTEX_POINT('',#15455);
#5418=VERTEX_POINT('',#15457);
#5419=VERTEX_POINT('',#15459);
#5420=VERTEX_POINT('',#15461);
#5421=VERTEX_POINT('',#15463);
#5422=VERTEX_POINT('',#15465);
#5423=VERTEX_POINT('',#15467);
#5424=VERTEX_POINT('',#15469);
#5425=VERTEX_POINT('',#15471);
#5426=VERTEX_POINT('',#15473);
#5427=VERTEX_POINT('',#15475);
#5428=VERTEX_POINT('',#15479);
#5429=VERTEX_POINT('',#15481);
#5430=VERTEX_POINT('',#15485);
#5431=VERTEX_POINT('',#15489);
#5432=VERTEX_POINT('',#15493);
#5433=VERTEX_POINT('',#15497);
#5434=VERTEX_POINT('',#15501);
#5435=VERTEX_POINT('',#15505);
#5436=VERTEX_POINT('',#15509);
#5437=VERTEX_POINT('',#15513);
#5438=VERTEX_POINT('',#15517);
#5439=VERTEX_POINT('',#15521);
#5440=VERTEX_POINT('',#15525);
#5441=VERTEX_POINT('',#15529);
#5442=VERTEX_POINT('',#15533);
#5443=VERTEX_POINT('',#15537);
#5444=VERTEX_POINT('',#15543);
#5445=VERTEX_POINT('',#15545);
#5446=VERTEX_POINT('',#15549);
#5447=VERTEX_POINT('',#15553);
#5448=VERTEX_POINT('',#15557);
#5449=VERTEX_POINT('',#15561);
#5450=VERTEX_POINT('',#15565);
#5451=VERTEX_POINT('',#15569);
#5452=VERTEX_POINT('',#15573);
#5453=VERTEX_POINT('',#15577);
#5454=VERTEX_POINT('',#15581);
#5455=VERTEX_POINT('',#15585);
#5456=VERTEX_POINT('',#15589);
#5457=VERTEX_POINT('',#15593);
#5458=VERTEX_POINT('',#15597);
#5459=VERTEX_POINT('',#15601);
#5460=VERTEX_POINT('',#15607);
#5461=VERTEX_POINT('',#15609);
#5462=VERTEX_POINT('',#15613);
#5463=VERTEX_POINT('',#15617);
#5464=VERTEX_POINT('',#15621);
#5465=VERTEX_POINT('',#15625);
#5466=VERTEX_POINT('',#15629);
#5467=VERTEX_POINT('',#15633);
#5468=VERTEX_POINT('',#15637);
#5469=VERTEX_POINT('',#15641);
#5470=VERTEX_POINT('',#15645);
#5471=VERTEX_POINT('',#15649);
#5472=VERTEX_POINT('',#15653);
#5473=VERTEX_POINT('',#15657);
#5474=VERTEX_POINT('',#15661);
#5475=VERTEX_POINT('',#15665);
#5476=VERTEX_POINT('',#15671);
#5477=VERTEX_POINT('',#15673);
#5478=VERTEX_POINT('',#15677);
#5479=VERTEX_POINT('',#15681);
#5480=VERTEX_POINT('',#15685);
#5481=VERTEX_POINT('',#15689);
#5482=VERTEX_POINT('',#15693);
#5483=VERTEX_POINT('',#15697);
#5484=VERTEX_POINT('',#15701);
#5485=VERTEX_POINT('',#15705);
#5486=VERTEX_POINT('',#15709);
#5487=VERTEX_POINT('',#15713);
#5488=VERTEX_POINT('',#15717);
#5489=VERTEX_POINT('',#15721);
#5490=VERTEX_POINT('',#15725);
#5491=VERTEX_POINT('',#15729);
#5492=VERTEX_POINT('',#15735);
#5493=VERTEX_POINT('',#15737);
#5494=VERTEX_POINT('',#15741);
#5495=VERTEX_POINT('',#15745);
#5496=VERTEX_POINT('',#15749);
#5497=VERTEX_POINT('',#15753);
#5498=VERTEX_POINT('',#15757);
#5499=VERTEX_POINT('',#15761);
#5500=VERTEX_POINT('',#15765);
#5501=VERTEX_POINT('',#15769);
#5502=VERTEX_POINT('',#15773);
#5503=VERTEX_POINT('',#15777);
#5504=VERTEX_POINT('',#15781);
#5505=VERTEX_POINT('',#15785);
#5506=VERTEX_POINT('',#15789);
#5507=VERTEX_POINT('',#15793);
#5508=VERTEX_POINT('',#15799);
#5509=VERTEX_POINT('',#15801);
#5510=VERTEX_POINT('',#15805);
#5511=VERTEX_POINT('',#15809);
#5512=VERTEX_POINT('',#15813);
#5513=VERTEX_POINT('',#15817);
#5514=VERTEX_POINT('',#15821);
#5515=VERTEX_POINT('',#15825);
#5516=VERTEX_POINT('',#15829);
#5517=VERTEX_POINT('',#15833);
#5518=VERTEX_POINT('',#15837);
#5519=VERTEX_POINT('',#15841);
#5520=VERTEX_POINT('',#15845);
#5521=VERTEX_POINT('',#15849);
#5522=VERTEX_POINT('',#15853);
#5523=VERTEX_POINT('',#15857);
#5524=VERTEX_POINT('',#15863);
#5525=VERTEX_POINT('',#15865);
#5526=VERTEX_POINT('',#15869);
#5527=VERTEX_POINT('',#15873);
#5528=VERTEX_POINT('',#15877);
#5529=VERTEX_POINT('',#15881);
#5530=VERTEX_POINT('',#15885);
#5531=VERTEX_POINT('',#15889);
#5532=VERTEX_POINT('',#15893);
#5533=VERTEX_POINT('',#15897);
#5534=VERTEX_POINT('',#15901);
#5535=VERTEX_POINT('',#15905);
#5536=VERTEX_POINT('',#15909);
#5537=VERTEX_POINT('',#15913);
#5538=VERTEX_POINT('',#15917);
#5539=VERTEX_POINT('',#15921);
#5540=VERTEX_POINT('',#15927);
#5541=VERTEX_POINT('',#15929);
#5542=VERTEX_POINT('',#15933);
#5543=VERTEX_POINT('',#15937);
#5544=VERTEX_POINT('',#15941);
#5545=VERTEX_POINT('',#15945);
#5546=VERTEX_POINT('',#15949);
#5547=VERTEX_POINT('',#15953);
#5548=VERTEX_POINT('',#15957);
#5549=VERTEX_POINT('',#15961);
#5550=VERTEX_POINT('',#15965);
#5551=VERTEX_POINT('',#15969);
#5552=VERTEX_POINT('',#15973);
#5553=VERTEX_POINT('',#15977);
#5554=VERTEX_POINT('',#15981);
#5555=VERTEX_POINT('',#15985);
#5556=VERTEX_POINT('',#15991);
#5557=VERTEX_POINT('',#15993);
#5558=VERTEX_POINT('',#15997);
#5559=VERTEX_POINT('',#16001);
#5560=VERTEX_POINT('',#16005);
#5561=VERTEX_POINT('',#16009);
#5562=VERTEX_POINT('',#16013);
#5563=VERTEX_POINT('',#16017);
#5564=VERTEX_POINT('',#16021);
#5565=VERTEX_POINT('',#16025);
#5566=VERTEX_POINT('',#16029);
#5567=VERTEX_POINT('',#16033);
#5568=VERTEX_POINT('',#16037);
#5569=VERTEX_POINT('',#16041);
#5570=VERTEX_POINT('',#16045);
#5571=VERTEX_POINT('',#16049);
#5572=VERTEX_POINT('',#16055);
#5573=VERTEX_POINT('',#16057);
#5574=VERTEX_POINT('',#16061);
#5575=VERTEX_POINT('',#16065);
#5576=VERTEX_POINT('',#16069);
#5577=VERTEX_POINT('',#16073);
#5578=VERTEX_POINT('',#16077);
#5579=VERTEX_POINT('',#16081);
#5580=VERTEX_POINT('',#16085);
#5581=VERTEX_POINT('',#16089);
#5582=VERTEX_POINT('',#16093);
#5583=VERTEX_POINT('',#16097);
#5584=VERTEX_POINT('',#16101);
#5585=VERTEX_POINT('',#16105);
#5586=VERTEX_POINT('',#16109);
#5587=VERTEX_POINT('',#16113);
#5588=VERTEX_POINT('',#16119);
#5589=VERTEX_POINT('',#16121);
#5590=VERTEX_POINT('',#16125);
#5591=VERTEX_POINT('',#16129);
#5592=VERTEX_POINT('',#16133);
#5593=VERTEX_POINT('',#16137);
#5594=VERTEX_POINT('',#16141);
#5595=VERTEX_POINT('',#16145);
#5596=VERTEX_POINT('',#16149);
#5597=VERTEX_POINT('',#16153);
#5598=VERTEX_POINT('',#16157);
#5599=VERTEX_POINT('',#16161);
#5600=VERTEX_POINT('',#16165);
#5601=VERTEX_POINT('',#16169);
#5602=VERTEX_POINT('',#16173);
#5603=VERTEX_POINT('',#16177);
#5604=VERTEX_POINT('',#16183);
#5605=VERTEX_POINT('',#16185);
#5606=VERTEX_POINT('',#16189);
#5607=VERTEX_POINT('',#16193);
#5608=VERTEX_POINT('',#16197);
#5609=VERTEX_POINT('',#16201);
#5610=VERTEX_POINT('',#16205);
#5611=VERTEX_POINT('',#16209);
#5612=VERTEX_POINT('',#16213);
#5613=VERTEX_POINT('',#16217);
#5614=VERTEX_POINT('',#16221);
#5615=VERTEX_POINT('',#16225);
#5616=VERTEX_POINT('',#16229);
#5617=VERTEX_POINT('',#16233);
#5618=VERTEX_POINT('',#16237);
#5619=VERTEX_POINT('',#16241);
#5620=VERTEX_POINT('',#16247);
#5621=VERTEX_POINT('',#16249);
#5622=VERTEX_POINT('',#16253);
#5623=VERTEX_POINT('',#16257);
#5624=VERTEX_POINT('',#16261);
#5625=VERTEX_POINT('',#16265);
#5626=VERTEX_POINT('',#16269);
#5627=VERTEX_POINT('',#16273);
#5628=VERTEX_POINT('',#16277);
#5629=VERTEX_POINT('',#16281);
#5630=VERTEX_POINT('',#16285);
#5631=VERTEX_POINT('',#16289);
#5632=VERTEX_POINT('',#16293);
#5633=VERTEX_POINT('',#16297);
#5634=VERTEX_POINT('',#16301);
#5635=VERTEX_POINT('',#16305);
#5636=VERTEX_POINT('',#16311);
#5637=VERTEX_POINT('',#16313);
#5638=VERTEX_POINT('',#16317);
#5639=VERTEX_POINT('',#16321);
#5640=VERTEX_POINT('',#16325);
#5641=VERTEX_POINT('',#16329);
#5642=VERTEX_POINT('',#16333);
#5643=VERTEX_POINT('',#16337);
#5644=VERTEX_POINT('',#16341);
#5645=VERTEX_POINT('',#16345);
#5646=VERTEX_POINT('',#16349);
#5647=VERTEX_POINT('',#16353);
#5648=VERTEX_POINT('',#16357);
#5649=VERTEX_POINT('',#16361);
#5650=VERTEX_POINT('',#16365);
#5651=VERTEX_POINT('',#16369);
#5652=VERTEX_POINT('',#16375);
#5653=VERTEX_POINT('',#16378);
#5654=VERTEX_POINT('',#16381);
#5655=VERTEX_POINT('',#16384);
#5656=VERTEX_POINT('',#16387);
#5657=VERTEX_POINT('',#16390);
#5658=VERTEX_POINT('',#16393);
#5659=VERTEX_POINT('',#16396);
#5660=VERTEX_POINT('',#16399);
#5661=VERTEX_POINT('',#16402);
#5662=VERTEX_POINT('',#16405);
#5663=VERTEX_POINT('',#16408);
#5664=VERTEX_POINT('',#16411);
#5665=VERTEX_POINT('',#16414);
#5666=VERTEX_POINT('',#16417);
#5667=VERTEX_POINT('',#16418);
#5668=VERTEX_POINT('',#16420);
#5669=VERTEX_POINT('',#16422);
#5670=VERTEX_POINT('',#16465);
#5671=VERTEX_POINT('',#16467);
#5672=VERTEX_POINT('',#16470);
#5673=VERTEX_POINT('',#16472);
#5674=VERTEX_POINT('',#16474);
#5675=VERTEX_POINT('',#16477);
#5676=VERTEX_POINT('',#16479);
#5677=VERTEX_POINT('',#16481);
#5678=VERTEX_POINT('',#16484);
#5679=VERTEX_POINT('',#16486);
#5680=VERTEX_POINT('',#16488);
#5681=VERTEX_POINT('',#16491);
#5682=CIRCLE('',#8782,0.0035);
#5683=CIRCLE('',#8783,0.0035);
#5684=CIRCLE('',#8784,0.0035);
#5685=CIRCLE('',#8785,0.0035);
#5686=CIRCLE('',#8786,0.002);
#5687=CIRCLE('',#8787,0.002);
#5688=CIRCLE('',#8788,0.002);
#5689=CIRCLE('',#8789,0.002);
#5690=CIRCLE('',#8791,0.0013);
#5691=CIRCLE('',#8792,0.0013);
#5692=CIRCLE('',#8794,0.0013);
#5693=CIRCLE('',#8795,0.0013);
#5694=CIRCLE('',#8797,0.0013);
#5695=CIRCLE('',#8798,0.0013);
#5696=CIRCLE('',#8800,0.0013);
#5697=CIRCLE('',#8801,0.0013);
#5698=CIRCLE('',#8803,0.0013);
#5699=CIRCLE('',#8804,0.0013);
#5700=CIRCLE('',#8806,0.0013);
#5701=CIRCLE('',#8807,0.0013);
#5702=CIRCLE('',#8809,0.0013);
#5703=CIRCLE('',#8810,0.0013);
#5704=CIRCLE('',#8812,0.0013);
#5705=CIRCLE('',#8813,0.0013);
#5706=CIRCLE('',#8815,0.0013);
#5707=CIRCLE('',#8816,0.0013);
#5708=CIRCLE('',#8818,0.0013);
#5709=CIRCLE('',#8819,0.0013);
#5710=CIRCLE('',#8821,0.0013);
#5711=CIRCLE('',#8822,0.0013);
#5712=CIRCLE('',#8824,0.0013);
#5713=CIRCLE('',#8825,0.0013);
#5714=CIRCLE('',#8827,0.0013);
#5715=CIRCLE('',#8828,0.0013);
#5716=CIRCLE('',#8830,0.0013);
#5717=CIRCLE('',#8831,0.0013);
#5718=CIRCLE('',#8833,0.0013);
#5719=CIRCLE('',#8834,0.0013);
#5720=CIRCLE('',#8836,0.0013);
#5721=CIRCLE('',#8837,0.0013);
#5722=CIRCLE('',#8839,0.0013);
#5723=CIRCLE('',#8840,0.0013);
#5724=CIRCLE('',#8842,0.0013);
#5725=CIRCLE('',#8843,0.0013);
#5726=CIRCLE('',#8845,0.0013);
#5727=CIRCLE('',#8846,0.0013);
#5728=CIRCLE('',#8848,0.0013);
#5729=CIRCLE('',#8849,0.0013);
#5730=CIRCLE('',#8851,0.0013);
#5731=CIRCLE('',#8852,0.0013);
#5732=CIRCLE('',#8854,0.0013);
#5733=CIRCLE('',#8855,0.0013);
#5734=CIRCLE('',#8857,0.0013);
#5735=CIRCLE('',#8858,0.0013);
#5736=CIRCLE('',#8860,0.0013);
#5737=CIRCLE('',#8861,0.0013);
#5738=CIRCLE('',#8863,0.0013);
#5739=CIRCLE('',#8864,0.0013);
#5740=CIRCLE('',#8866,0.0013);
#5741=CIRCLE('',#8867,0.0013);
#5742=CIRCLE('',#8869,0.0013);
#5743=CIRCLE('',#8870,0.0013);
#5744=CIRCLE('',#8872,0.0013);
#5745=CIRCLE('',#8873,0.0013);
#5746=CIRCLE('',#8875,0.0013);
#5747=CIRCLE('',#8876,0.0013);
#5748=CIRCLE('',#8878,0.0013);
#5749=CIRCLE('',#8879,0.0013);
#5750=CIRCLE('',#8881,0.0013);
#5751=CIRCLE('',#8882,0.0013);
#5752=CIRCLE('',#8884,0.0013);
#5753=CIRCLE('',#8885,0.0013);
#5754=CIRCLE('',#8891,0.002);
#5755=CIRCLE('',#8892,0.002);
#5756=CIRCLE('',#8893,0.002);
#5757=CIRCLE('',#8894,0.002);
#5758=CIRCLE('',#8896,0.0025);
#5759=CIRCLE('',#8897,0.0002);
#5760=CIRCLE('',#8898,0.00669691072212347);
#5761=CIRCLE('',#8899,0.0002);
#5762=CIRCLE('',#8900,0.0025);
#5763=CIRCLE('',#8901,0.0002);
#5764=CIRCLE('',#8902,0.00669691072212347);
#5765=CIRCLE('',#8903,0.0002);
#5766=CIRCLE('',#8904,0.0025);
#5767=CIRCLE('',#8905,0.0002);
#5768=CIRCLE('',#8906,0.00669691072212347);
#5769=CIRCLE('',#8907,0.0002);
#5770=CIRCLE('',#8908,0.0025);
#5771=CIRCLE('',#8909,0.0002);
#5772=CIRCLE('',#8910,0.00669691072212347);
#5773=CIRCLE('',#8911,0.0002);
#5774=CIRCLE('',#8913,0.0025);
#5775=CIRCLE('',#8914,0.0002);
#5776=CIRCLE('',#8915,0.00669691072212347);
#5777=CIRCLE('',#8916,0.0002);
#5778=CIRCLE('',#8917,0.0025);
#5779=CIRCLE('',#8918,0.0002);
#5780=CIRCLE('',#8919,0.00669691072212347);
#5781=CIRCLE('',#8920,0.0002);
#5782=CIRCLE('',#8921,0.0025);
#5783=CIRCLE('',#8922,0.0002);
#5784=CIRCLE('',#8923,0.00669691072212347);
#5785=CIRCLE('',#8924,0.0002);
#5786=CIRCLE('',#8925,0.0025);
#5787=CIRCLE('',#8926,0.0002);
#5788=CIRCLE('',#8927,0.00669691072212347);
#5789=CIRCLE('',#8928,0.0002);
#5790=CIRCLE('',#8930,0.0025);
#5791=CIRCLE('',#8931,0.0002);
#5792=CIRCLE('',#8932,0.00669691072212347);
#5793=CIRCLE('',#8933,0.0002);
#5794=CIRCLE('',#8934,0.0025);
#5795=CIRCLE('',#8935,0.0002);
#5796=CIRCLE('',#8936,0.00669691072212347);
#5797=CIRCLE('',#8937,0.0002);
#5798=CIRCLE('',#8938,0.0025);
#5799=CIRCLE('',#8939,0.0002);
#5800=CIRCLE('',#8940,0.00669691072212347);
#5801=CIRCLE('',#8941,0.0002);
#5802=CIRCLE('',#8942,0.0025);
#5803=CIRCLE('',#8943,0.0002);
#5804=CIRCLE('',#8944,0.00669691072212347);
#5805=CIRCLE('',#8945,0.0002);
#5806=CIRCLE('',#8947,0.0025);
#5807=CIRCLE('',#8948,0.0002);
#5808=CIRCLE('',#8949,0.00669691072212347);
#5809=CIRCLE('',#8950,0.0002);
#5810=CIRCLE('',#8951,0.0025);
#5811=CIRCLE('',#8952,0.0002);
#5812=CIRCLE('',#8953,0.00669691072212347);
#5813=CIRCLE('',#8954,0.0002);
#5814=CIRCLE('',#8955,0.0025);
#5815=CIRCLE('',#8956,0.0002);
#5816=CIRCLE('',#8957,0.00669691072212347);
#5817=CIRCLE('',#8958,0.0002);
#5818=CIRCLE('',#8959,0.0025);
#5819=CIRCLE('',#8960,0.0002);
#5820=CIRCLE('',#8961,0.00669691072212347);
#5821=CIRCLE('',#8962,0.0002);
#5822=CIRCLE('',#8964,0.0025);
#5823=CIRCLE('',#8965,0.0002);
#5824=CIRCLE('',#8966,0.00669691072212347);
#5825=CIRCLE('',#8967,0.0002);
#5826=CIRCLE('',#8968,0.0025);
#5827=CIRCLE('',#8969,0.0002);
#5828=CIRCLE('',#8970,0.00669691072212347);
#5829=CIRCLE('',#8971,0.0002);
#5830=CIRCLE('',#8972,0.0025);
#5831=CIRCLE('',#8973,0.0002);
#5832=CIRCLE('',#8974,0.00669691072212347);
#5833=CIRCLE('',#8975,0.0002);
#5834=CIRCLE('',#8976,0.0025);
#5835=CIRCLE('',#8977,0.0002);
#5836=CIRCLE('',#8978,0.00669691072212347);
#5837=CIRCLE('',#8979,0.0002);
#5838=CIRCLE('',#8981,0.00669691072212347);
#5839=CIRCLE('',#8982,0.0002);
#5840=CIRCLE('',#8983,0.0025);
#5841=CIRCLE('',#8984,0.0002);
#5842=CIRCLE('',#8985,0.00669691072212347);
#5843=CIRCLE('',#8986,0.0002);
#5844=CIRCLE('',#8987,0.0025);
#5845=CIRCLE('',#8988,0.0002);
#5846=CIRCLE('',#8989,0.00669691072212347);
#5847=CIRCLE('',#8990,0.0002);
#5848=CIRCLE('',#8991,0.0025);
#5849=CIRCLE('',#8992,0.0002);
#5850=CIRCLE('',#8993,0.00669691072212347);
#5851=CIRCLE('',#8994,0.0002);
#5852=CIRCLE('',#8995,0.0025);
#5853=CIRCLE('',#8996,0.0002);
#5854=CIRCLE('',#8998,0.0025);
#5855=CIRCLE('',#8999,0.0002);
#5856=CIRCLE('',#9000,0.00669691072212347);
#5857=CIRCLE('',#9001,0.0002);
#5858=CIRCLE('',#9002,0.0025);
#5859=CIRCLE('',#9003,0.0002);
#5860=CIRCLE('',#9004,0.00669691072212347);
#5861=CIRCLE('',#9005,0.0002);
#5862=CIRCLE('',#9006,0.0025);
#5863=CIRCLE('',#9007,0.0002);
#5864=CIRCLE('',#9008,0.00669691072212347);
#5865=CIRCLE('',#9009,0.0002);
#5866=CIRCLE('',#9010,0.0025);
#5867=CIRCLE('',#9011,0.0002);
#5868=CIRCLE('',#9012,0.00669691072212347);
#5869=CIRCLE('',#9013,0.0002);
#5870=CIRCLE('',#9015,0.0025);
#5871=CIRCLE('',#9017,0.0002);
#5872=CIRCLE('',#9019,0.00669691072212347);
#5873=CIRCLE('',#9021,0.0002);
#5874=CIRCLE('',#9023,0.0025);
#5875=CIRCLE('',#9025,0.0002);
#5876=CIRCLE('',#9027,0.00669691072212347);
#5877=CIRCLE('',#9029,0.0002);
#5878=CIRCLE('',#9031,0.0025);
#5879=CIRCLE('',#9033,0.0002);
#5880=CIRCLE('',#9035,0.00669691072212347);
#5881=CIRCLE('',#9037,0.0002);
#5882=CIRCLE('',#9039,0.0025);
#5883=CIRCLE('',#9041,0.0002);
#5884=CIRCLE('',#9043,0.00669691072212347);
#5885=CIRCLE('',#9045,0.0002);
#5886=CIRCLE('',#9047,0.0025);
#5887=CIRCLE('',#9049,0.0002);
#5888=CIRCLE('',#9051,0.00669691072212347);
#5889=CIRCLE('',#9053,0.0002);
#5890=CIRCLE('',#9055,0.0025);
#5891=CIRCLE('',#9057,0.0002);
#5892=CIRCLE('',#9059,0.00669691072212347);
#5893=CIRCLE('',#9061,0.0002);
#5894=CIRCLE('',#9063,0.0025);
#5895=CIRCLE('',#9065,0.0002);
#5896=CIRCLE('',#9067,0.00669691072212347);
#5897=CIRCLE('',#9069,0.0002);
#5898=CIRCLE('',#9071,0.0025);
#5899=CIRCLE('',#9073,0.0002);
#5900=CIRCLE('',#9075,0.00669691072212347);
#5901=CIRCLE('',#9077,0.0002);
#5902=CIRCLE('',#9079,0.0025);
#5903=CIRCLE('',#9081,0.0002);
#5904=CIRCLE('',#9083,0.00669691072212347);
#5905=CIRCLE('',#9085,0.0002);
#5906=CIRCLE('',#9087,0.0025);
#5907=CIRCLE('',#9089,0.0002);
#5908=CIRCLE('',#9091,0.00669691072212347);
#5909=CIRCLE('',#9093,0.0002);
#5910=CIRCLE('',#9095,0.0025);
#5911=CIRCLE('',#9097,0.0002);
#5912=CIRCLE('',#9099,0.00669691072212347);
#5913=CIRCLE('',#9101,0.0002);
#5914=CIRCLE('',#9103,0.0025);
#5915=CIRCLE('',#9105,0.0002);
#5916=CIRCLE('',#9107,0.00669691072212347);
#5917=CIRCLE('',#9109,0.0002);
#5918=CIRCLE('',#9111,0.0025);
#5919=CIRCLE('',#9113,0.0002);
#5920=CIRCLE('',#9115,0.00669691072212347);
#5921=CIRCLE('',#9117,0.0002);
#5922=CIRCLE('',#9119,0.0025);
#5923=CIRCLE('',#9121,0.0002);
#5924=CIRCLE('',#9123,0.00669691072212347);
#5925=CIRCLE('',#9125,0.0002);
#5926=CIRCLE('',#9127,0.0025);
#5927=CIRCLE('',#9129,0.0002);
#5928=CIRCLE('',#9131,0.00669691072212347);
#5929=CIRCLE('',#9133,0.0002);
#5930=CIRCLE('',#9135,0.0025);
#5931=CIRCLE('',#9137,0.0002);
#5932=CIRCLE('',#9139,0.00669691072212347);
#5933=CIRCLE('',#9141,0.0002);
#5934=CIRCLE('',#9143,0.0025);
#5935=CIRCLE('',#9145,0.0002);
#5936=CIRCLE('',#9147,0.00669691072212347);
#5937=CIRCLE('',#9149,0.0002);
#5938=CIRCLE('',#9151,0.0025);
#5939=CIRCLE('',#9153,0.0002);
#5940=CIRCLE('',#9155,0.00669691072212347);
#5941=CIRCLE('',#9157,0.0002);
#5942=CIRCLE('',#9159,0.0025);
#5943=CIRCLE('',#9161,0.0002);
#5944=CIRCLE('',#9163,0.00669691072212347);
#5945=CIRCLE('',#9165,0.0002);
#5946=CIRCLE('',#9167,0.0025);
#5947=CIRCLE('',#9169,0.0002);
#5948=CIRCLE('',#9171,0.00669691072212347);
#5949=CIRCLE('',#9173,0.0002);
#5950=CIRCLE('',#9175,0.0025);
#5951=CIRCLE('',#9177,0.0002);
#5952=CIRCLE('',#9179,0.00669691072212347);
#5953=CIRCLE('',#9181,0.0002);
#5954=CIRCLE('',#9183,0.0025);
#5955=CIRCLE('',#9185,0.0002);
#5956=CIRCLE('',#9187,0.00669691072212347);
#5957=CIRCLE('',#9189,0.0002);
#5958=CIRCLE('',#9191,0.0025);
#5959=CIRCLE('',#9193,0.0002);
#5960=CIRCLE('',#9195,0.00669691072212347);
#5961=CIRCLE('',#9197,0.0002);
#5962=CIRCLE('',#9199,0.0025);
#5963=CIRCLE('',#9201,0.0002);
#5964=CIRCLE('',#9203,0.00669691072212347);
#5965=CIRCLE('',#9205,0.0002);
#5966=CIRCLE('',#9207,0.0025);
#5967=CIRCLE('',#9209,0.0002);
#5968=CIRCLE('',#9211,0.00669691072212347);
#5969=CIRCLE('',#9213,0.0002);
#5970=CIRCLE('',#9215,0.0025);
#5971=CIRCLE('',#9217,0.0002);
#5972=CIRCLE('',#9219,0.00669691072212347);
#5973=CIRCLE('',#9221,0.0002);
#5974=CIRCLE('',#9223,0.0025);
#5975=CIRCLE('',#9225,0.0002);
#5976=CIRCLE('',#9227,0.00669691072212347);
#5977=CIRCLE('',#9229,0.0002);
#5978=CIRCLE('',#9231,0.0025);
#5979=CIRCLE('',#9233,0.0002);
#5980=CIRCLE('',#9235,0.00669691072212347);
#5981=CIRCLE('',#9237,0.0002);
#5982=CIRCLE('',#9239,0.0002);
#5983=CIRCLE('',#9240,0.0002);
#5984=CIRCLE('',#9241,0.0027);
#5985=CIRCLE('',#9243,0.0002);
#5986=CIRCLE('',#9244,0.0004);
#5987=CIRCLE('',#9246,0.0002);
#5988=CIRCLE('',#9247,0.00649691072212347);
#5989=CIRCLE('',#9249,0.0002);
#5990=CIRCLE('',#9250,0.0004);
#5991=CIRCLE('',#9252,0.0027);
#5992=CIRCLE('',#9253,0.0002);
#5993=CIRCLE('',#9255,0.0004);
#5994=CIRCLE('',#9256,0.0002);
#5995=CIRCLE('',#9258,0.00649691072212347);
#5996=CIRCLE('',#9259,0.0002);
#5997=CIRCLE('',#9261,0.0004);
#5998=CIRCLE('',#9262,0.0002);
#5999=CIRCLE('',#9264,0.0027);
#6000=CIRCLE('',#9265,0.0002);
#6001=CIRCLE('',#9267,0.0004);
#6002=CIRCLE('',#9268,0.0002);
#6003=CIRCLE('',#9270,0.00649691072212347);
#6004=CIRCLE('',#9271,0.0002);
#6005=CIRCLE('',#9273,0.0004);
#6006=CIRCLE('',#9274,0.0002);
#6007=CIRCLE('',#9276,0.0027);
#6008=CIRCLE('',#9277,0.0002);
#6009=CIRCLE('',#9279,0.0002);
#6010=CIRCLE('',#9280,0.0004);
#6011=CIRCLE('',#9282,0.0002);
#6012=CIRCLE('',#9283,0.00649691072212347);
#6013=CIRCLE('',#9285,0.0004);
#6014=CIRCLE('',#9287,0.0002);
#6015=CIRCLE('',#9288,0.0002);
#6016=CIRCLE('',#9289,0.0027);
#6017=CIRCLE('',#9291,0.0002);
#6018=CIRCLE('',#9292,0.0004);
#6019=CIRCLE('',#9294,0.0002);
#6020=CIRCLE('',#9295,0.00649691072212347);
#6021=CIRCLE('',#9297,0.0002);
#6022=CIRCLE('',#9298,0.0004);
#6023=CIRCLE('',#9300,0.0027);
#6024=CIRCLE('',#9301,0.0002);
#6025=CIRCLE('',#9303,0.0004);
#6026=CIRCLE('',#9304,0.0002);
#6027=CIRCLE('',#9306,0.00649691072212347);
#6028=CIRCLE('',#9307,0.0002);
#6029=CIRCLE('',#9309,0.0004);
#6030=CIRCLE('',#9310,0.0002);
#6031=CIRCLE('',#9312,0.0027);
#6032=CIRCLE('',#9313,0.0002);
#6033=CIRCLE('',#9315,0.0004);
#6034=CIRCLE('',#9316,0.0002);
#6035=CIRCLE('',#9318,0.00649691072212347);
#6036=CIRCLE('',#9319,0.0002);
#6037=CIRCLE('',#9321,0.0004);
#6038=CIRCLE('',#9322,0.0002);
#6039=CIRCLE('',#9324,0.0027);
#6040=CIRCLE('',#9325,0.0002);
#6041=CIRCLE('',#9327,0.0002);
#6042=CIRCLE('',#9328,0.0004);
#6043=CIRCLE('',#9330,0.0002);
#6044=CIRCLE('',#9331,0.00649691072212347);
#6045=CIRCLE('',#9333,0.0004);
#6046=CIRCLE('',#9335,0.0002);
#6047=CIRCLE('',#9336,0.0002);
#6048=CIRCLE('',#9337,0.0027);
#6049=CIRCLE('',#9339,0.0002);
#6050=CIRCLE('',#9340,0.0004);
#6051=CIRCLE('',#9342,0.0002);
#6052=CIRCLE('',#9343,0.00649691072212347);
#6053=CIRCLE('',#9345,0.0002);
#6054=CIRCLE('',#9346,0.0004);
#6055=CIRCLE('',#9348,0.0027);
#6056=CIRCLE('',#9349,0.0002);
#6057=CIRCLE('',#9351,0.0004);
#6058=CIRCLE('',#9352,0.0002);
#6059=CIRCLE('',#9354,0.00649691072212347);
#6060=CIRCLE('',#9355,0.0002);
#6061=CIRCLE('',#9357,0.0004);
#6062=CIRCLE('',#9358,0.0002);
#6063=CIRCLE('',#9360,0.0027);
#6064=CIRCLE('',#9361,0.0002);
#6065=CIRCLE('',#9363,0.0004);
#6066=CIRCLE('',#9364,0.0002);
#6067=CIRCLE('',#9366,0.00649691072212347);
#6068=CIRCLE('',#9367,0.0002);
#6069=CIRCLE('',#9369,0.0004);
#6070=CIRCLE('',#9370,0.0002);
#6071=CIRCLE('',#9372,0.0027);
#6072=CIRCLE('',#9373,0.0002);
#6073=CIRCLE('',#9375,0.0002);
#6074=CIRCLE('',#9376,0.0004);
#6075=CIRCLE('',#9378,0.0002);
#6076=CIRCLE('',#9379,0.00649691072212347);
#6077=CIRCLE('',#9381,0.0004);
#6078=CIRCLE('',#9383,0.0002);
#6079=CIRCLE('',#9384,0.0002);
#6080=CIRCLE('',#9385,0.0027);
#6081=CIRCLE('',#9387,0.0002);
#6082=CIRCLE('',#9388,0.0004);
#6083=CIRCLE('',#9390,0.0002);
#6084=CIRCLE('',#9391,0.00649691072212347);
#6085=CIRCLE('',#9393,0.0002);
#6086=CIRCLE('',#9394,0.0004);
#6087=CIRCLE('',#9396,0.0027);
#6088=CIRCLE('',#9397,0.0002);
#6089=CIRCLE('',#9399,0.0004);
#6090=CIRCLE('',#9400,0.0002);
#6091=CIRCLE('',#9402,0.00649691072212347);
#6092=CIRCLE('',#9403,0.0002);
#6093=CIRCLE('',#9405,0.0004);
#6094=CIRCLE('',#9406,0.0002);
#6095=CIRCLE('',#9408,0.0027);
#6096=CIRCLE('',#9409,0.0002);
#6097=CIRCLE('',#9411,0.0004);
#6098=CIRCLE('',#9412,0.0002);
#6099=CIRCLE('',#9414,0.00649691072212347);
#6100=CIRCLE('',#9415,0.0002);
#6101=CIRCLE('',#9417,0.0004);
#6102=CIRCLE('',#9418,0.0002);
#6103=CIRCLE('',#9420,0.0027);
#6104=CIRCLE('',#9421,0.0002);
#6105=CIRCLE('',#9423,0.0002);
#6106=CIRCLE('',#9424,0.0004);
#6107=CIRCLE('',#9426,0.0002);
#6108=CIRCLE('',#9427,0.00649691072212347);
#6109=CIRCLE('',#9429,0.0004);
#6110=CIRCLE('',#9431,0.0002);
#6111=CIRCLE('',#9432,0.0002);
#6112=CIRCLE('',#9433,0.0027);
#6113=CIRCLE('',#9435,0.0002);
#6114=CIRCLE('',#9436,0.0004);
#6115=CIRCLE('',#9438,0.0002);
#6116=CIRCLE('',#9439,0.00649691072212346);
#6117=CIRCLE('',#9441,0.0002);
#6118=CIRCLE('',#9442,0.0004);
#6119=CIRCLE('',#9444,0.0027);
#6120=CIRCLE('',#9445,0.0002);
#6121=CIRCLE('',#9447,0.0004);
#6122=CIRCLE('',#9448,0.0002);
#6123=CIRCLE('',#9450,0.00649691072212347);
#6124=CIRCLE('',#9451,0.0002);
#6125=CIRCLE('',#9453,0.0004);
#6126=CIRCLE('',#9454,0.0002);
#6127=CIRCLE('',#9456,0.0027);
#6128=CIRCLE('',#9457,0.0002);
#6129=CIRCLE('',#9459,0.0004);
#6130=CIRCLE('',#9460,0.0002);
#6131=CIRCLE('',#9462,0.00649691072212347);
#6132=CIRCLE('',#9463,0.0002);
#6133=CIRCLE('',#9465,0.0004);
#6134=CIRCLE('',#9466,0.0002);
#6135=CIRCLE('',#9468,0.0027);
#6136=CIRCLE('',#9469,0.0002);
#6137=CIRCLE('',#9471,0.0002);
#6138=CIRCLE('',#9472,0.0004);
#6139=CIRCLE('',#9474,0.0002);
#6140=CIRCLE('',#9475,0.00649691072212347);
#6141=CIRCLE('',#9477,0.0004);
#6142=CIRCLE('',#9479,0.0002);
#6143=CIRCLE('',#9480,0.0002);
#6144=CIRCLE('',#9481,0.0027);
#6145=CIRCLE('',#9483,0.0002);
#6146=CIRCLE('',#9484,0.0004);
#6147=CIRCLE('',#9486,0.0002);
#6148=CIRCLE('',#9487,0.00649691072212347);
#6149=CIRCLE('',#9489,0.0002);
#6150=CIRCLE('',#9490,0.0004);
#6151=CIRCLE('',#9492,0.0027);
#6152=CIRCLE('',#9493,0.0002);
#6153=CIRCLE('',#9495,0.0004);
#6154=CIRCLE('',#9496,0.0002);
#6155=CIRCLE('',#9498,0.00649691072212347);
#6156=CIRCLE('',#9499,0.0002);
#6157=CIRCLE('',#9501,0.0004);
#6158=CIRCLE('',#9502,0.0002);
#6159=CIRCLE('',#9504,0.0027);
#6160=CIRCLE('',#9505,0.0002);
#6161=CIRCLE('',#9507,0.0004);
#6162=CIRCLE('',#9508,0.0002);
#6163=CIRCLE('',#9510,0.00649691072212347);
#6164=CIRCLE('',#9511,0.0002);
#6165=CIRCLE('',#9513,0.0004);
#6166=CIRCLE('',#9514,0.0002);
#6167=CIRCLE('',#9516,0.0027);
#6168=CIRCLE('',#9517,0.0002);
#6169=CIRCLE('',#9519,0.0002);
#6170=CIRCLE('',#9520,0.0004);
#6171=CIRCLE('',#9522,0.0002);
#6172=CIRCLE('',#9523,0.00649691072212347);
#6173=CIRCLE('',#9525,0.0004);
#6174=CIRCLE('',#9527,0.0002);
#6175=CIRCLE('',#9528,0.0002);
#6176=CIRCLE('',#9529,0.0027);
#6177=CIRCLE('',#9531,0.0002);
#6178=CIRCLE('',#9532,0.0004);
#6179=CIRCLE('',#9534,0.0002);
#6180=CIRCLE('',#9535,0.00649691072212347);
#6181=CIRCLE('',#9537,0.0002);
#6182=CIRCLE('',#9538,0.0004);
#6183=CIRCLE('',#9540,0.0027);
#6184=CIRCLE('',#9541,0.0002);
#6185=CIRCLE('',#9543,0.0004);
#6186=CIRCLE('',#9544,0.0002);
#6187=CIRCLE('',#9546,0.00649691072212347);
#6188=CIRCLE('',#9547,0.0002);
#6189=CIRCLE('',#9549,0.0004);
#6190=CIRCLE('',#9550,0.0002);
#6191=CIRCLE('',#9552,0.0027);
#6192=CIRCLE('',#9553,0.0002);
#6193=CIRCLE('',#9555,0.0004);
#6194=CIRCLE('',#9556,0.0002);
#6195=CIRCLE('',#9558,0.00649691072212347);
#6196=CIRCLE('',#9559,0.0002);
#6197=CIRCLE('',#9561,0.0004);
#6198=CIRCLE('',#9562,0.0002);
#6199=CIRCLE('',#9564,0.0027);
#6200=CIRCLE('',#9565,0.0002);
#6201=CIRCLE('',#9567,0.0002);
#6202=CIRCLE('',#9568,0.0004);
#6203=CIRCLE('',#9570,0.0002);
#6204=CIRCLE('',#9571,0.00649691072212347);
#6205=CIRCLE('',#9573,0.0004);
#6206=CIRCLE('',#9575,0.0032);
#6207=CIRCLE('',#9577,0.0032);
#6208=CIRCLE('',#9579,0.0032);
#6209=CIRCLE('',#9581,0.0032);
#6210=CIRCLE('',#9583,0.0032);
#6211=CIRCLE('',#9585,0.0032);
#6212=CIRCLE('',#9587,0.0032);
#6213=CIRCLE('',#9589,0.0032);
#6214=CIRCLE('',#9591,0.0032);
#6215=CIRCLE('',#9593,0.0032);
#6216=CIRCLE('',#9595,0.0032);
#6217=CIRCLE('',#9597,0.0032);
#6218=CIRCLE('',#9599,0.0032);
#6219=CIRCLE('',#9601,0.0032);
#6220=CIRCLE('',#9608,0.0025);
#6221=CIRCLE('',#9609,0.0002);
#6222=CIRCLE('',#9610,0.00669691072212347);
#6223=CIRCLE('',#9611,0.0002);
#6224=CIRCLE('',#9612,0.0025);
#6225=CIRCLE('',#9613,0.0002);
#6226=CIRCLE('',#9614,0.00669691072212347);
#6227=CIRCLE('',#9615,0.0002);
#6228=CIRCLE('',#9616,0.0025);
#6229=CIRCLE('',#9617,0.0002);
#6230=CIRCLE('',#9618,0.00669691072212347);
#6231=CIRCLE('',#9619,0.0002);
#6232=CIRCLE('',#9620,0.0025);
#6233=CIRCLE('',#9621,0.0002);
#6234=CIRCLE('',#9622,0.00669691072212347);
#6235=CIRCLE('',#9623,0.0002);
#6236=CIRCLE('',#9625,0.0025);
#6237=CIRCLE('',#9626,0.0002);
#6238=CIRCLE('',#9627,0.00669691072212347);
#6239=CIRCLE('',#9628,0.0002);
#6240=CIRCLE('',#9629,0.0025);
#6241=CIRCLE('',#9630,0.0002);
#6242=CIRCLE('',#9631,0.00669691072212347);
#6243=CIRCLE('',#9632,0.0002);
#6244=CIRCLE('',#9633,0.0025);
#6245=CIRCLE('',#9634,0.0002);
#6246=CIRCLE('',#9635,0.00669691072212347);
#6247=CIRCLE('',#9636,0.0002);
#6248=CIRCLE('',#9637,0.0025);
#6249=CIRCLE('',#9638,0.0002);
#6250=CIRCLE('',#9639,0.00669691072212347);
#6251=CIRCLE('',#9640,0.0002);
#6252=CIRCLE('',#9642,0.0025);
#6253=CIRCLE('',#9643,0.0002);
#6254=CIRCLE('',#9644,0.00669691072212347);
#6255=CIRCLE('',#9645,0.0002);
#6256=CIRCLE('',#9646,0.0025);
#6257=CIRCLE('',#9647,0.0002);
#6258=CIRCLE('',#9648,0.00669691072212347);
#6259=CIRCLE('',#9649,0.0002);
#6260=CIRCLE('',#9650,0.0025);
#6261=CIRCLE('',#9651,0.0002);
#6262=CIRCLE('',#9652,0.00669691072212347);
#6263=CIRCLE('',#9653,0.0002);
#6264=CIRCLE('',#9654,0.0025);
#6265=CIRCLE('',#9655,0.0002);
#6266=CIRCLE('',#9656,0.00669691072212347);
#6267=CIRCLE('',#9657,0.0002);
#6268=CIRCLE('',#9659,0.0025);
#6269=CIRCLE('',#9660,0.0002);
#6270=CIRCLE('',#9661,0.00669691072212347);
#6271=CIRCLE('',#9662,0.0002);
#6272=CIRCLE('',#9663,0.0025);
#6273=CIRCLE('',#9664,0.0002);
#6274=CIRCLE('',#9665,0.00669691072212347);
#6275=CIRCLE('',#9666,0.0002);
#6276=CIRCLE('',#9667,0.0025);
#6277=CIRCLE('',#9668,0.0002);
#6278=CIRCLE('',#9669,0.00669691072212347);
#6279=CIRCLE('',#9670,0.0002);
#6280=CIRCLE('',#9671,0.0025);
#6281=CIRCLE('',#9672,0.0002);
#6282=CIRCLE('',#9673,0.00669691072212347);
#6283=CIRCLE('',#9674,0.0002);
#6284=CIRCLE('',#9676,0.0025);
#6285=CIRCLE('',#9677,0.0002);
#6286=CIRCLE('',#9678,0.00669691072212347);
#6287=CIRCLE('',#9679,0.0002);
#6288=CIRCLE('',#9680,0.0025);
#6289=CIRCLE('',#9681,0.0002);
#6290=CIRCLE('',#9682,0.00669691072212347);
#6291=CIRCLE('',#9683,0.0002);
#6292=CIRCLE('',#9684,0.0025);
#6293=CIRCLE('',#9685,0.0002);
#6294=CIRCLE('',#9686,0.00669691072212347);
#6295=CIRCLE('',#9687,0.0002);
#6296=CIRCLE('',#9688,0.0025);
#6297=CIRCLE('',#9689,0.0002);
#6298=CIRCLE('',#9690,0.00669691072212347);
#6299=CIRCLE('',#9691,0.0002);
#6300=CIRCLE('',#9693,0.00669691072212347);
#6301=CIRCLE('',#9694,0.0002);
#6302=CIRCLE('',#9695,0.0025);
#6303=CIRCLE('',#9696,0.0002);
#6304=CIRCLE('',#9697,0.00669691072212347);
#6305=CIRCLE('',#9698,0.0002);
#6306=CIRCLE('',#9699,0.0025);
#6307=CIRCLE('',#9700,0.0002);
#6308=CIRCLE('',#9701,0.00669691072212347);
#6309=CIRCLE('',#9702,0.0002);
#6310=CIRCLE('',#9703,0.0025);
#6311=CIRCLE('',#9704,0.0002);
#6312=CIRCLE('',#9705,0.00669691072212347);
#6313=CIRCLE('',#9706,0.0002);
#6314=CIRCLE('',#9707,0.0025);
#6315=CIRCLE('',#9708,0.0002);
#6316=CIRCLE('',#9710,0.0025);
#6317=CIRCLE('',#9711,0.0002);
#6318=CIRCLE('',#9712,0.00669691072212347);
#6319=CIRCLE('',#9713,0.0002);
#6320=CIRCLE('',#9714,0.0025);
#6321=CIRCLE('',#9715,0.0002);
#6322=CIRCLE('',#9716,0.00669691072212347);
#6323=CIRCLE('',#9717,0.0002);
#6324=CIRCLE('',#9718,0.0025);
#6325=CIRCLE('',#9719,0.0002);
#6326=CIRCLE('',#9720,0.00669691072212347);
#6327=CIRCLE('',#9721,0.0002);
#6328=CIRCLE('',#9722,0.0025);
#6329=CIRCLE('',#9723,0.0002);
#6330=CIRCLE('',#9724,0.00669691072212347);
#6331=CIRCLE('',#9725,0.0002);
#6332=CIRCLE('',#9727,0.0025);
#6333=CIRCLE('',#9729,0.0002);
#6334=CIRCLE('',#9731,0.00669691072212347);
#6335=CIRCLE('',#9733,0.0002);
#6336=CIRCLE('',#9735,0.0025);
#6337=CIRCLE('',#9737,0.0002);
#6338=CIRCLE('',#9739,0.00669691072212347);
#6339=CIRCLE('',#9741,0.0002);
#6340=CIRCLE('',#9743,0.0025);
#6341=CIRCLE('',#9745,0.0002);
#6342=CIRCLE('',#9747,0.00669691072212347);
#6343=CIRCLE('',#9749,0.0002);
#6344=CIRCLE('',#9751,0.0025);
#6345=CIRCLE('',#9753,0.0002);
#6346=CIRCLE('',#9755,0.00669691072212347);
#6347=CIRCLE('',#9757,0.0002);
#6348=CIRCLE('',#9759,0.0025);
#6349=CIRCLE('',#9761,0.0002);
#6350=CIRCLE('',#9763,0.00669691072212347);
#6351=CIRCLE('',#9765,0.0002);
#6352=CIRCLE('',#9767,0.0025);
#6353=CIRCLE('',#9769,0.0002);
#6354=CIRCLE('',#9771,0.00669691072212347);
#6355=CIRCLE('',#9773,0.0002);
#6356=CIRCLE('',#9775,0.0025);
#6357=CIRCLE('',#9777,0.0002);
#6358=CIRCLE('',#9779,0.00669691072212347);
#6359=CIRCLE('',#9781,0.0002);
#6360=CIRCLE('',#9783,0.0025);
#6361=CIRCLE('',#9785,0.0002);
#6362=CIRCLE('',#9787,0.00669691072212347);
#6363=CIRCLE('',#9789,0.0002);
#6364=CIRCLE('',#9791,0.0025);
#6365=CIRCLE('',#9793,0.0002);
#6366=CIRCLE('',#9795,0.00669691072212347);
#6367=CIRCLE('',#9797,0.0002);
#6368=CIRCLE('',#9799,0.0025);
#6369=CIRCLE('',#9801,0.0002);
#6370=CIRCLE('',#9803,0.00669691072212347);
#6371=CIRCLE('',#9805,0.0002);
#6372=CIRCLE('',#9807,0.0025);
#6373=CIRCLE('',#9809,0.0002);
#6374=CIRCLE('',#9811,0.00669691072212347);
#6375=CIRCLE('',#9813,0.0002);
#6376=CIRCLE('',#9815,0.0025);
#6377=CIRCLE('',#9817,0.0002);
#6378=CIRCLE('',#9819,0.00669691072212347);
#6379=CIRCLE('',#9821,0.0002);
#6380=CIRCLE('',#9823,0.0025);
#6381=CIRCLE('',#9825,0.0002);
#6382=CIRCLE('',#9827,0.00669691072212347);
#6383=CIRCLE('',#9829,0.0002);
#6384=CIRCLE('',#9831,0.0025);
#6385=CIRCLE('',#9833,0.0002);
#6386=CIRCLE('',#9835,0.00669691072212347);
#6387=CIRCLE('',#9837,0.0002);
#6388=CIRCLE('',#9839,0.0025);
#6389=CIRCLE('',#9841,0.0002);
#6390=CIRCLE('',#9843,0.00669691072212347);
#6391=CIRCLE('',#9845,0.0002);
#6392=CIRCLE('',#9847,0.0025);
#6393=CIRCLE('',#9849,0.0002);
#6394=CIRCLE('',#9851,0.00669691072212347);
#6395=CIRCLE('',#9853,0.0002);
#6396=CIRCLE('',#9855,0.0025);
#6397=CIRCLE('',#9857,0.0002);
#6398=CIRCLE('',#9859,0.00669691072212347);
#6399=CIRCLE('',#9861,0.0002);
#6400=CIRCLE('',#9863,0.0025);
#6401=CIRCLE('',#9865,0.0002);
#6402=CIRCLE('',#9867,0.00669691072212347);
#6403=CIRCLE('',#9869,0.0002);
#6404=CIRCLE('',#9871,0.0025);
#6405=CIRCLE('',#9873,0.0002);
#6406=CIRCLE('',#9875,0.00669691072212347);
#6407=CIRCLE('',#9877,0.0002);
#6408=CIRCLE('',#9879,0.0025);
#6409=CIRCLE('',#9881,0.0002);
#6410=CIRCLE('',#9883,0.00669691072212347);
#6411=CIRCLE('',#9885,0.0002);
#6412=CIRCLE('',#9887,0.0025);
#6413=CIRCLE('',#9889,0.0002);
#6414=CIRCLE('',#9891,0.00669691072212347);
#6415=CIRCLE('',#9893,0.0002);
#6416=CIRCLE('',#9895,0.0025);
#6417=CIRCLE('',#9897,0.0002);
#6418=CIRCLE('',#9899,0.00669691072212347);
#6419=CIRCLE('',#9901,0.0002);
#6420=CIRCLE('',#9903,0.0025);
#6421=CIRCLE('',#9905,0.0002);
#6422=CIRCLE('',#9907,0.00669691072212347);
#6423=CIRCLE('',#9909,0.0002);
#6424=CIRCLE('',#9911,0.0025);
#6425=CIRCLE('',#9913,0.0002);
#6426=CIRCLE('',#9915,0.00669691072212347);
#6427=CIRCLE('',#9917,0.0002);
#6428=CIRCLE('',#9919,0.0025);
#6429=CIRCLE('',#9921,0.0002);
#6430=CIRCLE('',#9923,0.00669691072212347);
#6431=CIRCLE('',#9925,0.0002);
#6432=CIRCLE('',#9927,0.0025);
#6433=CIRCLE('',#9929,0.0002);
#6434=CIRCLE('',#9931,0.00669691072212347);
#6435=CIRCLE('',#9933,0.0002);
#6436=CIRCLE('',#9935,0.0025);
#6437=CIRCLE('',#9937,0.0002);
#6438=CIRCLE('',#9939,0.00669691072212347);
#6439=CIRCLE('',#9941,0.0002);
#6440=CIRCLE('',#9943,0.0025);
#6441=CIRCLE('',#9945,0.0002);
#6442=CIRCLE('',#9947,0.00669691072212347);
#6443=CIRCLE('',#9949,0.0002);
#6444=CIRCLE('',#9951,0.0002);
#6445=CIRCLE('',#9952,0.0002);
#6446=CIRCLE('',#9953,0.0027);
#6447=CIRCLE('',#9955,0.0002);
#6448=CIRCLE('',#9956,0.0004);
#6449=CIRCLE('',#9958,0.0002);
#6450=CIRCLE('',#9959,0.00649691072212347);
#6451=CIRCLE('',#9961,0.0002);
#6452=CIRCLE('',#9962,0.0004);
#6453=CIRCLE('',#9964,0.0027);
#6454=CIRCLE('',#9965,0.0002);
#6455=CIRCLE('',#9967,0.0004);
#6456=CIRCLE('',#9968,0.0002);
#6457=CIRCLE('',#9970,0.00649691072212347);
#6458=CIRCLE('',#9971,0.0002);
#6459=CIRCLE('',#9973,0.0004);
#6460=CIRCLE('',#9974,0.0002);
#6461=CIRCLE('',#9976,0.0027);
#6462=CIRCLE('',#9977,0.0002);
#6463=CIRCLE('',#9979,0.0004);
#6464=CIRCLE('',#9980,0.0002);
#6465=CIRCLE('',#9982,0.00649691072212347);
#6466=CIRCLE('',#9983,0.0002);
#6467=CIRCLE('',#9985,0.0004);
#6468=CIRCLE('',#9986,0.0002);
#6469=CIRCLE('',#9988,0.0027);
#6470=CIRCLE('',#9989,0.0002);
#6471=CIRCLE('',#9991,0.0002);
#6472=CIRCLE('',#9992,0.0004);
#6473=CIRCLE('',#9994,0.0002);
#6474=CIRCLE('',#9995,0.00649691072212347);
#6475=CIRCLE('',#9997,0.0004);
#6476=CIRCLE('',#9999,0.0002);
#6477=CIRCLE('',#10000,0.0002);
#6478=CIRCLE('',#10001,0.0027);
#6479=CIRCLE('',#10003,0.0002);
#6480=CIRCLE('',#10004,0.0004);
#6481=CIRCLE('',#10006,0.0002);
#6482=CIRCLE('',#10007,0.00649691072212347);
#6483=CIRCLE('',#10009,0.0002);
#6484=CIRCLE('',#10010,0.0004);
#6485=CIRCLE('',#10012,0.0027);
#6486=CIRCLE('',#10013,0.0002);
#6487=CIRCLE('',#10015,0.0004);
#6488=CIRCLE('',#10016,0.0002);
#6489=CIRCLE('',#10018,0.00649691072212347);
#6490=CIRCLE('',#10019,0.0002);
#6491=CIRCLE('',#10021,0.0004);
#6492=CIRCLE('',#10022,0.0002);
#6493=CIRCLE('',#10024,0.0027);
#6494=CIRCLE('',#10025,0.0002);
#6495=CIRCLE('',#10027,0.0004);
#6496=CIRCLE('',#10028,0.0002);
#6497=CIRCLE('',#10030,0.00649691072212347);
#6498=CIRCLE('',#10031,0.0002);
#6499=CIRCLE('',#10033,0.0004);
#6500=CIRCLE('',#10034,0.0002);
#6501=CIRCLE('',#10036,0.0027);
#6502=CIRCLE('',#10037,0.0002);
#6503=CIRCLE('',#10039,0.0002);
#6504=CIRCLE('',#10040,0.0004);
#6505=CIRCLE('',#10042,0.0002);
#6506=CIRCLE('',#10043,0.00649691072212347);
#6507=CIRCLE('',#10045,0.0004);
#6508=CIRCLE('',#10047,0.0002);
#6509=CIRCLE('',#10048,0.0002);
#6510=CIRCLE('',#10049,0.0027);
#6511=CIRCLE('',#10051,0.0002);
#6512=CIRCLE('',#10052,0.0004);
#6513=CIRCLE('',#10054,0.0002);
#6514=CIRCLE('',#10055,0.00649691072212347);
#6515=CIRCLE('',#10057,0.0002);
#6516=CIRCLE('',#10058,0.0004);
#6517=CIRCLE('',#10060,0.0027);
#6518=CIRCLE('',#10061,0.0002);
#6519=CIRCLE('',#10063,0.0004);
#6520=CIRCLE('',#10064,0.0002);
#6521=CIRCLE('',#10066,0.00649691072212347);
#6522=CIRCLE('',#10067,0.0002);
#6523=CIRCLE('',#10069,0.0004);
#6524=CIRCLE('',#10070,0.0002);
#6525=CIRCLE('',#10072,0.0027);
#6526=CIRCLE('',#10073,0.0002);
#6527=CIRCLE('',#10075,0.0004);
#6528=CIRCLE('',#10076,0.0002);
#6529=CIRCLE('',#10078,0.00649691072212347);
#6530=CIRCLE('',#10079,0.0002);
#6531=CIRCLE('',#10081,0.0004);
#6532=CIRCLE('',#10082,0.0002);
#6533=CIRCLE('',#10084,0.0027);
#6534=CIRCLE('',#10085,0.0002);
#6535=CIRCLE('',#10087,0.0002);
#6536=CIRCLE('',#10088,0.0004);
#6537=CIRCLE('',#10090,0.0002);
#6538=CIRCLE('',#10091,0.00649691072212347);
#6539=CIRCLE('',#10093,0.0004);
#6540=CIRCLE('',#10095,0.0002);
#6541=CIRCLE('',#10096,0.0002);
#6542=CIRCLE('',#10097,0.0027);
#6543=CIRCLE('',#10099,0.0002);
#6544=CIRCLE('',#10100,0.0004);
#6545=CIRCLE('',#10102,0.0002);
#6546=CIRCLE('',#10103,0.00649691072212347);
#6547=CIRCLE('',#10105,0.0002);
#6548=CIRCLE('',#10106,0.0004);
#6549=CIRCLE('',#10108,0.0027);
#6550=CIRCLE('',#10109,0.0002);
#6551=CIRCLE('',#10111,0.0004);
#6552=CIRCLE('',#10112,0.0002);
#6553=CIRCLE('',#10114,0.00649691072212347);
#6554=CIRCLE('',#10115,0.0002);
#6555=CIRCLE('',#10117,0.0004);
#6556=CIRCLE('',#10118,0.0002);
#6557=CIRCLE('',#10120,0.0027);
#6558=CIRCLE('',#10121,0.0002);
#6559=CIRCLE('',#10123,0.0004);
#6560=CIRCLE('',#10124,0.0002);
#6561=CIRCLE('',#10126,0.00649691072212347);
#6562=CIRCLE('',#10127,0.0002);
#6563=CIRCLE('',#10129,0.0004);
#6564=CIRCLE('',#10130,0.0002);
#6565=CIRCLE('',#10132,0.0027);
#6566=CIRCLE('',#10133,0.0002);
#6567=CIRCLE('',#10135,0.0002);
#6568=CIRCLE('',#10136,0.0004);
#6569=CIRCLE('',#10138,0.0002);
#6570=CIRCLE('',#10139,0.00649691072212347);
#6571=CIRCLE('',#10141,0.0004);
#6572=CIRCLE('',#10143,0.0002);
#6573=CIRCLE('',#10144,0.0002);
#6574=CIRCLE('',#10145,0.0027);
#6575=CIRCLE('',#10147,0.0002);
#6576=CIRCLE('',#10148,0.0004);
#6577=CIRCLE('',#10150,0.0002);
#6578=CIRCLE('',#10151,0.00649691072212346);
#6579=CIRCLE('',#10153,0.0002);
#6580=CIRCLE('',#10154,0.0004);
#6581=CIRCLE('',#10156,0.0027);
#6582=CIRCLE('',#10157,0.0002);
#6583=CIRCLE('',#10159,0.0004);
#6584=CIRCLE('',#10160,0.0002);
#6585=CIRCLE('',#10162,0.00649691072212347);
#6586=CIRCLE('',#10163,0.0002);
#6587=CIRCLE('',#10165,0.0004);
#6588=CIRCLE('',#10166,0.0002);
#6589=CIRCLE('',#10168,0.0027);
#6590=CIRCLE('',#10169,0.0002);
#6591=CIRCLE('',#10171,0.0004);
#6592=CIRCLE('',#10172,0.0002);
#6593=CIRCLE('',#10174,0.00649691072212347);
#6594=CIRCLE('',#10175,0.0002);
#6595=CIRCLE('',#10177,0.0004);
#6596=CIRCLE('',#10178,0.0002);
#6597=CIRCLE('',#10180,0.0027);
#6598=CIRCLE('',#10181,0.0002);
#6599=CIRCLE('',#10183,0.0002);
#6600=CIRCLE('',#10184,0.0004);
#6601=CIRCLE('',#10186,0.0002);
#6602=CIRCLE('',#10187,0.00649691072212347);
#6603=CIRCLE('',#10189,0.0004);
#6604=CIRCLE('',#10191,0.0002);
#6605=CIRCLE('',#10192,0.0002);
#6606=CIRCLE('',#10193,0.0027);
#6607=CIRCLE('',#10195,0.0002);
#6608=CIRCLE('',#10196,0.0004);
#6609=CIRCLE('',#10198,0.0002);
#6610=CIRCLE('',#10199,0.00649691072212347);
#6611=CIRCLE('',#10201,0.0002);
#6612=CIRCLE('',#10202,0.0004);
#6613=CIRCLE('',#10204,0.0027);
#6614=CIRCLE('',#10205,0.0002);
#6615=CIRCLE('',#10207,0.0004);
#6616=CIRCLE('',#10208,0.0002);
#6617=CIRCLE('',#10210,0.00649691072212347);
#6618=CIRCLE('',#10211,0.0002);
#6619=CIRCLE('',#10213,0.0004);
#6620=CIRCLE('',#10214,0.0002);
#6621=CIRCLE('',#10216,0.0027);
#6622=CIRCLE('',#10217,0.0002);
#6623=CIRCLE('',#10219,0.0004);
#6624=CIRCLE('',#10220,0.0002);
#6625=CIRCLE('',#10222,0.00649691072212347);
#6626=CIRCLE('',#10223,0.0002);
#6627=CIRCLE('',#10225,0.0004);
#6628=CIRCLE('',#10226,0.0002);
#6629=CIRCLE('',#10228,0.0027);
#6630=CIRCLE('',#10229,0.0002);
#6631=CIRCLE('',#10231,0.0002);
#6632=CIRCLE('',#10232,0.0004);
#6633=CIRCLE('',#10234,0.0002);
#6634=CIRCLE('',#10235,0.00649691072212347);
#6635=CIRCLE('',#10237,0.0004);
#6636=CIRCLE('',#10239,0.0002);
#6637=CIRCLE('',#10240,0.0002);
#6638=CIRCLE('',#10241,0.0027);
#6639=CIRCLE('',#10243,0.0002);
#6640=CIRCLE('',#10244,0.0004);
#6641=CIRCLE('',#10246,0.0002);
#6642=CIRCLE('',#10247,0.00649691072212347);
#6643=CIRCLE('',#10249,0.0002);
#6644=CIRCLE('',#10250,0.0004);
#6645=CIRCLE('',#10252,0.0027);
#6646=CIRCLE('',#10253,0.0002);
#6647=CIRCLE('',#10255,0.0004);
#6648=CIRCLE('',#10256,0.0002);
#6649=CIRCLE('',#10258,0.00649691072212347);
#6650=CIRCLE('',#10259,0.0002);
#6651=CIRCLE('',#10261,0.0004);
#6652=CIRCLE('',#10262,0.0002);
#6653=CIRCLE('',#10264,0.0027);
#6654=CIRCLE('',#10265,0.0002);
#6655=CIRCLE('',#10267,0.0004);
#6656=CIRCLE('',#10268,0.0002);
#6657=CIRCLE('',#10270,0.00649691072212347);
#6658=CIRCLE('',#10271,0.0002);
#6659=CIRCLE('',#10273,0.0004);
#6660=CIRCLE('',#10274,0.0002);
#6661=CIRCLE('',#10276,0.0027);
#6662=CIRCLE('',#10277,0.0002);
#6663=CIRCLE('',#10279,0.0002);
#6664=CIRCLE('',#10280,0.0004);
#6665=CIRCLE('',#10282,0.0002);
#6666=CIRCLE('',#10283,0.00649691072212347);
#6667=CIRCLE('',#10285,0.0004);
#6668=CIRCLE('',#10287,0.0032);
#6669=CIRCLE('',#10289,0.0032);
#6670=CIRCLE('',#10291,0.0032);
#6671=CIRCLE('',#10293,0.0032);
#6672=CIRCLE('',#10295,0.0032);
#6673=CIRCLE('',#10297,0.0032);
#6674=CIRCLE('',#10299,0.0032);
#6675=CIRCLE('',#10301,0.0032);
#6676=CIRCLE('',#10303,0.0032);
#6677=CIRCLE('',#10305,0.0032);
#6678=CIRCLE('',#10307,0.0032);
#6679=CIRCLE('',#10309,0.0032);
#6680=CIRCLE('',#10311,0.0032);
#6681=CIRCLE('',#10313,0.0032);
#6682=CIRCLE('',#10352,0.0025);
#6683=CIRCLE('',#10354,0.0025);
#6684=CIRCLE('',#10356,0.0025);
#6685=CIRCLE('',#10358,0.0025);
#6686=CIRCLE('',#10360,0.0025);
#6687=CIRCLE('',#10362,0.0025);
#6688=CIRCLE('',#10364,0.0025);
#6689=CIRCLE('',#10366,0.0025);
#6690=EDGE_LOOP('',(#1054));
#6691=EDGE_LOOP('',(#1055));
#6692=EDGE_LOOP('',(#1056));
#6693=EDGE_LOOP('',(#1057));
#6694=EDGE_LOOP('',(#1058,#1059,#1060,#1061,#1062,#1063,#1064,#1065));
#6695=EDGE_LOOP('',(#1066));
#6696=EDGE_LOOP('',(#1067));
#6697=EDGE_LOOP('',(#1068));
#6698=EDGE_LOOP('',(#1069));
#6699=EDGE_LOOP('',(#1070));
#6700=EDGE_LOOP('',(#1071));
#6701=EDGE_LOOP('',(#1072));
#6702=EDGE_LOOP('',(#1073));
#6703=EDGE_LOOP('',(#1074));
#6704=EDGE_LOOP('',(#1075));
#6705=EDGE_LOOP('',(#1076));
#6706=EDGE_LOOP('',(#1077));
#6707=EDGE_LOOP('',(#1078));
#6708=EDGE_LOOP('',(#1079));
#6709=EDGE_LOOP('',(#1080));
#6710=EDGE_LOOP('',(#1081));
#6711=EDGE_LOOP('',(#1082));
#6712=EDGE_LOOP('',(#1083));
#6713=EDGE_LOOP('',(#1084));
#6714=EDGE_LOOP('',(#1085));
#6715=EDGE_LOOP('',(#1086));
#6716=EDGE_LOOP('',(#1087));
#6717=EDGE_LOOP('',(#1088));
#6718=EDGE_LOOP('',(#1089));
#6719=EDGE_LOOP('',(#1090));
#6720=EDGE_LOOP('',(#1091));
#6721=EDGE_LOOP('',(#1092));
#6722=EDGE_LOOP('',(#1093));
#6723=EDGE_LOOP('',(#1094));
#6724=EDGE_LOOP('',(#1095));
#6725=EDGE_LOOP('',(#1096));
#6726=EDGE_LOOP('',(#1097));
#6727=EDGE_LOOP('',(#1098));
#6728=EDGE_LOOP('',(#1099));
#6729=EDGE_LOOP('',(#1100));
#6730=EDGE_LOOP('',(#1101));
#6731=EDGE_LOOP('',(#1102));
#6732=EDGE_LOOP('',(#1103));
#6733=EDGE_LOOP('',(#1104));
#6734=EDGE_LOOP('',(#1105));
#6735=EDGE_LOOP('',(#1106));
#6736=EDGE_LOOP('',(#1107));
#6737=EDGE_LOOP('',(#1108));
#6738=EDGE_LOOP('',(#1109));
#6739=EDGE_LOOP('',(#1110));
#6740=EDGE_LOOP('',(#1111));
#6741=EDGE_LOOP('',(#1112));
#6742=EDGE_LOOP('',(#1113));
#6743=EDGE_LOOP('',(#1114));
#6744=EDGE_LOOP('',(#1115));
#6745=EDGE_LOOP('',(#1116));
#6746=EDGE_LOOP('',(#1117));
#6747=EDGE_LOOP('',(#1118));
#6748=EDGE_LOOP('',(#1119));
#6749=EDGE_LOOP('',(#1120));
#6750=EDGE_LOOP('',(#1121));
#6751=EDGE_LOOP('',(#1122));
#6752=EDGE_LOOP('',(#1123));
#6753=EDGE_LOOP('',(#1124));
#6754=EDGE_LOOP('',(#1125));
#6755=EDGE_LOOP('',(#1126));
#6756=EDGE_LOOP('',(#1127));
#6757=EDGE_LOOP('',(#1128));
#6758=EDGE_LOOP('',(#1129));
#6759=EDGE_LOOP('',(#1130,#1131,#1132,#1133));
#6760=EDGE_LOOP('',(#1134,#1135,#1136,#1137));
#6761=EDGE_LOOP('',(#1138,#1139,#1140,#1141));
#6762=EDGE_LOOP('',(#1142,#1143,#1144,#1145));
#6763=EDGE_LOOP('',(#1146,#1147,#1148,#1149,#1150,#1151,#1152,#1153));
#6764=EDGE_LOOP('',(#1154,#1155,#1156,#1157));
#6765=EDGE_LOOP('',(#1158,#1159,#1160,#1161));
#6766=EDGE_LOOP('',(#1162,#1163,#1164,#1165,#1166,#1167,#1168,#1169,#1170,
#1171,#1172,#1173,#1174,#1175,#1176,#1177));
#6767=EDGE_LOOP('',(#1178,#1179,#1180,#1181,#1182,#1183,#1184,#1185,#1186,
#1187,#1188,#1189,#1190,#1191,#1192,#1193));
#6768=EDGE_LOOP('',(#1194,#1195,#1196,#1197,#1198,#1199,#1200,#1201,#1202,
#1203,#1204,#1205,#1206,#1207,#1208,#1209));
#6769=EDGE_LOOP('',(#1210,#1211,#1212,#1213,#1214,#1215,#1216,#1217,#1218,
#1219,#1220,#1221,#1222,#1223,#1224,#1225));
#6770=EDGE_LOOP('',(#1226,#1227,#1228,#1229,#1230,#1231,#1232,#1233,#1234,
#1235,#1236,#1237,#1238,#1239,#1240,#1241));
#6771=EDGE_LOOP('',(#1242,#1243,#1244,#1245,#1246,#1247,#1248,#1249,#1250,
#1251,#1252,#1253,#1254,#1255,#1256,#1257));
#6772=EDGE_LOOP('',(#1258,#1259,#1260,#1261,#1262,#1263,#1264,#1265,#1266,
#1267,#1268,#1269,#1270,#1271,#1272,#1273));
#6773=EDGE_LOOP('',(#1274,#1275,#1276,#1277));
#6774=EDGE_LOOP('',(#1278,#1279,#1280,#1281));
#6775=EDGE_LOOP('',(#1282,#1283,#1284,#1285));
#6776=EDGE_LOOP('',(#1286,#1287,#1288,#1289));
#6777=EDGE_LOOP('',(#1290,#1291,#1292,#1293));
#6778=EDGE_LOOP('',(#1294,#1295,#1296,#1297));
#6779=EDGE_LOOP('',(#1298,#1299,#1300,#1301));
#6780=EDGE_LOOP('',(#1302,#1303,#1304,#1305));
#6781=EDGE_LOOP('',(#1306,#1307,#1308,#1309));
#6782=EDGE_LOOP('',(#1310,#1311,#1312,#1313));
#6783=EDGE_LOOP('',(#1314,#1315,#1316,#1317));
#6784=EDGE_LOOP('',(#1318,#1319,#1320,#1321));
#6785=EDGE_LOOP('',(#1322,#1323,#1324,#1325));
#6786=EDGE_LOOP('',(#1326,#1327,#1328,#1329));
#6787=EDGE_LOOP('',(#1330,#1331,#1332,#1333));
#6788=EDGE_LOOP('',(#1334,#1335,#1336,#1337));
#6789=EDGE_LOOP('',(#1338,#1339,#1340,#1341));
#6790=EDGE_LOOP('',(#1342,#1343,#1344,#1345));
#6791=EDGE_LOOP('',(#1346,#1347,#1348,#1349));
#6792=EDGE_LOOP('',(#1350,#1351,#1352,#1353));
#6793=EDGE_LOOP('',(#1354,#1355,#1356,#1357));
#6794=EDGE_LOOP('',(#1358,#1359,#1360,#1361));
#6795=EDGE_LOOP('',(#1362,#1363,#1364,#1365));
#6796=EDGE_LOOP('',(#1366,#1367,#1368,#1369));
#6797=EDGE_LOOP('',(#1370,#1371,#1372,#1373));
#6798=EDGE_LOOP('',(#1374,#1375,#1376,#1377));
#6799=EDGE_LOOP('',(#1378,#1379,#1380,#1381));
#6800=EDGE_LOOP('',(#1382,#1383,#1384,#1385));
#6801=EDGE_LOOP('',(#1386,#1387,#1388,#1389));
#6802=EDGE_LOOP('',(#1390,#1391,#1392,#1393));
#6803=EDGE_LOOP('',(#1394,#1395,#1396,#1397));
#6804=EDGE_LOOP('',(#1398,#1399,#1400,#1401));
#6805=EDGE_LOOP('',(#1402,#1403,#1404,#1405));
#6806=EDGE_LOOP('',(#1406,#1407,#1408,#1409));
#6807=EDGE_LOOP('',(#1410,#1411,#1412,#1413));
#6808=EDGE_LOOP('',(#1414,#1415,#1416,#1417));
#6809=EDGE_LOOP('',(#1418,#1419,#1420,#1421));
#6810=EDGE_LOOP('',(#1422,#1423,#1424,#1425));
#6811=EDGE_LOOP('',(#1426,#1427,#1428,#1429));
#6812=EDGE_LOOP('',(#1430,#1431,#1432,#1433));
#6813=EDGE_LOOP('',(#1434,#1435,#1436,#1437));
#6814=EDGE_LOOP('',(#1438,#1439,#1440,#1441));
#6815=EDGE_LOOP('',(#1442,#1443,#1444,#1445));
#6816=EDGE_LOOP('',(#1446,#1447,#1448,#1449));
#6817=EDGE_LOOP('',(#1450,#1451,#1452,#1453));
#6818=EDGE_LOOP('',(#1454,#1455,#1456,#1457));
#6819=EDGE_LOOP('',(#1458,#1459,#1460,#1461));
#6820=EDGE_LOOP('',(#1462,#1463,#1464,#1465));
#6821=EDGE_LOOP('',(#1466,#1467,#1468,#1469));
#6822=EDGE_LOOP('',(#1470,#1471,#1472,#1473));
#6823=EDGE_LOOP('',(#1474,#1475,#1476,#1477));
#6824=EDGE_LOOP('',(#1478,#1479,#1480,#1481));
#6825=EDGE_LOOP('',(#1482,#1483,#1484,#1485));
#6826=EDGE_LOOP('',(#1486,#1487,#1488,#1489));
#6827=EDGE_LOOP('',(#1490,#1491,#1492,#1493));
#6828=EDGE_LOOP('',(#1494,#1495,#1496,#1497));
#6829=EDGE_LOOP('',(#1498,#1499,#1500,#1501));
#6830=EDGE_LOOP('',(#1502,#1503,#1504,#1505));
#6831=EDGE_LOOP('',(#1506,#1507,#1508,#1509));
#6832=EDGE_LOOP('',(#1510,#1511,#1512,#1513));
#6833=EDGE_LOOP('',(#1514,#1515,#1516,#1517));
#6834=EDGE_LOOP('',(#1518,#1519,#1520,#1521));
#6835=EDGE_LOOP('',(#1522,#1523,#1524,#1525));
#6836=EDGE_LOOP('',(#1526,#1527,#1528,#1529));
#6837=EDGE_LOOP('',(#1530,#1531,#1532,#1533));
#6838=EDGE_LOOP('',(#1534,#1535,#1536,#1537));
#6839=EDGE_LOOP('',(#1538,#1539,#1540,#1541));
#6840=EDGE_LOOP('',(#1542,#1543,#1544,#1545));
#6841=EDGE_LOOP('',(#1546,#1547,#1548,#1549));
#6842=EDGE_LOOP('',(#1550,#1551,#1552,#1553));
#6843=EDGE_LOOP('',(#1554,#1555,#1556,#1557));
#6844=EDGE_LOOP('',(#1558,#1559,#1560,#1561));
#6845=EDGE_LOOP('',(#1562,#1563,#1564,#1565));
#6846=EDGE_LOOP('',(#1566,#1567,#1568,#1569));
#6847=EDGE_LOOP('',(#1570,#1571,#1572,#1573));
#6848=EDGE_LOOP('',(#1574,#1575,#1576,#1577));
#6849=EDGE_LOOP('',(#1578,#1579,#1580,#1581));
#6850=EDGE_LOOP('',(#1582,#1583,#1584,#1585));
#6851=EDGE_LOOP('',(#1586,#1587,#1588,#1589));
#6852=EDGE_LOOP('',(#1590,#1591,#1592,#1593));
#6853=EDGE_LOOP('',(#1594,#1595,#1596,#1597));
#6854=EDGE_LOOP('',(#1598,#1599,#1600,#1601));
#6855=EDGE_LOOP('',(#1602,#1603,#1604,#1605));
#6856=EDGE_LOOP('',(#1606,#1607,#1608,#1609));
#6857=EDGE_LOOP('',(#1610,#1611,#1612,#1613));
#6858=EDGE_LOOP('',(#1614,#1615,#1616,#1617));
#6859=EDGE_LOOP('',(#1618,#1619,#1620,#1621));
#6860=EDGE_LOOP('',(#1622,#1623,#1624,#1625));
#6861=EDGE_LOOP('',(#1626,#1627,#1628,#1629));
#6862=EDGE_LOOP('',(#1630,#1631,#1632,#1633));
#6863=EDGE_LOOP('',(#1634,#1635,#1636,#1637));
#6864=EDGE_LOOP('',(#1638,#1639,#1640,#1641));
#6865=EDGE_LOOP('',(#1642,#1643,#1644,#1645));
#6866=EDGE_LOOP('',(#1646,#1647,#1648,#1649));
#6867=EDGE_LOOP('',(#1650,#1651,#1652,#1653));
#6868=EDGE_LOOP('',(#1654,#1655,#1656,#1657));
#6869=EDGE_LOOP('',(#1658,#1659,#1660,#1661));
#6870=EDGE_LOOP('',(#1662,#1663,#1664,#1665));
#6871=EDGE_LOOP('',(#1666,#1667,#1668,#1669));
#6872=EDGE_LOOP('',(#1670,#1671,#1672,#1673));
#6873=EDGE_LOOP('',(#1674,#1675,#1676,#1677));
#6874=EDGE_LOOP('',(#1678,#1679,#1680,#1681));
#6875=EDGE_LOOP('',(#1682,#1683,#1684,#1685));
#6876=EDGE_LOOP('',(#1686,#1687,#1688,#1689));
#6877=EDGE_LOOP('',(#1690,#1691,#1692,#1693));
#6878=EDGE_LOOP('',(#1694,#1695,#1696,#1697));
#6879=EDGE_LOOP('',(#1698,#1699,#1700,#1701));
#6880=EDGE_LOOP('',(#1702,#1703,#1704,#1705));
#6881=EDGE_LOOP('',(#1706,#1707,#1708,#1709));
#6882=EDGE_LOOP('',(#1710,#1711,#1712,#1713));
#6883=EDGE_LOOP('',(#1714,#1715,#1716,#1717));
#6884=EDGE_LOOP('',(#1718,#1719,#1720,#1721));
#6885=EDGE_LOOP('',(#1722,#1723,#1724,#1725));
#6886=EDGE_LOOP('',(#1726,#1727,#1728,#1729));
#6887=EDGE_LOOP('',(#1730,#1731,#1732,#1733));
#6888=EDGE_LOOP('',(#1734,#1735,#1736,#1737));
#6889=EDGE_LOOP('',(#1738,#1739,#1740,#1741));
#6890=EDGE_LOOP('',(#1742,#1743,#1744,#1745));
#6891=EDGE_LOOP('',(#1746,#1747,#1748,#1749));
#6892=EDGE_LOOP('',(#1750,#1751,#1752,#1753));
#6893=EDGE_LOOP('',(#1754,#1755,#1756,#1757));
#6894=EDGE_LOOP('',(#1758,#1759,#1760,#1761));
#6895=EDGE_LOOP('',(#1762,#1763,#1764,#1765));
#6896=EDGE_LOOP('',(#1766,#1767,#1768,#1769));
#6897=EDGE_LOOP('',(#1770,#1771,#1772,#1773));
#6898=EDGE_LOOP('',(#1774,#1775,#1776,#1777));
#6899=EDGE_LOOP('',(#1778,#1779,#1780,#1781));
#6900=EDGE_LOOP('',(#1782,#1783,#1784,#1785));
#6901=EDGE_LOOP('',(#1786,#1787,#1788,#1789));
#6902=EDGE_LOOP('',(#1790,#1791,#1792,#1793));
#6903=EDGE_LOOP('',(#1794,#1795,#1796,#1797));
#6904=EDGE_LOOP('',(#1798,#1799,#1800,#1801));
#6905=EDGE_LOOP('',(#1802,#1803,#1804,#1805));
#6906=EDGE_LOOP('',(#1806,#1807,#1808,#1809));
#6907=EDGE_LOOP('',(#1810,#1811,#1812,#1813));
#6908=EDGE_LOOP('',(#1814,#1815,#1816,#1817));
#6909=EDGE_LOOP('',(#1818,#1819,#1820,#1821));
#6910=EDGE_LOOP('',(#1822,#1823,#1824,#1825));
#6911=EDGE_LOOP('',(#1826,#1827,#1828,#1829));
#6912=EDGE_LOOP('',(#1830,#1831,#1832,#1833));
#6913=EDGE_LOOP('',(#1834,#1835,#1836,#1837));
#6914=EDGE_LOOP('',(#1838,#1839,#1840,#1841));
#6915=EDGE_LOOP('',(#1842,#1843,#1844,#1845));
#6916=EDGE_LOOP('',(#1846,#1847,#1848,#1849));
#6917=EDGE_LOOP('',(#1850,#1851,#1852,#1853));
#6918=EDGE_LOOP('',(#1854,#1855,#1856,#1857));
#6919=EDGE_LOOP('',(#1858,#1859,#1860,#1861));
#6920=EDGE_LOOP('',(#1862,#1863,#1864,#1865));
#6921=EDGE_LOOP('',(#1866,#1867,#1868,#1869));
#6922=EDGE_LOOP('',(#1870,#1871,#1872,#1873));
#6923=EDGE_LOOP('',(#1874,#1875,#1876,#1877));
#6924=EDGE_LOOP('',(#1878,#1879,#1880,#1881));
#6925=EDGE_LOOP('',(#1882,#1883,#1884,#1885));
#6926=EDGE_LOOP('',(#1886,#1887,#1888,#1889));
#6927=EDGE_LOOP('',(#1890,#1891,#1892,#1893));
#6928=EDGE_LOOP('',(#1894,#1895,#1896,#1897));
#6929=EDGE_LOOP('',(#1898,#1899,#1900,#1901));
#6930=EDGE_LOOP('',(#1902,#1903,#1904,#1905));
#6931=EDGE_LOOP('',(#1906,#1907,#1908,#1909));
#6932=EDGE_LOOP('',(#1910,#1911,#1912,#1913));
#6933=EDGE_LOOP('',(#1914,#1915,#1916,#1917));
#6934=EDGE_LOOP('',(#1918,#1919,#1920,#1921));
#6935=EDGE_LOOP('',(#1922,#1923,#1924,#1925));
#6936=EDGE_LOOP('',(#1926,#1927,#1928,#1929));
#6937=EDGE_LOOP('',(#1930,#1931,#1932,#1933));
#6938=EDGE_LOOP('',(#1934,#1935,#1936,#1937));
#6939=EDGE_LOOP('',(#1938,#1939,#1940,#1941));
#6940=EDGE_LOOP('',(#1942,#1943,#1944,#1945));
#6941=EDGE_LOOP('',(#1946,#1947,#1948,#1949));
#6942=EDGE_LOOP('',(#1950,#1951,#1952,#1953));
#6943=EDGE_LOOP('',(#1954,#1955,#1956,#1957));
#6944=EDGE_LOOP('',(#1958,#1959,#1960,#1961));
#6945=EDGE_LOOP('',(#1962,#1963,#1964,#1965));
#6946=EDGE_LOOP('',(#1966,#1967,#1968,#1969));
#6947=EDGE_LOOP('',(#1970,#1971,#1972,#1973));
#6948=EDGE_LOOP('',(#1974,#1975,#1976,#1977));
#6949=EDGE_LOOP('',(#1978,#1979,#1980,#1981));
#6950=EDGE_LOOP('',(#1982,#1983,#1984,#1985));
#6951=EDGE_LOOP('',(#1986,#1987,#1988,#1989));
#6952=EDGE_LOOP('',(#1990,#1991,#1992,#1993));
#6953=EDGE_LOOP('',(#1994,#1995,#1996,#1997));
#6954=EDGE_LOOP('',(#1998,#1999,#2000,#2001));
#6955=EDGE_LOOP('',(#2002,#2003,#2004,#2005));
#6956=EDGE_LOOP('',(#2006,#2007,#2008,#2009));
#6957=EDGE_LOOP('',(#2010,#2011,#2012,#2013));
#6958=EDGE_LOOP('',(#2014,#2015,#2016,#2017));
#6959=EDGE_LOOP('',(#2018,#2019,#2020,#2021));
#6960=EDGE_LOOP('',(#2022,#2023,#2024,#2025));
#6961=EDGE_LOOP('',(#2026,#2027,#2028,#2029));
#6962=EDGE_LOOP('',(#2030,#2031,#2032,#2033));
#6963=EDGE_LOOP('',(#2034,#2035,#2036,#2037));
#6964=EDGE_LOOP('',(#2038,#2039,#2040,#2041));
#6965=EDGE_LOOP('',(#2042,#2043,#2044,#2045));
#6966=EDGE_LOOP('',(#2046,#2047,#2048,#2049));
#6967=EDGE_LOOP('',(#2050,#2051,#2052,#2053));
#6968=EDGE_LOOP('',(#2054,#2055,#2056,#2057));
#6969=EDGE_LOOP('',(#2058,#2059,#2060,#2061));
#6970=EDGE_LOOP('',(#2062,#2063,#2064,#2065));
#6971=EDGE_LOOP('',(#2066,#2067,#2068,#2069));
#6972=EDGE_LOOP('',(#2070,#2071,#2072,#2073));
#6973=EDGE_LOOP('',(#2074,#2075,#2076,#2077));
#6974=EDGE_LOOP('',(#2078,#2079,#2080,#2081));
#6975=EDGE_LOOP('',(#2082,#2083,#2084,#2085));
#6976=EDGE_LOOP('',(#2086,#2087,#2088,#2089));
#6977=EDGE_LOOP('',(#2090,#2091,#2092,#2093));
#6978=EDGE_LOOP('',(#2094,#2095,#2096,#2097));
#6979=EDGE_LOOP('',(#2098,#2099,#2100,#2101));
#6980=EDGE_LOOP('',(#2102,#2103,#2104,#2105));
#6981=EDGE_LOOP('',(#2106,#2107,#2108,#2109));
#6982=EDGE_LOOP('',(#2110,#2111,#2112,#2113));
#6983=EDGE_LOOP('',(#2114,#2115,#2116,#2117));
#6984=EDGE_LOOP('',(#2118,#2119,#2120,#2121));
#6985=EDGE_LOOP('',(#2122,#2123,#2124,#2125));
#6986=EDGE_LOOP('',(#2126,#2127,#2128,#2129));
#6987=EDGE_LOOP('',(#2130,#2131,#2132,#2133));
#6988=EDGE_LOOP('',(#2134,#2135,#2136,#2137));
#6989=EDGE_LOOP('',(#2138,#2139,#2140,#2141));
#6990=EDGE_LOOP('',(#2142,#2143,#2144,#2145));
#6991=EDGE_LOOP('',(#2146,#2147,#2148,#2149));
#6992=EDGE_LOOP('',(#2150,#2151,#2152,#2153));
#6993=EDGE_LOOP('',(#2154,#2155,#2156,#2157));
#6994=EDGE_LOOP('',(#2158,#2159,#2160,#2161));
#6995=EDGE_LOOP('',(#2162,#2163,#2164,#2165));
#6996=EDGE_LOOP('',(#2166,#2167,#2168,#2169));
#6997=EDGE_LOOP('',(#2170,#2171,#2172,#2173,#2174,#2175,#2176,#2177,#2178,
#2179,#2180,#2181,#2182,#2183,#2184,#2185));
#6998=EDGE_LOOP('',(#2186));
#6999=EDGE_LOOP('',(#2187,#2188,#2189,#2190,#2191,#2192,#2193,#2194,#2195,
#2196,#2197,#2198,#2199,#2200,#2201,#2202));
#7000=EDGE_LOOP('',(#2203));
#7001=EDGE_LOOP('',(#2204,#2205,#2206,#2207,#2208,#2209,#2210,#2211,#2212,
#2213,#2214,#2215,#2216,#2217,#2218,#2219));
#7002=EDGE_LOOP('',(#2220));
#7003=EDGE_LOOP('',(#2221,#2222,#2223,#2224,#2225,#2226,#2227,#2228,#2229,
#2230,#2231,#2232,#2233,#2234,#2235,#2236));
#7004=EDGE_LOOP('',(#2237));
#7005=EDGE_LOOP('',(#2238,#2239,#2240,#2241,#2242,#2243,#2244,#2245,#2246,
#2247,#2248,#2249,#2250,#2251,#2252,#2253));
#7006=EDGE_LOOP('',(#2254));
#7007=EDGE_LOOP('',(#2255,#2256,#2257,#2258,#2259,#2260,#2261,#2262,#2263,
#2264,#2265,#2266,#2267,#2268,#2269,#2270));
#7008=EDGE_LOOP('',(#2271));
#7009=EDGE_LOOP('',(#2272,#2273,#2274,#2275,#2276,#2277,#2278,#2279,#2280,
#2281,#2282,#2283,#2284,#2285,#2286,#2287));
#7010=EDGE_LOOP('',(#2288));
#7011=EDGE_LOOP('',(#2289));
#7012=EDGE_LOOP('',(#2290));
#7013=EDGE_LOOP('',(#2291));
#7014=EDGE_LOOP('',(#2292));
#7015=EDGE_LOOP('',(#2293));
#7016=EDGE_LOOP('',(#2294));
#7017=EDGE_LOOP('',(#2295));
#7018=EDGE_LOOP('',(#2296));
#7019=EDGE_LOOP('',(#2297));
#7020=EDGE_LOOP('',(#2298));
#7021=EDGE_LOOP('',(#2299));
#7022=EDGE_LOOP('',(#2300));
#7023=EDGE_LOOP('',(#2301));
#7024=EDGE_LOOP('',(#2302));
#7025=EDGE_LOOP('',(#2303,#2304,#2305,#2306));
#7026=EDGE_LOOP('',(#2307));
#7027=EDGE_LOOP('',(#2308));
#7028=EDGE_LOOP('',(#2309));
#7029=EDGE_LOOP('',(#2310));
#7030=EDGE_LOOP('',(#2311));
#7031=EDGE_LOOP('',(#2312));
#7032=EDGE_LOOP('',(#2313));
#7033=EDGE_LOOP('',(#2314));
#7034=EDGE_LOOP('',(#2315));
#7035=EDGE_LOOP('',(#2316));
#7036=EDGE_LOOP('',(#2317));
#7037=EDGE_LOOP('',(#2318));
#7038=EDGE_LOOP('',(#2319));
#7039=EDGE_LOOP('',(#2320));
#7040=EDGE_LOOP('',(#2321));
#7041=EDGE_LOOP('',(#2322));
#7042=EDGE_LOOP('',(#2323));
#7043=EDGE_LOOP('',(#2324));
#7044=EDGE_LOOP('',(#2325));
#7045=EDGE_LOOP('',(#2326));
#7046=EDGE_LOOP('',(#2327));
#7047=EDGE_LOOP('',(#2328));
#7048=EDGE_LOOP('',(#2329));
#7049=EDGE_LOOP('',(#2330,#2331,#2332,#2333));
#7050=EDGE_LOOP('',(#2334,#2335,#2336,#2337));
#7051=EDGE_LOOP('',(#2338,#2339,#2340,#2341));
#7052=EDGE_LOOP('',(#2342,#2343,#2344,#2345));
#7053=EDGE_LOOP('',(#2346,#2347,#2348,#2349,#2350,#2351,#2352,#2353,#2354,
#2355,#2356,#2357,#2358,#2359,#2360,#2361));
#7054=EDGE_LOOP('',(#2362,#2363,#2364,#2365,#2366,#2367,#2368,#2369,#2370,
#2371,#2372,#2373,#2374,#2375,#2376,#2377));
#7055=EDGE_LOOP('',(#2378,#2379,#2380,#2381,#2382,#2383,#2384,#2385,#2386,
#2387,#2388,#2389,#2390,#2391,#2392,#2393));
#7056=EDGE_LOOP('',(#2394,#2395,#2396,#2397,#2398,#2399,#2400,#2401,#2402,
#2403,#2404,#2405,#2406,#2407,#2408,#2409));
#7057=EDGE_LOOP('',(#2410,#2411,#2412,#2413,#2414,#2415,#2416,#2417,#2418,
#2419,#2420,#2421,#2422,#2423,#2424,#2425));
#7058=EDGE_LOOP('',(#2426,#2427,#2428,#2429,#2430,#2431,#2432,#2433,#2434,
#2435,#2436,#2437,#2438,#2439,#2440,#2441));
#7059=EDGE_LOOP('',(#2442,#2443,#2444,#2445,#2446,#2447,#2448,#2449,#2450,
#2451,#2452,#2453,#2454,#2455,#2456,#2457));
#7060=EDGE_LOOP('',(#2458,#2459,#2460,#2461));
#7061=EDGE_LOOP('',(#2462,#2463,#2464,#2465));
#7062=EDGE_LOOP('',(#2466,#2467,#2468,#2469));
#7063=EDGE_LOOP('',(#2470,#2471,#2472,#2473));
#7064=EDGE_LOOP('',(#2474,#2475,#2476,#2477));
#7065=EDGE_LOOP('',(#2478,#2479,#2480,#2481));
#7066=EDGE_LOOP('',(#2482,#2483,#2484,#2485));
#7067=EDGE_LOOP('',(#2486,#2487,#2488,#2489));
#7068=EDGE_LOOP('',(#2490,#2491,#2492,#2493));
#7069=EDGE_LOOP('',(#2494,#2495,#2496,#2497));
#7070=EDGE_LOOP('',(#2498,#2499,#2500,#2501));
#7071=EDGE_LOOP('',(#2502,#2503,#2504,#2505));
#7072=EDGE_LOOP('',(#2506,#2507,#2508,#2509));
#7073=EDGE_LOOP('',(#2510,#2511,#2512,#2513));
#7074=EDGE_LOOP('',(#2514,#2515,#2516,#2517));
#7075=EDGE_LOOP('',(#2518,#2519,#2520,#2521));
#7076=EDGE_LOOP('',(#2522,#2523,#2524,#2525));
#7077=EDGE_LOOP('',(#2526,#2527,#2528,#2529));
#7078=EDGE_LOOP('',(#2530,#2531,#2532,#2533));
#7079=EDGE_LOOP('',(#2534,#2535,#2536,#2537));
#7080=EDGE_LOOP('',(#2538,#2539,#2540,#2541));
#7081=EDGE_LOOP('',(#2542,#2543,#2544,#2545));
#7082=EDGE_LOOP('',(#2546,#2547,#2548,#2549));
#7083=EDGE_LOOP('',(#2550,#2551,#2552,#2553));
#7084=EDGE_LOOP('',(#2554,#2555,#2556,#2557));
#7085=EDGE_LOOP('',(#2558,#2559,#2560,#2561));
#7086=EDGE_LOOP('',(#2562,#2563,#2564,#2565));
#7087=EDGE_LOOP('',(#2566,#2567,#2568,#2569));
#7088=EDGE_LOOP('',(#2570,#2571,#2572,#2573));
#7089=EDGE_LOOP('',(#2574,#2575,#2576,#2577));
#7090=EDGE_LOOP('',(#2578,#2579,#2580,#2581));
#7091=EDGE_LOOP('',(#2582,#2583,#2584,#2585));
#7092=EDGE_LOOP('',(#2586,#2587,#2588,#2589));
#7093=EDGE_LOOP('',(#2590,#2591,#2592,#2593));
#7094=EDGE_LOOP('',(#2594,#2595,#2596,#2597));
#7095=EDGE_LOOP('',(#2598,#2599,#2600,#2601));
#7096=EDGE_LOOP('',(#2602,#2603,#2604,#2605));
#7097=EDGE_LOOP('',(#2606,#2607,#2608,#2609));
#7098=EDGE_LOOP('',(#2610,#2611,#2612,#2613));
#7099=EDGE_LOOP('',(#2614,#2615,#2616,#2617));
#7100=EDGE_LOOP('',(#2618,#2619,#2620,#2621));
#7101=EDGE_LOOP('',(#2622,#2623,#2624,#2625));
#7102=EDGE_LOOP('',(#2626,#2627,#2628,#2629));
#7103=EDGE_LOOP('',(#2630,#2631,#2632,#2633));
#7104=EDGE_LOOP('',(#2634,#2635,#2636,#2637));
#7105=EDGE_LOOP('',(#2638,#2639,#2640,#2641));
#7106=EDGE_LOOP('',(#2642,#2643,#2644,#2645));
#7107=EDGE_LOOP('',(#2646,#2647,#2648,#2649));
#7108=EDGE_LOOP('',(#2650,#2651,#2652,#2653));
#7109=EDGE_LOOP('',(#2654,#2655,#2656,#2657));
#7110=EDGE_LOOP('',(#2658,#2659,#2660,#2661));
#7111=EDGE_LOOP('',(#2662,#2663,#2664,#2665));
#7112=EDGE_LOOP('',(#2666,#2667,#2668,#2669));
#7113=EDGE_LOOP('',(#2670,#2671,#2672,#2673));
#7114=EDGE_LOOP('',(#2674,#2675,#2676,#2677));
#7115=EDGE_LOOP('',(#2678,#2679,#2680,#2681));
#7116=EDGE_LOOP('',(#2682,#2683,#2684,#2685));
#7117=EDGE_LOOP('',(#2686,#2687,#2688,#2689));
#7118=EDGE_LOOP('',(#2690,#2691,#2692,#2693));
#7119=EDGE_LOOP('',(#2694,#2695,#2696,#2697));
#7120=EDGE_LOOP('',(#2698,#2699,#2700,#2701));
#7121=EDGE_LOOP('',(#2702,#2703,#2704,#2705));
#7122=EDGE_LOOP('',(#2706,#2707,#2708,#2709));
#7123=EDGE_LOOP('',(#2710,#2711,#2712,#2713));
#7124=EDGE_LOOP('',(#2714,#2715,#2716,#2717));
#7125=EDGE_LOOP('',(#2718,#2719,#2720,#2721));
#7126=EDGE_LOOP('',(#2722,#2723,#2724,#2725));
#7127=EDGE_LOOP('',(#2726,#2727,#2728,#2729));
#7128=EDGE_LOOP('',(#2730,#2731,#2732,#2733));
#7129=EDGE_LOOP('',(#2734,#2735,#2736,#2737));
#7130=EDGE_LOOP('',(#2738,#2739,#2740,#2741));
#7131=EDGE_LOOP('',(#2742,#2743,#2744,#2745));
#7132=EDGE_LOOP('',(#2746,#2747,#2748,#2749));
#7133=EDGE_LOOP('',(#2750,#2751,#2752,#2753));
#7134=EDGE_LOOP('',(#2754,#2755,#2756,#2757));
#7135=EDGE_LOOP('',(#2758,#2759,#2760,#2761));
#7136=EDGE_LOOP('',(#2762,#2763,#2764,#2765));
#7137=EDGE_LOOP('',(#2766,#2767,#2768,#2769));
#7138=EDGE_LOOP('',(#2770,#2771,#2772,#2773));
#7139=EDGE_LOOP('',(#2774,#2775,#2776,#2777));
#7140=EDGE_LOOP('',(#2778,#2779,#2780,#2781));
#7141=EDGE_LOOP('',(#2782,#2783,#2784,#2785));
#7142=EDGE_LOOP('',(#2786,#2787,#2788,#2789));
#7143=EDGE_LOOP('',(#2790,#2791,#2792,#2793));
#7144=EDGE_LOOP('',(#2794,#2795,#2796,#2797));
#7145=EDGE_LOOP('',(#2798,#2799,#2800,#2801));
#7146=EDGE_LOOP('',(#2802,#2803,#2804,#2805));
#7147=EDGE_LOOP('',(#2806,#2807,#2808,#2809));
#7148=EDGE_LOOP('',(#2810,#2811,#2812,#2813));
#7149=EDGE_LOOP('',(#2814,#2815,#2816,#2817));
#7150=EDGE_LOOP('',(#2818,#2819,#2820,#2821));
#7151=EDGE_LOOP('',(#2822,#2823,#2824,#2825));
#7152=EDGE_LOOP('',(#2826,#2827,#2828,#2829));
#7153=EDGE_LOOP('',(#2830,#2831,#2832,#2833));
#7154=EDGE_LOOP('',(#2834,#2835,#2836,#2837));
#7155=EDGE_LOOP('',(#2838,#2839,#2840,#2841));
#7156=EDGE_LOOP('',(#2842,#2843,#2844,#2845));
#7157=EDGE_LOOP('',(#2846,#2847,#2848,#2849));
#7158=EDGE_LOOP('',(#2850,#2851,#2852,#2853));
#7159=EDGE_LOOP('',(#2854,#2855,#2856,#2857));
#7160=EDGE_LOOP('',(#2858,#2859,#2860,#2861));
#7161=EDGE_LOOP('',(#2862,#2863,#2864,#2865));
#7162=EDGE_LOOP('',(#2866,#2867,#2868,#2869));
#7163=EDGE_LOOP('',(#2870,#2871,#2872,#2873));
#7164=EDGE_LOOP('',(#2874,#2875,#2876,#2877));
#7165=EDGE_LOOP('',(#2878,#2879,#2880,#2881));
#7166=EDGE_LOOP('',(#2882,#2883,#2884,#2885));
#7167=EDGE_LOOP('',(#2886,#2887,#2888,#2889));
#7168=EDGE_LOOP('',(#2890,#2891,#2892,#2893));
#7169=EDGE_LOOP('',(#2894,#2895,#2896,#2897));
#7170=EDGE_LOOP('',(#2898,#2899,#2900,#2901));
#7171=EDGE_LOOP('',(#2902,#2903,#2904,#2905));
#7172=EDGE_LOOP('',(#2906,#2907,#2908,#2909));
#7173=EDGE_LOOP('',(#2910,#2911,#2912,#2913));
#7174=EDGE_LOOP('',(#2914,#2915,#2916,#2917));
#7175=EDGE_LOOP('',(#2918,#2919,#2920,#2921));
#7176=EDGE_LOOP('',(#2922,#2923,#2924,#2925));
#7177=EDGE_LOOP('',(#2926,#2927,#2928,#2929));
#7178=EDGE_LOOP('',(#2930,#2931,#2932,#2933));
#7179=EDGE_LOOP('',(#2934,#2935,#2936,#2937));
#7180=EDGE_LOOP('',(#2938,#2939,#2940,#2941));
#7181=EDGE_LOOP('',(#2942,#2943,#2944,#2945));
#7182=EDGE_LOOP('',(#2946,#2947,#2948,#2949));
#7183=EDGE_LOOP('',(#2950,#2951,#2952,#2953));
#7184=EDGE_LOOP('',(#2954,#2955,#2956,#2957));
#7185=EDGE_LOOP('',(#2958,#2959,#2960,#2961));
#7186=EDGE_LOOP('',(#2962,#2963,#2964,#2965));
#7187=EDGE_LOOP('',(#2966,#2967,#2968,#2969));
#7188=EDGE_LOOP('',(#2970,#2971,#2972,#2973));
#7189=EDGE_LOOP('',(#2974,#2975,#2976,#2977));
#7190=EDGE_LOOP('',(#2978,#2979,#2980,#2981));
#7191=EDGE_LOOP('',(#2982,#2983,#2984,#2985));
#7192=EDGE_LOOP('',(#2986,#2987,#2988,#2989));
#7193=EDGE_LOOP('',(#2990,#2991,#2992,#2993));
#7194=EDGE_LOOP('',(#2994,#2995,#2996,#2997));
#7195=EDGE_LOOP('',(#2998,#2999,#3000,#3001));
#7196=EDGE_LOOP('',(#3002,#3003,#3004,#3005));
#7197=EDGE_LOOP('',(#3006,#3007,#3008,#3009));
#7198=EDGE_LOOP('',(#3010,#3011,#3012,#3013));
#7199=EDGE_LOOP('',(#3014,#3015,#3016,#3017));
#7200=EDGE_LOOP('',(#3018,#3019,#3020,#3021));
#7201=EDGE_LOOP('',(#3022,#3023,#3024,#3025));
#7202=EDGE_LOOP('',(#3026,#3027,#3028,#3029));
#7203=EDGE_LOOP('',(#3030,#3031,#3032,#3033));
#7204=EDGE_LOOP('',(#3034,#3035,#3036,#3037));
#7205=EDGE_LOOP('',(#3038,#3039,#3040,#3041));
#7206=EDGE_LOOP('',(#3042,#3043,#3044,#3045));
#7207=EDGE_LOOP('',(#3046,#3047,#3048,#3049));
#7208=EDGE_LOOP('',(#3050,#3051,#3052,#3053));
#7209=EDGE_LOOP('',(#3054,#3055,#3056,#3057));
#7210=EDGE_LOOP('',(#3058,#3059,#3060,#3061));
#7211=EDGE_LOOP('',(#3062,#3063,#3064,#3065));
#7212=EDGE_LOOP('',(#3066,#3067,#3068,#3069));
#7213=EDGE_LOOP('',(#3070,#3071,#3072,#3073));
#7214=EDGE_LOOP('',(#3074,#3075,#3076,#3077));
#7215=EDGE_LOOP('',(#3078,#3079,#3080,#3081));
#7216=EDGE_LOOP('',(#3082,#3083,#3084,#3085));
#7217=EDGE_LOOP('',(#3086,#3087,#3088,#3089));
#7218=EDGE_LOOP('',(#3090,#3091,#3092,#3093));
#7219=EDGE_LOOP('',(#3094,#3095,#3096,#3097));
#7220=EDGE_LOOP('',(#3098,#3099,#3100,#3101));
#7221=EDGE_LOOP('',(#3102,#3103,#3104,#3105));
#7222=EDGE_LOOP('',(#3106,#3107,#3108,#3109));
#7223=EDGE_LOOP('',(#3110,#3111,#3112,#3113));
#7224=EDGE_LOOP('',(#3114,#3115,#3116,#3117));
#7225=EDGE_LOOP('',(#3118,#3119,#3120,#3121));
#7226=EDGE_LOOP('',(#3122,#3123,#3124,#3125));
#7227=EDGE_LOOP('',(#3126,#3127,#3128,#3129));
#7228=EDGE_LOOP('',(#3130,#3131,#3132,#3133));
#7229=EDGE_LOOP('',(#3134,#3135,#3136,#3137));
#7230=EDGE_LOOP('',(#3138,#3139,#3140,#3141));
#7231=EDGE_LOOP('',(#3142,#3143,#3144,#3145));
#7232=EDGE_LOOP('',(#3146,#3147,#3148,#3149));
#7233=EDGE_LOOP('',(#3150,#3151,#3152,#3153));
#7234=EDGE_LOOP('',(#3154,#3155,#3156,#3157));
#7235=EDGE_LOOP('',(#3158,#3159,#3160,#3161));
#7236=EDGE_LOOP('',(#3162,#3163,#3164,#3165));
#7237=EDGE_LOOP('',(#3166,#3167,#3168,#3169));
#7238=EDGE_LOOP('',(#3170,#3171,#3172,#3173));
#7239=EDGE_LOOP('',(#3174,#3175,#3176,#3177));
#7240=EDGE_LOOP('',(#3178,#3179,#3180,#3181));
#7241=EDGE_LOOP('',(#3182,#3183,#3184,#3185));
#7242=EDGE_LOOP('',(#3186,#3187,#3188,#3189));
#7243=EDGE_LOOP('',(#3190,#3191,#3192,#3193));
#7244=EDGE_LOOP('',(#3194,#3195,#3196,#3197));
#7245=EDGE_LOOP('',(#3198,#3199,#3200,#3201));
#7246=EDGE_LOOP('',(#3202,#3203,#3204,#3205));
#7247=EDGE_LOOP('',(#3206,#3207,#3208,#3209));
#7248=EDGE_LOOP('',(#3210,#3211,#3212,#3213));
#7249=EDGE_LOOP('',(#3214,#3215,#3216,#3217));
#7250=EDGE_LOOP('',(#3218,#3219,#3220,#3221));
#7251=EDGE_LOOP('',(#3222,#3223,#3224,#3225));
#7252=EDGE_LOOP('',(#3226,#3227,#3228,#3229));
#7253=EDGE_LOOP('',(#3230,#3231,#3232,#3233));
#7254=EDGE_LOOP('',(#3234,#3235,#3236,#3237));
#7255=EDGE_LOOP('',(#3238,#3239,#3240,#3241));
#7256=EDGE_LOOP('',(#3242,#3243,#3244,#3245));
#7257=EDGE_LOOP('',(#3246,#3247,#3248,#3249));
#7258=EDGE_LOOP('',(#3250,#3251,#3252,#3253));
#7259=EDGE_LOOP('',(#3254,#3255,#3256,#3257));
#7260=EDGE_LOOP('',(#3258,#3259,#3260,#3261));
#7261=EDGE_LOOP('',(#3262,#3263,#3264,#3265));
#7262=EDGE_LOOP('',(#3266,#3267,#3268,#3269));
#7263=EDGE_LOOP('',(#3270,#3271,#3272,#3273));
#7264=EDGE_LOOP('',(#3274,#3275,#3276,#3277));
#7265=EDGE_LOOP('',(#3278,#3279,#3280,#3281));
#7266=EDGE_LOOP('',(#3282,#3283,#3284,#3285));
#7267=EDGE_LOOP('',(#3286,#3287,#3288,#3289));
#7268=EDGE_LOOP('',(#3290,#3291,#3292,#3293));
#7269=EDGE_LOOP('',(#3294,#3295,#3296,#3297));
#7270=EDGE_LOOP('',(#3298,#3299,#3300,#3301));
#7271=EDGE_LOOP('',(#3302,#3303,#3304,#3305));
#7272=EDGE_LOOP('',(#3306,#3307,#3308,#3309));
#7273=EDGE_LOOP('',(#3310,#3311,#3312,#3313));
#7274=EDGE_LOOP('',(#3314,#3315,#3316,#3317));
#7275=EDGE_LOOP('',(#3318,#3319,#3320,#3321));
#7276=EDGE_LOOP('',(#3322,#3323,#3324,#3325));
#7277=EDGE_LOOP('',(#3326,#3327,#3328,#3329));
#7278=EDGE_LOOP('',(#3330,#3331,#3332,#3333));
#7279=EDGE_LOOP('',(#3334,#3335,#3336,#3337));
#7280=EDGE_LOOP('',(#3338,#3339,#3340,#3341));
#7281=EDGE_LOOP('',(#3342,#3343,#3344,#3345));
#7282=EDGE_LOOP('',(#3346,#3347,#3348,#3349));
#7283=EDGE_LOOP('',(#3350,#3351,#3352,#3353));
#7284=EDGE_LOOP('',(#3354,#3355,#3356,#3357,#3358,#3359,#3360,#3361,#3362,
#3363,#3364,#3365,#3366,#3367,#3368,#3369));
#7285=EDGE_LOOP('',(#3370));
#7286=EDGE_LOOP('',(#3371,#3372,#3373,#3374,#3375,#3376,#3377,#3378,#3379,
#3380,#3381,#3382,#3383,#3384,#3385,#3386));
#7287=EDGE_LOOP('',(#3387));
#7288=EDGE_LOOP('',(#3388,#3389,#3390,#3391,#3392,#3393,#3394,#3395,#3396,
#3397,#3398,#3399,#3400,#3401,#3402,#3403));
#7289=EDGE_LOOP('',(#3404));
#7290=EDGE_LOOP('',(#3405,#3406,#3407,#3408,#3409,#3410,#3411,#3412,#3413,
#3414,#3415,#3416,#3417,#3418,#3419,#3420));
#7291=EDGE_LOOP('',(#3421));
#7292=EDGE_LOOP('',(#3422,#3423,#3424,#3425,#3426,#3427,#3428,#3429,#3430,
#3431,#3432,#3433,#3434,#3435,#3436,#3437));
#7293=EDGE_LOOP('',(#3438));
#7294=EDGE_LOOP('',(#3439,#3440,#3441,#3442,#3443,#3444,#3445,#3446,#3447,
#3448,#3449,#3450,#3451,#3452,#3453,#3454));
#7295=EDGE_LOOP('',(#3455));
#7296=EDGE_LOOP('',(#3456,#3457,#3458,#3459,#3460,#3461,#3462,#3463,#3464,
#3465,#3466,#3467,#3468,#3469,#3470,#3471));
#7297=EDGE_LOOP('',(#3472));
#7298=EDGE_LOOP('',(#3473));
#7299=EDGE_LOOP('',(#3474));
#7300=EDGE_LOOP('',(#3475));
#7301=EDGE_LOOP('',(#3476));
#7302=EDGE_LOOP('',(#3477));
#7303=EDGE_LOOP('',(#3478));
#7304=EDGE_LOOP('',(#3479));
#7305=EDGE_LOOP('',(#3480));
#7306=EDGE_LOOP('',(#3481));
#7307=EDGE_LOOP('',(#3482));
#7308=EDGE_LOOP('',(#3483));
#7309=EDGE_LOOP('',(#3484));
#7310=EDGE_LOOP('',(#3485));
#7311=EDGE_LOOP('',(#3486));
#7312=EDGE_LOOP('',(#3487,#3488,#3489,#3490));
#7313=EDGE_LOOP('',(#3491));
#7314=EDGE_LOOP('',(#3492));
#7315=EDGE_LOOP('',(#3493));
#7316=EDGE_LOOP('',(#3494));
#7317=EDGE_LOOP('',(#3495));
#7318=EDGE_LOOP('',(#3496));
#7319=EDGE_LOOP('',(#3497));
#7320=EDGE_LOOP('',(#3498));
#7321=EDGE_LOOP('',(#3499));
#7322=EDGE_LOOP('',(#3500));
#7323=EDGE_LOOP('',(#3501));
#7324=EDGE_LOOP('',(#3502));
#7325=EDGE_LOOP('',(#3503));
#7326=EDGE_LOOP('',(#3504));
#7327=EDGE_LOOP('',(#3505));
#7328=EDGE_LOOP('',(#3506));
#7329=EDGE_LOOP('',(#3507));
#7330=EDGE_LOOP('',(#3508));
#7331=EDGE_LOOP('',(#3509));
#7332=EDGE_LOOP('',(#3510));
#7333=EDGE_LOOP('',(#3511));
#7334=EDGE_LOOP('',(#3512));
#7335=EDGE_LOOP('',(#3513));
#7336=EDGE_LOOP('',(#3514,#3515,#3516,#3517));
#7337=EDGE_LOOP('',(#3518,#3519,#3520,#3521));
#7338=EDGE_LOOP('',(#3522,#3523,#3524,#3525));
#7339=EDGE_LOOP('',(#3526,#3527,#3528,#3529));
#7340=EDGE_LOOP('',(#3530));
#7341=EDGE_LOOP('',(#3531));
#7342=EDGE_LOOP('',(#3532));
#7343=EDGE_LOOP('',(#3533));
#7344=EDGE_LOOP('',(#3534));
#7345=EDGE_LOOP('',(#3535));
#7346=EDGE_LOOP('',(#3536));
#7347=EDGE_LOOP('',(#3537));
#7348=EDGE_LOOP('',(#3538));
#7349=EDGE_LOOP('',(#3539));
#7350=EDGE_LOOP('',(#3540));
#7351=EDGE_LOOP('',(#3541));
#7352=EDGE_LOOP('',(#3542));
#7353=EDGE_LOOP('',(#3543));
#7354=EDGE_LOOP('',(#3544));
#7355=EDGE_LOOP('',(#3545));
#7356=EDGE_LOOP('',(#3546));
#7357=EDGE_LOOP('',(#3547));
#7358=EDGE_LOOP('',(#3548));
#7359=EDGE_LOOP('',(#3549));
#7360=EDGE_LOOP('',(#3550));
#7361=EDGE_LOOP('',(#3551));
#7362=EDGE_LOOP('',(#3552));
#7363=EDGE_LOOP('',(#3553));
#7364=EDGE_LOOP('',(#3554));
#7365=EDGE_LOOP('',(#3555));
#7366=EDGE_LOOP('',(#3556));
#7367=EDGE_LOOP('',(#3557));
#7368=EDGE_LOOP('',(#3558));
#7369=EDGE_LOOP('',(#3559));
#7370=EDGE_LOOP('',(#3560));
#7371=EDGE_LOOP('',(#3561));
#7372=EDGE_LOOP('',(#3562));
#7373=EDGE_LOOP('',(#3563));
#7374=EDGE_LOOP('',(#3564));
#7375=EDGE_LOOP('',(#3565));
#7376=EDGE_LOOP('',(#3566));
#7377=EDGE_LOOP('',(#3567));
#7378=EDGE_LOOP('',(#3568));
#7379=EDGE_LOOP('',(#3569));
#7380=EDGE_LOOP('',(#3570));
#7381=EDGE_LOOP('',(#3571));
#7382=EDGE_LOOP('',(#3572));
#7383=EDGE_LOOP('',(#3573));
#7384=EDGE_LOOP('',(#3574,#3575,#3576,#3577));
#7385=EDGE_LOOP('',(#3578,#3579,#3580,#3581));
#7386=EDGE_LOOP('',(#3582,#3583,#3584,#3585));
#7387=EDGE_LOOP('',(#3586,#3587,#3588,#3589));
#7388=EDGE_LOOP('',(#3590));
#7389=EDGE_LOOP('',(#3591));
#7390=EDGE_LOOP('',(#3592));
#7391=EDGE_LOOP('',(#3593));
#7392=EDGE_LOOP('',(#3594));
#7393=EDGE_LOOP('',(#3595));
#7394=EDGE_LOOP('',(#3596));
#7395=EDGE_LOOP('',(#3597));
#7396=FACE_BOUND('',#6690,.T.);
#7397=FACE_BOUND('',#6691,.T.);
#7398=FACE_BOUND('',#6692,.T.);
#7399=FACE_BOUND('',#6693,.T.);
#7400=FACE_BOUND('',#6694,.T.);
#7401=FACE_BOUND('',#6695,.T.);
#7402=FACE_BOUND('',#6696,.T.);
#7403=FACE_BOUND('',#6697,.T.);
#7404=FACE_BOUND('',#6698,.T.);
#7405=FACE_BOUND('',#6699,.T.);
#7406=FACE_BOUND('',#6700,.T.);
#7407=FACE_BOUND('',#6701,.T.);
#7408=FACE_BOUND('',#6702,.T.);
#7409=FACE_BOUND('',#6703,.T.);
#7410=FACE_BOUND('',#6704,.T.);
#7411=FACE_BOUND('',#6705,.T.);
#7412=FACE_BOUND('',#6706,.T.);
#7413=FACE_BOUND('',#6707,.T.);
#7414=FACE_BOUND('',#6708,.T.);
#7415=FACE_BOUND('',#6709,.T.);
#7416=FACE_BOUND('',#6710,.T.);
#7417=FACE_BOUND('',#6711,.T.);
#7418=FACE_BOUND('',#6712,.T.);
#7419=FACE_BOUND('',#6713,.T.);
#7420=FACE_BOUND('',#6714,.T.);
#7421=FACE_BOUND('',#6715,.T.);
#7422=FACE_BOUND('',#6716,.T.);
#7423=FACE_BOUND('',#6717,.T.);
#7424=FACE_BOUND('',#6718,.T.);
#7425=FACE_BOUND('',#6719,.T.);
#7426=FACE_BOUND('',#6720,.T.);
#7427=FACE_BOUND('',#6721,.T.);
#7428=FACE_BOUND('',#6722,.T.);
#7429=FACE_BOUND('',#6723,.T.);
#7430=FACE_BOUND('',#6724,.T.);
#7431=FACE_BOUND('',#6725,.T.);
#7432=FACE_BOUND('',#6726,.T.);
#7433=FACE_BOUND('',#6727,.T.);
#7434=FACE_BOUND('',#6728,.T.);
#7435=FACE_BOUND('',#6729,.T.);
#7436=FACE_BOUND('',#6730,.T.);
#7437=FACE_BOUND('',#6731,.T.);
#7438=FACE_BOUND('',#6732,.T.);
#7439=FACE_BOUND('',#6733,.T.);
#7440=FACE_BOUND('',#6734,.T.);
#7441=FACE_BOUND('',#6735,.T.);
#7442=FACE_BOUND('',#6736,.T.);
#7443=FACE_BOUND('',#6737,.T.);
#7444=FACE_BOUND('',#6738,.T.);
#7445=FACE_BOUND('',#6739,.T.);
#7446=FACE_BOUND('',#6740,.T.);
#7447=FACE_BOUND('',#6741,.T.);
#7448=FACE_BOUND('',#6742,.T.);
#7449=FACE_BOUND('',#6743,.T.);
#7450=FACE_BOUND('',#6744,.T.);
#7451=FACE_BOUND('',#6745,.T.);
#7452=FACE_BOUND('',#6746,.T.);
#7453=FACE_BOUND('',#6747,.T.);
#7454=FACE_BOUND('',#6748,.T.);
#7455=FACE_BOUND('',#6749,.T.);
#7456=FACE_BOUND('',#6750,.T.);
#7457=FACE_BOUND('',#6751,.T.);
#7458=FACE_BOUND('',#6752,.T.);
#7459=FACE_BOUND('',#6753,.T.);
#7460=FACE_BOUND('',#6754,.T.);
#7461=FACE_BOUND('',#6755,.T.);
#7462=FACE_BOUND('',#6756,.T.);
#7463=FACE_BOUND('',#6757,.T.);
#7464=FACE_BOUND('',#6758,.T.);
#7465=FACE_BOUND('',#6759,.T.);
#7466=FACE_BOUND('',#6760,.T.);
#7467=FACE_BOUND('',#6761,.T.);
#7468=FACE_BOUND('',#6762,.T.);
#7469=FACE_BOUND('',#6763,.T.);
#7470=FACE_BOUND('',#6764,.T.);
#7471=FACE_BOUND('',#6765,.T.);
#7472=FACE_BOUND('',#6766,.T.);
#7473=FACE_BOUND('',#6767,.T.);
#7474=FACE_BOUND('',#6768,.T.);
#7475=FACE_BOUND('',#6769,.T.);
#7476=FACE_BOUND('',#6770,.T.);
#7477=FACE_BOUND('',#6771,.T.);
#7478=FACE_BOUND('',#6772,.T.);
#7479=FACE_BOUND('',#6773,.T.);
#7480=FACE_BOUND('',#6774,.T.);
#7481=FACE_BOUND('',#6775,.T.);
#7482=FACE_BOUND('',#6776,.T.);
#7483=FACE_BOUND('',#6777,.T.);
#7484=FACE_BOUND('',#6778,.T.);
#7485=FACE_BOUND('',#6779,.T.);
#7486=FACE_BOUND('',#6780,.T.);
#7487=FACE_BOUND('',#6781,.T.);
#7488=FACE_BOUND('',#6782,.T.);
#7489=FACE_BOUND('',#6783,.T.);
#7490=FACE_BOUND('',#6784,.T.);
#7491=FACE_BOUND('',#6785,.T.);
#7492=FACE_BOUND('',#6786,.T.);
#7493=FACE_BOUND('',#6787,.T.);
#7494=FACE_BOUND('',#6788,.T.);
#7495=FACE_BOUND('',#6789,.T.);
#7496=FACE_BOUND('',#6790,.T.);
#7497=FACE_BOUND('',#6791,.T.);
#7498=FACE_BOUND('',#6792,.T.);
#7499=FACE_BOUND('',#6793,.T.);
#7500=FACE_BOUND('',#6794,.T.);
#7501=FACE_BOUND('',#6795,.T.);
#7502=FACE_BOUND('',#6796,.T.);
#7503=FACE_BOUND('',#6797,.T.);
#7504=FACE_BOUND('',#6798,.T.);
#7505=FACE_BOUND('',#6799,.T.);
#7506=FACE_BOUND('',#6800,.T.);
#7507=FACE_BOUND('',#6801,.T.);
#7508=FACE_BOUND('',#6802,.T.);
#7509=FACE_BOUND('',#6803,.T.);
#7510=FACE_BOUND('',#6804,.T.);
#7511=FACE_BOUND('',#6805,.T.);
#7512=FACE_BOUND('',#6806,.T.);
#7513=FACE_BOUND('',#6807,.T.);
#7514=FACE_BOUND('',#6808,.T.);
#7515=FACE_BOUND('',#6809,.T.);
#7516=FACE_BOUND('',#6810,.T.);
#7517=FACE_BOUND('',#6811,.T.);
#7518=FACE_BOUND('',#6812,.T.);
#7519=FACE_BOUND('',#6813,.T.);
#7520=FACE_BOUND('',#6814,.T.);
#7521=FACE_BOUND('',#6815,.T.);
#7522=FACE_BOUND('',#6816,.T.);
#7523=FACE_BOUND('',#6817,.T.);
#7524=FACE_BOUND('',#6818,.T.);
#7525=FACE_BOUND('',#6819,.T.);
#7526=FACE_BOUND('',#6820,.T.);
#7527=FACE_BOUND('',#6821,.T.);
#7528=FACE_BOUND('',#6822,.T.);
#7529=FACE_BOUND('',#6823,.T.);
#7530=FACE_BOUND('',#6824,.T.);
#7531=FACE_BOUND('',#6825,.T.);
#7532=FACE_BOUND('',#6826,.T.);
#7533=FACE_BOUND('',#6827,.T.);
#7534=FACE_BOUND('',#6828,.T.);
#7535=FACE_BOUND('',#6829,.T.);
#7536=FACE_BOUND('',#6830,.T.);
#7537=FACE_BOUND('',#6831,.T.);
#7538=FACE_BOUND('',#6832,.T.);
#7539=FACE_BOUND('',#6833,.T.);
#7540=FACE_BOUND('',#6834,.T.);
#7541=FACE_BOUND('',#6835,.T.);
#7542=FACE_BOUND('',#6836,.T.);
#7543=FACE_BOUND('',#6837,.T.);
#7544=FACE_BOUND('',#6838,.T.);
#7545=FACE_BOUND('',#6839,.T.);
#7546=FACE_BOUND('',#6840,.T.);
#7547=FACE_BOUND('',#6841,.T.);
#7548=FACE_BOUND('',#6842,.T.);
#7549=FACE_BOUND('',#6843,.T.);
#7550=FACE_BOUND('',#6844,.T.);
#7551=FACE_BOUND('',#6845,.T.);
#7552=FACE_BOUND('',#6846,.T.);
#7553=FACE_BOUND('',#6847,.T.);
#7554=FACE_BOUND('',#6848,.T.);
#7555=FACE_BOUND('',#6849,.T.);
#7556=FACE_BOUND('',#6850,.T.);
#7557=FACE_BOUND('',#6851,.T.);
#7558=FACE_BOUND('',#6852,.T.);
#7559=FACE_BOUND('',#6853,.T.);
#7560=FACE_BOUND('',#6854,.T.);
#7561=FACE_BOUND('',#6855,.T.);
#7562=FACE_BOUND('',#6856,.T.);
#7563=FACE_BOUND('',#6857,.T.);
#7564=FACE_BOUND('',#6858,.T.);
#7565=FACE_BOUND('',#6859,.T.);
#7566=FACE_BOUND('',#6860,.T.);
#7567=FACE_BOUND('',#6861,.T.);
#7568=FACE_BOUND('',#6862,.T.);
#7569=FACE_BOUND('',#6863,.T.);
#7570=FACE_BOUND('',#6864,.T.);
#7571=FACE_BOUND('',#6865,.T.);
#7572=FACE_BOUND('',#6866,.T.);
#7573=FACE_BOUND('',#6867,.T.);
#7574=FACE_BOUND('',#6868,.T.);
#7575=FACE_BOUND('',#6869,.T.);
#7576=FACE_BOUND('',#6870,.T.);
#7577=FACE_BOUND('',#6871,.T.);
#7578=FACE_BOUND('',#6872,.T.);
#7579=FACE_BOUND('',#6873,.T.);
#7580=FACE_BOUND('',#6874,.T.);
#7581=FACE_BOUND('',#6875,.T.);
#7582=FACE_BOUND('',#6876,.T.);
#7583=FACE_BOUND('',#6877,.T.);
#7584=FACE_BOUND('',#6878,.T.);
#7585=FACE_BOUND('',#6879,.T.);
#7586=FACE_BOUND('',#6880,.T.);
#7587=FACE_BOUND('',#6881,.T.);
#7588=FACE_BOUND('',#6882,.T.);
#7589=FACE_BOUND('',#6883,.T.);
#7590=FACE_BOUND('',#6884,.T.);
#7591=FACE_BOUND('',#6885,.T.);
#7592=FACE_BOUND('',#6886,.T.);
#7593=FACE_BOUND('',#6887,.T.);
#7594=FACE_BOUND('',#6888,.T.);
#7595=FACE_BOUND('',#6889,.T.);
#7596=FACE_BOUND('',#6890,.T.);
#7597=FACE_BOUND('',#6891,.T.);
#7598=FACE_BOUND('',#6892,.T.);
#7599=FACE_BOUND('',#6893,.T.);
#7600=FACE_BOUND('',#6894,.T.);
#7601=FACE_BOUND('',#6895,.T.);
#7602=FACE_BOUND('',#6896,.T.);
#7603=FACE_BOUND('',#6897,.T.);
#7604=FACE_BOUND('',#6898,.T.);
#7605=FACE_BOUND('',#6899,.T.);
#7606=FACE_BOUND('',#6900,.T.);
#7607=FACE_BOUND('',#6901,.T.);
#7608=FACE_BOUND('',#6902,.T.);
#7609=FACE_BOUND('',#6903,.T.);
#7610=FACE_BOUND('',#6904,.T.);
#7611=FACE_BOUND('',#6905,.T.);
#7612=FACE_BOUND('',#6906,.T.);
#7613=FACE_BOUND('',#6907,.T.);
#7614=FACE_BOUND('',#6908,.T.);
#7615=FACE_BOUND('',#6909,.T.);
#7616=FACE_BOUND('',#6910,.T.);
#7617=FACE_BOUND('',#6911,.T.);
#7618=FACE_BOUND('',#6912,.T.);
#7619=FACE_BOUND('',#6913,.T.);
#7620=FACE_BOUND('',#6914,.T.);
#7621=FACE_BOUND('',#6915,.T.);
#7622=FACE_BOUND('',#6916,.T.);
#7623=FACE_BOUND('',#6917,.T.);
#7624=FACE_BOUND('',#6918,.T.);
#7625=FACE_BOUND('',#6919,.T.);
#7626=FACE_BOUND('',#6920,.T.);
#7627=FACE_BOUND('',#6921,.T.);
#7628=FACE_BOUND('',#6922,.T.);
#7629=FACE_BOUND('',#6923,.T.);
#7630=FACE_BOUND('',#6924,.T.);
#7631=FACE_BOUND('',#6925,.T.);
#7632=FACE_BOUND('',#6926,.T.);
#7633=FACE_BOUND('',#6927,.T.);
#7634=FACE_BOUND('',#6928,.T.);
#7635=FACE_BOUND('',#6929,.T.);
#7636=FACE_BOUND('',#6930,.T.);
#7637=FACE_BOUND('',#6931,.T.);
#7638=FACE_BOUND('',#6932,.T.);
#7639=FACE_BOUND('',#6933,.T.);
#7640=FACE_BOUND('',#6934,.T.);
#7641=FACE_BOUND('',#6935,.T.);
#7642=FACE_BOUND('',#6936,.T.);
#7643=FACE_BOUND('',#6937,.T.);
#7644=FACE_BOUND('',#6938,.T.);
#7645=FACE_BOUND('',#6939,.T.);
#7646=FACE_BOUND('',#6940,.T.);
#7647=FACE_BOUND('',#6941,.T.);
#7648=FACE_BOUND('',#6942,.T.);
#7649=FACE_BOUND('',#6943,.T.);
#7650=FACE_BOUND('',#6944,.T.);
#7651=FACE_BOUND('',#6945,.T.);
#7652=FACE_BOUND('',#6946,.T.);
#7653=FACE_BOUND('',#6947,.T.);
#7654=FACE_BOUND('',#6948,.T.);
#7655=FACE_BOUND('',#6949,.T.);
#7656=FACE_BOUND('',#6950,.T.);
#7657=FACE_BOUND('',#6951,.T.);
#7658=FACE_BOUND('',#6952,.T.);
#7659=FACE_BOUND('',#6953,.T.);
#7660=FACE_BOUND('',#6954,.T.);
#7661=FACE_BOUND('',#6955,.T.);
#7662=FACE_BOUND('',#6956,.T.);
#7663=FACE_BOUND('',#6957,.T.);
#7664=FACE_BOUND('',#6958,.T.);
#7665=FACE_BOUND('',#6959,.T.);
#7666=FACE_BOUND('',#6960,.T.);
#7667=FACE_BOUND('',#6961,.T.);
#7668=FACE_BOUND('',#6962,.T.);
#7669=FACE_BOUND('',#6963,.T.);
#7670=FACE_BOUND('',#6964,.T.);
#7671=FACE_BOUND('',#6965,.T.);
#7672=FACE_BOUND('',#6966,.T.);
#7673=FACE_BOUND('',#6967,.T.);
#7674=FACE_BOUND('',#6968,.T.);
#7675=FACE_BOUND('',#6969,.T.);
#7676=FACE_BOUND('',#6970,.T.);
#7677=FACE_BOUND('',#6971,.T.);
#7678=FACE_BOUND('',#6972,.T.);
#7679=FACE_BOUND('',#6973,.T.);
#7680=FACE_BOUND('',#6974,.T.);
#7681=FACE_BOUND('',#6975,.T.);
#7682=FACE_BOUND('',#6976,.T.);
#7683=FACE_BOUND('',#6977,.T.);
#7684=FACE_BOUND('',#6978,.T.);
#7685=FACE_BOUND('',#6979,.T.);
#7686=FACE_BOUND('',#6980,.T.);
#7687=FACE_BOUND('',#6981,.T.);
#7688=FACE_BOUND('',#6982,.T.);
#7689=FACE_BOUND('',#6983,.T.);
#7690=FACE_BOUND('',#6984,.T.);
#7691=FACE_BOUND('',#6985,.T.);
#7692=FACE_BOUND('',#6986,.T.);
#7693=FACE_BOUND('',#6987,.T.);
#7694=FACE_BOUND('',#6988,.T.);
#7695=FACE_BOUND('',#6989,.T.);
#7696=FACE_BOUND('',#6990,.T.);
#7697=FACE_BOUND('',#6991,.T.);
#7698=FACE_BOUND('',#6992,.T.);
#7699=FACE_BOUND('',#6993,.T.);
#7700=FACE_BOUND('',#6994,.T.);
#7701=FACE_BOUND('',#6995,.T.);
#7702=FACE_BOUND('',#6996,.T.);
#7703=FACE_BOUND('',#6997,.T.);
#7704=FACE_BOUND('',#6998,.T.);
#7705=FACE_BOUND('',#6999,.T.);
#7706=FACE_BOUND('',#7000,.T.);
#7707=FACE_BOUND('',#7001,.T.);
#7708=FACE_BOUND('',#7002,.T.);
#7709=FACE_BOUND('',#7003,.T.);
#7710=FACE_BOUND('',#7004,.T.);
#7711=FACE_BOUND('',#7005,.T.);
#7712=FACE_BOUND('',#7006,.T.);
#7713=FACE_BOUND('',#7007,.T.);
#7714=FACE_BOUND('',#7008,.T.);
#7715=FACE_BOUND('',#7009,.T.);
#7716=FACE_BOUND('',#7010,.T.);
#7717=FACE_BOUND('',#7011,.T.);
#7718=FACE_BOUND('',#7012,.T.);
#7719=FACE_BOUND('',#7013,.T.);
#7720=FACE_BOUND('',#7014,.T.);
#7721=FACE_BOUND('',#7015,.T.);
#7722=FACE_BOUND('',#7016,.T.);
#7723=FACE_BOUND('',#7017,.T.);
#7724=FACE_BOUND('',#7018,.T.);
#7725=FACE_BOUND('',#7019,.T.);
#7726=FACE_BOUND('',#7020,.T.);
#7727=FACE_BOUND('',#7021,.T.);
#7728=FACE_BOUND('',#7022,.T.);
#7729=FACE_BOUND('',#7023,.T.);
#7730=FACE_BOUND('',#7024,.T.);
#7731=FACE_BOUND('',#7025,.T.);
#7732=FACE_BOUND('',#7026,.T.);
#7733=FACE_BOUND('',#7027,.T.);
#7734=FACE_BOUND('',#7028,.T.);
#7735=FACE_BOUND('',#7029,.T.);
#7736=FACE_BOUND('',#7030,.T.);
#7737=FACE_BOUND('',#7031,.T.);
#7738=FACE_BOUND('',#7032,.T.);
#7739=FACE_BOUND('',#7033,.T.);
#7740=FACE_BOUND('',#7034,.T.);
#7741=FACE_BOUND('',#7035,.T.);
#7742=FACE_BOUND('',#7036,.T.);
#7743=FACE_BOUND('',#7037,.T.);
#7744=FACE_BOUND('',#7038,.T.);
#7745=FACE_BOUND('',#7039,.T.);
#7746=FACE_BOUND('',#7040,.T.);
#7747=FACE_BOUND('',#7041,.T.);
#7748=FACE_BOUND('',#7042,.T.);
#7749=FACE_BOUND('',#7043,.T.);
#7750=FACE_BOUND('',#7044,.T.);
#7751=FACE_BOUND('',#7045,.T.);
#7752=FACE_BOUND('',#7046,.T.);
#7753=FACE_BOUND('',#7047,.T.);
#7754=FACE_BOUND('',#7048,.T.);
#7755=FACE_BOUND('',#7049,.T.);
#7756=FACE_BOUND('',#7050,.T.);
#7757=FACE_BOUND('',#7051,.T.);
#7758=FACE_BOUND('',#7052,.T.);
#7759=FACE_BOUND('',#7053,.T.);
#7760=FACE_BOUND('',#7054,.T.);
#7761=FACE_BOUND('',#7055,.T.);
#7762=FACE_BOUND('',#7056,.T.);
#7763=FACE_BOUND('',#7057,.T.);
#7764=FACE_BOUND('',#7058,.T.);
#7765=FACE_BOUND('',#7059,.T.);
#7766=FACE_BOUND('',#7060,.T.);
#7767=FACE_BOUND('',#7061,.T.);
#7768=FACE_BOUND('',#7062,.T.);
#7769=FACE_BOUND('',#7063,.T.);
#7770=FACE_BOUND('',#7064,.T.);
#7771=FACE_BOUND('',#7065,.T.);
#7772=FACE_BOUND('',#7066,.T.);
#7773=FACE_BOUND('',#7067,.T.);
#7774=FACE_BOUND('',#7068,.T.);
#7775=FACE_BOUND('',#7069,.T.);
#7776=FACE_BOUND('',#7070,.T.);
#7777=FACE_BOUND('',#7071,.T.);
#7778=FACE_BOUND('',#7072,.T.);
#7779=FACE_BOUND('',#7073,.T.);
#7780=FACE_BOUND('',#7074,.T.);
#7781=FACE_BOUND('',#7075,.T.);
#7782=FACE_BOUND('',#7076,.T.);
#7783=FACE_BOUND('',#7077,.T.);
#7784=FACE_BOUND('',#7078,.T.);
#7785=FACE_BOUND('',#7079,.T.);
#7786=FACE_BOUND('',#7080,.T.);
#7787=FACE_BOUND('',#7081,.T.);
#7788=FACE_BOUND('',#7082,.T.);
#7789=FACE_BOUND('',#7083,.T.);
#7790=FACE_BOUND('',#7084,.T.);
#7791=FACE_BOUND('',#7085,.T.);
#7792=FACE_BOUND('',#7086,.T.);
#7793=FACE_BOUND('',#7087,.T.);
#7794=FACE_BOUND('',#7088,.T.);
#7795=FACE_BOUND('',#7089,.T.);
#7796=FACE_BOUND('',#7090,.T.);
#7797=FACE_BOUND('',#7091,.T.);
#7798=FACE_BOUND('',#7092,.T.);
#7799=FACE_BOUND('',#7093,.T.);
#7800=FACE_BOUND('',#7094,.T.);
#7801=FACE_BOUND('',#7095,.T.);
#7802=FACE_BOUND('',#7096,.T.);
#7803=FACE_BOUND('',#7097,.T.);
#7804=FACE_BOUND('',#7098,.T.);
#7805=FACE_BOUND('',#7099,.T.);
#7806=FACE_BOUND('',#7100,.T.);
#7807=FACE_BOUND('',#7101,.T.);
#7808=FACE_BOUND('',#7102,.T.);
#7809=FACE_BOUND('',#7103,.T.);
#7810=FACE_BOUND('',#7104,.T.);
#7811=FACE_BOUND('',#7105,.T.);
#7812=FACE_BOUND('',#7106,.T.);
#7813=FACE_BOUND('',#7107,.T.);
#7814=FACE_BOUND('',#7108,.T.);
#7815=FACE_BOUND('',#7109,.T.);
#7816=FACE_BOUND('',#7110,.T.);
#7817=FACE_BOUND('',#7111,.T.);
#7818=FACE_BOUND('',#7112,.T.);
#7819=FACE_BOUND('',#7113,.T.);
#7820=FACE_BOUND('',#7114,.T.);
#7821=FACE_BOUND('',#7115,.T.);
#7822=FACE_BOUND('',#7116,.T.);
#7823=FACE_BOUND('',#7117,.T.);
#7824=FACE_BOUND('',#7118,.T.);
#7825=FACE_BOUND('',#7119,.T.);
#7826=FACE_BOUND('',#7120,.T.);
#7827=FACE_BOUND('',#7121,.T.);
#7828=FACE_BOUND('',#7122,.T.);
#7829=FACE_BOUND('',#7123,.T.);
#7830=FACE_BOUND('',#7124,.T.);
#7831=FACE_BOUND('',#7125,.T.);
#7832=FACE_BOUND('',#7126,.T.);
#7833=FACE_BOUND('',#7127,.T.);
#7834=FACE_BOUND('',#7128,.T.);
#7835=FACE_BOUND('',#7129,.T.);
#7836=FACE_BOUND('',#7130,.T.);
#7837=FACE_BOUND('',#7131,.T.);
#7838=FACE_BOUND('',#7132,.T.);
#7839=FACE_BOUND('',#7133,.T.);
#7840=FACE_BOUND('',#7134,.T.);
#7841=FACE_BOUND('',#7135,.T.);
#7842=FACE_BOUND('',#7136,.T.);
#7843=FACE_BOUND('',#7137,.T.);
#7844=FACE_BOUND('',#7138,.T.);
#7845=FACE_BOUND('',#7139,.T.);
#7846=FACE_BOUND('',#7140,.T.);
#7847=FACE_BOUND('',#7141,.T.);
#7848=FACE_BOUND('',#7142,.T.);
#7849=FACE_BOUND('',#7143,.T.);
#7850=FACE_BOUND('',#7144,.T.);
#7851=FACE_BOUND('',#7145,.T.);
#7852=FACE_BOUND('',#7146,.T.);
#7853=FACE_BOUND('',#7147,.T.);
#7854=FACE_BOUND('',#7148,.T.);
#7855=FACE_BOUND('',#7149,.T.);
#7856=FACE_BOUND('',#7150,.T.);
#7857=FACE_BOUND('',#7151,.T.);
#7858=FACE_BOUND('',#7152,.T.);
#7859=FACE_BOUND('',#7153,.T.);
#7860=FACE_BOUND('',#7154,.T.);
#7861=FACE_BOUND('',#7155,.T.);
#7862=FACE_BOUND('',#7156,.T.);
#7863=FACE_BOUND('',#7157,.T.);
#7864=FACE_BOUND('',#7158,.T.);
#7865=FACE_BOUND('',#7159,.T.);
#7866=FACE_BOUND('',#7160,.T.);
#7867=FACE_BOUND('',#7161,.T.);
#7868=FACE_BOUND('',#7162,.T.);
#7869=FACE_BOUND('',#7163,.T.);
#7870=FACE_BOUND('',#7164,.T.);
#7871=FACE_BOUND('',#7165,.T.);
#7872=FACE_BOUND('',#7166,.T.);
#7873=FACE_BOUND('',#7167,.T.);
#7874=FACE_BOUND('',#7168,.T.);
#7875=FACE_BOUND('',#7169,.T.);
#7876=FACE_BOUND('',#7170,.T.);
#7877=FACE_BOUND('',#7171,.T.);
#7878=FACE_BOUND('',#7172,.T.);
#7879=FACE_BOUND('',#7173,.T.);
#7880=FACE_BOUND('',#7174,.T.);
#7881=FACE_BOUND('',#7175,.T.);
#7882=FACE_BOUND('',#7176,.T.);
#7883=FACE_BOUND('',#7177,.T.);
#7884=FACE_BOUND('',#7178,.T.);
#7885=FACE_BOUND('',#7179,.T.);
#7886=FACE_BOUND('',#7180,.T.);
#7887=FACE_BOUND('',#7181,.T.);
#7888=FACE_BOUND('',#7182,.T.);
#7889=FACE_BOUND('',#7183,.T.);
#7890=FACE_BOUND('',#7184,.T.);
#7891=FACE_BOUND('',#7185,.T.);
#7892=FACE_BOUND('',#7186,.T.);
#7893=FACE_BOUND('',#7187,.T.);
#7894=FACE_BOUND('',#7188,.T.);
#7895=FACE_BOUND('',#7189,.T.);
#7896=FACE_BOUND('',#7190,.T.);
#7897=FACE_BOUND('',#7191,.T.);
#7898=FACE_BOUND('',#7192,.T.);
#7899=FACE_BOUND('',#7193,.T.);
#7900=FACE_BOUND('',#7194,.T.);
#7901=FACE_BOUND('',#7195,.T.);
#7902=FACE_BOUND('',#7196,.T.);
#7903=FACE_BOUND('',#7197,.T.);
#7904=FACE_BOUND('',#7198,.T.);
#7905=FACE_BOUND('',#7199,.T.);
#7906=FACE_BOUND('',#7200,.T.);
#7907=FACE_BOUND('',#7201,.T.);
#7908=FACE_BOUND('',#7202,.T.);
#7909=FACE_BOUND('',#7203,.T.);
#7910=FACE_BOUND('',#7204,.T.);
#7911=FACE_BOUND('',#7205,.T.);
#7912=FACE_BOUND('',#7206,.T.);
#7913=FACE_BOUND('',#7207,.T.);
#7914=FACE_BOUND('',#7208,.T.);
#7915=FACE_BOUND('',#7209,.T.);
#7916=FACE_BOUND('',#7210,.T.);
#7917=FACE_BOUND('',#7211,.T.);
#7918=FACE_BOUND('',#7212,.T.);
#7919=FACE_BOUND('',#7213,.T.);
#7920=FACE_BOUND('',#7214,.T.);
#7921=FACE_BOUND('',#7215,.T.);
#7922=FACE_BOUND('',#7216,.T.);
#7923=FACE_BOUND('',#7217,.T.);
#7924=FACE_BOUND('',#7218,.T.);
#7925=FACE_BOUND('',#7219,.T.);
#7926=FACE_BOUND('',#7220,.T.);
#7927=FACE_BOUND('',#7221,.T.);
#7928=FACE_BOUND('',#7222,.T.);
#7929=FACE_BOUND('',#7223,.T.);
#7930=FACE_BOUND('',#7224,.T.);
#7931=FACE_BOUND('',#7225,.T.);
#7932=FACE_BOUND('',#7226,.T.);
#7933=FACE_BOUND('',#7227,.T.);
#7934=FACE_BOUND('',#7228,.T.);
#7935=FACE_BOUND('',#7229,.T.);
#7936=FACE_BOUND('',#7230,.T.);
#7937=FACE_BOUND('',#7231,.T.);
#7938=FACE_BOUND('',#7232,.T.);
#7939=FACE_BOUND('',#7233,.T.);
#7940=FACE_BOUND('',#7234,.T.);
#7941=FACE_BOUND('',#7235,.T.);
#7942=FACE_BOUND('',#7236,.T.);
#7943=FACE_BOUND('',#7237,.T.);
#7944=FACE_BOUND('',#7238,.T.);
#7945=FACE_BOUND('',#7239,.T.);
#7946=FACE_BOUND('',#7240,.T.);
#7947=FACE_BOUND('',#7241,.T.);
#7948=FACE_BOUND('',#7242,.T.);
#7949=FACE_BOUND('',#7243,.T.);
#7950=FACE_BOUND('',#7244,.T.);
#7951=FACE_BOUND('',#7245,.T.);
#7952=FACE_BOUND('',#7246,.T.);
#7953=FACE_BOUND('',#7247,.T.);
#7954=FACE_BOUND('',#7248,.T.);
#7955=FACE_BOUND('',#7249,.T.);
#7956=FACE_BOUND('',#7250,.T.);
#7957=FACE_BOUND('',#7251,.T.);
#7958=FACE_BOUND('',#7252,.T.);
#7959=FACE_BOUND('',#7253,.T.);
#7960=FACE_BOUND('',#7254,.T.);
#7961=FACE_BOUND('',#7255,.T.);
#7962=FACE_BOUND('',#7256,.T.);
#7963=FACE_BOUND('',#7257,.T.);
#7964=FACE_BOUND('',#7258,.T.);
#7965=FACE_BOUND('',#7259,.T.);
#7966=FACE_BOUND('',#7260,.T.);
#7967=FACE_BOUND('',#7261,.T.);
#7968=FACE_BOUND('',#7262,.T.);
#7969=FACE_BOUND('',#7263,.T.);
#7970=FACE_BOUND('',#7264,.T.);
#7971=FACE_BOUND('',#7265,.T.);
#7972=FACE_BOUND('',#7266,.T.);
#7973=FACE_BOUND('',#7267,.T.);
#7974=FACE_BOUND('',#7268,.T.);
#7975=FACE_BOUND('',#7269,.T.);
#7976=FACE_BOUND('',#7270,.T.);
#7977=FACE_BOUND('',#7271,.T.);
#7978=FACE_BOUND('',#7272,.T.);
#7979=FACE_BOUND('',#7273,.T.);
#7980=FACE_BOUND('',#7274,.T.);
#7981=FACE_BOUND('',#7275,.T.);
#7982=FACE_BOUND('',#7276,.T.);
#7983=FACE_BOUND('',#7277,.T.);
#7984=FACE_BOUND('',#7278,.T.);
#7985=FACE_BOUND('',#7279,.T.);
#7986=FACE_BOUND('',#7280,.T.);
#7987=FACE_BOUND('',#7281,.T.);
#7988=FACE_BOUND('',#7282,.T.);
#7989=FACE_BOUND('',#7283,.T.);
#7990=FACE_BOUND('',#7284,.T.);
#7991=FACE_BOUND('',#7285,.T.);
#7992=FACE_BOUND('',#7286,.T.);
#7993=FACE_BOUND('',#7287,.T.);
#7994=FACE_BOUND('',#7288,.T.);
#7995=FACE_BOUND('',#7289,.T.);
#7996=FACE_BOUND('',#7290,.T.);
#7997=FACE_BOUND('',#7291,.T.);
#7998=FACE_BOUND('',#7292,.T.);
#7999=FACE_BOUND('',#7293,.T.);
#8000=FACE_BOUND('',#7294,.T.);
#8001=FACE_BOUND('',#7295,.T.);
#8002=FACE_BOUND('',#7296,.T.);
#8003=FACE_BOUND('',#7297,.T.);
#8004=FACE_BOUND('',#7298,.T.);
#8005=FACE_BOUND('',#7299,.T.);
#8006=FACE_BOUND('',#7300,.T.);
#8007=FACE_BOUND('',#7301,.T.);
#8008=FACE_BOUND('',#7302,.T.);
#8009=FACE_BOUND('',#7303,.T.);
#8010=FACE_BOUND('',#7304,.T.);
#8011=FACE_BOUND('',#7305,.T.);
#8012=FACE_BOUND('',#7306,.T.);
#8013=FACE_BOUND('',#7307,.T.);
#8014=FACE_BOUND('',#7308,.T.);
#8015=FACE_BOUND('',#7309,.T.);
#8016=FACE_BOUND('',#7310,.T.);
#8017=FACE_BOUND('',#7311,.T.);
#8018=FACE_BOUND('',#7312,.T.);
#8019=FACE_BOUND('',#7313,.T.);
#8020=FACE_BOUND('',#7314,.T.);
#8021=FACE_BOUND('',#7315,.T.);
#8022=FACE_BOUND('',#7316,.T.);
#8023=FACE_BOUND('',#7317,.T.);
#8024=FACE_BOUND('',#7318,.T.);
#8025=FACE_BOUND('',#7319,.T.);
#8026=FACE_BOUND('',#7320,.T.);
#8027=FACE_BOUND('',#7321,.T.);
#8028=FACE_BOUND('',#7322,.T.);
#8029=FACE_BOUND('',#7323,.T.);
#8030=FACE_BOUND('',#7324,.T.);
#8031=FACE_BOUND('',#7325,.T.);
#8032=FACE_BOUND('',#7326,.T.);
#8033=FACE_BOUND('',#7327,.T.);
#8034=FACE_BOUND('',#7328,.T.);
#8035=FACE_BOUND('',#7329,.T.);
#8036=FACE_BOUND('',#7330,.T.);
#8037=FACE_BOUND('',#7331,.T.);
#8038=FACE_BOUND('',#7332,.T.);
#8039=FACE_BOUND('',#7333,.T.);
#8040=FACE_BOUND('',#7334,.T.);
#8041=FACE_BOUND('',#7335,.T.);
#8042=FACE_BOUND('',#7336,.T.);
#8043=FACE_BOUND('',#7337,.T.);
#8044=FACE_BOUND('',#7338,.T.);
#8045=FACE_BOUND('',#7339,.T.);
#8046=FACE_BOUND('',#7340,.T.);
#8047=FACE_BOUND('',#7341,.T.);
#8048=FACE_BOUND('',#7342,.T.);
#8049=FACE_BOUND('',#7343,.T.);
#8050=FACE_BOUND('',#7344,.T.);
#8051=FACE_BOUND('',#7345,.T.);
#8052=FACE_BOUND('',#7346,.T.);
#8053=FACE_BOUND('',#7347,.T.);
#8054=FACE_BOUND('',#7348,.T.);
#8055=FACE_BOUND('',#7349,.T.);
#8056=FACE_BOUND('',#7350,.T.);
#8057=FACE_BOUND('',#7351,.T.);
#8058=FACE_BOUND('',#7352,.T.);
#8059=FACE_BOUND('',#7353,.T.);
#8060=FACE_BOUND('',#7354,.T.);
#8061=FACE_BOUND('',#7355,.T.);
#8062=FACE_BOUND('',#7356,.T.);
#8063=FACE_BOUND('',#7357,.T.);
#8064=FACE_BOUND('',#7358,.T.);
#8065=FACE_BOUND('',#7359,.T.);
#8066=FACE_BOUND('',#7360,.T.);
#8067=FACE_BOUND('',#7361,.T.);
#8068=FACE_BOUND('',#7362,.T.);
#8069=FACE_BOUND('',#7363,.T.);
#8070=FACE_BOUND('',#7364,.T.);
#8071=FACE_BOUND('',#7365,.T.);
#8072=FACE_BOUND('',#7366,.T.);
#8073=FACE_BOUND('',#7367,.T.);
#8074=FACE_BOUND('',#7368,.T.);
#8075=FACE_BOUND('',#7369,.T.);
#8076=FACE_BOUND('',#7370,.T.);
#8077=FACE_BOUND('',#7371,.T.);
#8078=FACE_BOUND('',#12,.T.);
#8079=FACE_BOUND('',#7372,.T.);
#8080=FACE_BOUND('',#7373,.T.);
#8081=FACE_BOUND('',#7374,.T.);
#8082=FACE_BOUND('',#13,.T.);
#8083=FACE_BOUND('',#7375,.T.);
#8084=FACE_BOUND('',#7376,.T.);
#8085=FACE_BOUND('',#7377,.T.);
#8086=FACE_BOUND('',#14,.T.);
#8087=FACE_BOUND('',#7378,.T.);
#8088=FACE_BOUND('',#7379,.T.);
#8089=FACE_BOUND('',#7380,.T.);
#8090=FACE_BOUND('',#15,.T.);
#8091=FACE_BOUND('',#7381,.T.);
#8092=FACE_BOUND('',#7382,.T.);
#8093=FACE_BOUND('',#7383,.T.);
#8094=FACE_BOUND('',#7384,.T.);
#8095=FACE_BOUND('',#7385,.T.);
#8096=FACE_BOUND('',#7386,.T.);
#8097=FACE_BOUND('',#7387,.T.);
#8098=FACE_BOUND('',#7388,.T.);
#8099=FACE_BOUND('',#7389,.T.);
#8100=FACE_BOUND('',#7390,.T.);
#8101=FACE_BOUND('',#7391,.T.);
#8102=FACE_BOUND('',#7392,.T.);
#8103=FACE_BOUND('',#7393,.T.);
#8104=FACE_BOUND('',#7394,.T.);
#8105=FACE_BOUND('',#7395,.T.);
#8106=PLANE('',#8781);
#8107=PLANE('',#8886);
#8108=PLANE('',#8887);
#8109=PLANE('',#8888);
#8110=PLANE('',#8889);
#8111=PLANE('',#8890);
#8112=PLANE('',#8895);
#8113=PLANE('',#8912);
#8114=PLANE('',#8929);
#8115=PLANE('',#8946);
#8116=PLANE('',#8963);
#8117=PLANE('',#8980);
#8118=PLANE('',#8997);
#8119=PLANE('',#9574);
#8120=PLANE('',#9576);
#8121=PLANE('',#9578);
#8122=PLANE('',#9580);
#8123=PLANE('',#9582);
#8124=PLANE('',#9584);
#8125=PLANE('',#9586);
#8126=PLANE('',#9602);
#8127=PLANE('',#9603);
#8128=PLANE('',#9604);
#8129=PLANE('',#9605);
#8130=PLANE('',#9606);
#8131=PLANE('',#9607);
#8132=PLANE('',#9624);
#8133=PLANE('',#9641);
#8134=PLANE('',#9658);
#8135=PLANE('',#9675);
#8136=PLANE('',#9692);
#8137=PLANE('',#9709);
#8138=PLANE('',#10286);
#8139=PLANE('',#10288);
#8140=PLANE('',#10290);
#8141=PLANE('',#10292);
#8142=PLANE('',#10294);
#8143=PLANE('',#10296);
#8144=PLANE('',#10298);
#8145=PLANE('',#10314);
#8146=PLANE('',#10315);
#8147=PLANE('',#10316);
#8148=PLANE('',#10317);
#8149=PLANE('',#10318);
#8150=PLANE('',#10319);
#8151=PLANE('',#10320);
#8152=PLANE('',#10321);
#8153=PLANE('',#10322);
#8154=PLANE('',#10323);
#8155=PLANE('',#10324);
#8156=PLANE('',#10325);
#8157=PLANE('',#10326);
#8158=PLANE('',#10327);
#8159=PLANE('',#10328);
#8160=PLANE('',#10329);
#8161=PLANE('',#10330);
#8162=PLANE('',#10331);
#8163=PLANE('',#10332);
#8164=PLANE('',#10333);
#8165=PLANE('',#10334);
#8166=PLANE('',#10335);
#8167=PLANE('',#10336);
#8168=PLANE('',#10337);
#8169=PLANE('',#10338);
#8170=PLANE('',#10339);
#8171=PLANE('',#10340);
#8172=PLANE('',#10341);
#8173=PLANE('',#10342);
#8174=PLANE('',#10343);
#8175=PLANE('',#10344);
#8176=PLANE('',#10345);
#8177=PLANE('',#10346);
#8178=PLANE('',#10347);
#8179=PLANE('',#10348);
#8180=PLANE('',#10349);
#8181=PLANE('',#10350);
#8182=ADVANCED_FACE('',(#7396,#7397,#7398,#7399,#7400),#8106,.T.);
#8183=ADVANCED_FACE('',(#7401,#7402),#248,.F.);
#8184=ADVANCED_FACE('',(#7403,#7404),#249,.F.);
#8185=ADVANCED_FACE('',(#7405,#7406),#250,.F.);
#8186=ADVANCED_FACE('',(#7407,#7408),#251,.F.);
#8187=ADVANCED_FACE('',(#7409,#7410),#252,.F.);
#8188=ADVANCED_FACE('',(#7411,#7412),#253,.F.);
#8189=ADVANCED_FACE('',(#7413,#7414),#254,.F.);
#8190=ADVANCED_FACE('',(#7415,#7416),#255,.F.);
#8191=ADVANCED_FACE('',(#7417,#7418),#256,.F.);
#8192=ADVANCED_FACE('',(#7419,#7420),#257,.F.);
#8193=ADVANCED_FACE('',(#7421,#7422),#258,.F.);
#8194=ADVANCED_FACE('',(#7423,#7424),#259,.F.);
#8195=ADVANCED_FACE('',(#7425,#7426),#260,.F.);
#8196=ADVANCED_FACE('',(#7427,#7428),#261,.F.);
#8197=ADVANCED_FACE('',(#7429,#7430),#262,.F.);
#8198=ADVANCED_FACE('',(#7431,#7432),#263,.F.);
#8199=ADVANCED_FACE('',(#7433,#7434),#264,.F.);
#8200=ADVANCED_FACE('',(#7435,#7436),#265,.F.);
#8201=ADVANCED_FACE('',(#7437,#7438),#266,.F.);
#8202=ADVANCED_FACE('',(#7439,#7440),#267,.F.);
#8203=ADVANCED_FACE('',(#7441,#7442),#268,.F.);
#8204=ADVANCED_FACE('',(#7443,#7444),#269,.F.);
#8205=ADVANCED_FACE('',(#7445,#7446),#270,.F.);
#8206=ADVANCED_FACE('',(#7447,#7448),#271,.F.);
#8207=ADVANCED_FACE('',(#7449,#7450),#272,.F.);
#8208=ADVANCED_FACE('',(#7451,#7452),#273,.F.);
#8209=ADVANCED_FACE('',(#7453,#7454),#274,.F.);
#8210=ADVANCED_FACE('',(#7455,#7456),#275,.F.);
#8211=ADVANCED_FACE('',(#7457,#7458),#276,.F.);
#8212=ADVANCED_FACE('',(#7459,#7460),#277,.F.);
#8213=ADVANCED_FACE('',(#7461,#7462),#278,.F.);
#8214=ADVANCED_FACE('',(#7463,#7464),#279,.F.);
#8215=ADVANCED_FACE('',(#7465),#8107,.T.);
#8216=ADVANCED_FACE('',(#7466),#8108,.F.);
#8217=ADVANCED_FACE('',(#7467),#8109,.F.);
#8218=ADVANCED_FACE('',(#7468),#8110,.T.);
#8219=ADVANCED_FACE('',(#7469,#7470,#7471),#8111,.F.);
#8220=ADVANCED_FACE('',(#7472),#8112,.T.);
#8221=ADVANCED_FACE('',(#7473),#8113,.T.);
#8222=ADVANCED_FACE('',(#7474),#8114,.T.);
#8223=ADVANCED_FACE('',(#7475),#8115,.T.);
#8224=ADVANCED_FACE('',(#7476),#8116,.T.);
#8225=ADVANCED_FACE('',(#7477),#8117,.T.);
#8226=ADVANCED_FACE('',(#7478),#8118,.T.);
#8227=ADVANCED_FACE('',(#7479),#280,.F.);
#8228=ADVANCED_FACE('',(#7480),#281,.F.);
#8229=ADVANCED_FACE('',(#7481),#282,.T.);
#8230=ADVANCED_FACE('',(#7482),#283,.F.);
#8231=ADVANCED_FACE('',(#7483),#284,.F.);
#8232=ADVANCED_FACE('',(#7484),#285,.F.);
#8233=ADVANCED_FACE('',(#7485),#286,.T.);
#8234=ADVANCED_FACE('',(#7486),#287,.F.);
#8235=ADVANCED_FACE('',(#7487),#288,.F.);
#8236=ADVANCED_FACE('',(#7488),#289,.F.);
#8237=ADVANCED_FACE('',(#7489),#290,.T.);
#8238=ADVANCED_FACE('',(#7490),#291,.F.);
#8239=ADVANCED_FACE('',(#7491),#292,.F.);
#8240=ADVANCED_FACE('',(#7492),#293,.F.);
#8241=ADVANCED_FACE('',(#7493),#294,.T.);
#8242=ADVANCED_FACE('',(#7494),#295,.F.);
#8243=ADVANCED_FACE('',(#7495),#296,.F.);
#8244=ADVANCED_FACE('',(#7496),#297,.F.);
#8245=ADVANCED_FACE('',(#7497),#298,.T.);
#8246=ADVANCED_FACE('',(#7498),#299,.F.);
#8247=ADVANCED_FACE('',(#7499),#300,.F.);
#8248=ADVANCED_FACE('',(#7500),#301,.F.);
#8249=ADVANCED_FACE('',(#7501),#302,.T.);
#8250=ADVANCED_FACE('',(#7502),#303,.F.);
#8251=ADVANCED_FACE('',(#7503),#304,.F.);
#8252=ADVANCED_FACE('',(#7504),#305,.F.);
#8253=ADVANCED_FACE('',(#7505),#306,.T.);
#8254=ADVANCED_FACE('',(#7506),#307,.F.);
#8255=ADVANCED_FACE('',(#7507),#308,.F.);
#8256=ADVANCED_FACE('',(#7508),#309,.F.);
#8257=ADVANCED_FACE('',(#7509),#310,.T.);
#8258=ADVANCED_FACE('',(#7510),#311,.F.);
#8259=ADVANCED_FACE('',(#7511),#312,.F.);
#8260=ADVANCED_FACE('',(#7512),#313,.F.);
#8261=ADVANCED_FACE('',(#7513),#314,.T.);
#8262=ADVANCED_FACE('',(#7514),#315,.F.);
#8263=ADVANCED_FACE('',(#7515),#316,.F.);
#8264=ADVANCED_FACE('',(#7516),#317,.F.);
#8265=ADVANCED_FACE('',(#7517),#318,.T.);
#8266=ADVANCED_FACE('',(#7518),#319,.F.);
#8267=ADVANCED_FACE('',(#7519),#320,.F.);
#8268=ADVANCED_FACE('',(#7520),#321,.F.);
#8269=ADVANCED_FACE('',(#7521),#322,.T.);
#8270=ADVANCED_FACE('',(#7522),#323,.F.);
#8271=ADVANCED_FACE('',(#7523),#324,.F.);
#8272=ADVANCED_FACE('',(#7524),#325,.F.);
#8273=ADVANCED_FACE('',(#7525),#326,.T.);
#8274=ADVANCED_FACE('',(#7526),#327,.F.);
#8275=ADVANCED_FACE('',(#7527),#328,.F.);
#8276=ADVANCED_FACE('',(#7528),#329,.F.);
#8277=ADVANCED_FACE('',(#7529),#330,.T.);
#8278=ADVANCED_FACE('',(#7530),#331,.F.);
#8279=ADVANCED_FACE('',(#7531),#332,.F.);
#8280=ADVANCED_FACE('',(#7532),#333,.F.);
#8281=ADVANCED_FACE('',(#7533),#334,.T.);
#8282=ADVANCED_FACE('',(#7534),#335,.F.);
#8283=ADVANCED_FACE('',(#7535),#336,.F.);
#8284=ADVANCED_FACE('',(#7536),#337,.F.);
#8285=ADVANCED_FACE('',(#7537),#338,.T.);
#8286=ADVANCED_FACE('',(#7538),#339,.F.);
#8287=ADVANCED_FACE('',(#7539),#340,.F.);
#8288=ADVANCED_FACE('',(#7540),#341,.F.);
#8289=ADVANCED_FACE('',(#7541),#342,.T.);
#8290=ADVANCED_FACE('',(#7542),#343,.F.);
#8291=ADVANCED_FACE('',(#7543),#344,.F.);
#8292=ADVANCED_FACE('',(#7544),#345,.F.);
#8293=ADVANCED_FACE('',(#7545),#346,.T.);
#8294=ADVANCED_FACE('',(#7546),#347,.F.);
#8295=ADVANCED_FACE('',(#7547),#348,.F.);
#8296=ADVANCED_FACE('',(#7548),#349,.F.);
#8297=ADVANCED_FACE('',(#7549),#350,.T.);
#8298=ADVANCED_FACE('',(#7550),#351,.F.);
#8299=ADVANCED_FACE('',(#7551),#352,.F.);
#8300=ADVANCED_FACE('',(#7552),#353,.F.);
#8301=ADVANCED_FACE('',(#7553),#354,.T.);
#8302=ADVANCED_FACE('',(#7554),#355,.F.);
#8303=ADVANCED_FACE('',(#7555),#356,.F.);
#8304=ADVANCED_FACE('',(#7556),#357,.F.);
#8305=ADVANCED_FACE('',(#7557),#358,.T.);
#8306=ADVANCED_FACE('',(#7558),#359,.F.);
#8307=ADVANCED_FACE('',(#7559),#360,.F.);
#8308=ADVANCED_FACE('',(#7560),#361,.F.);
#8309=ADVANCED_FACE('',(#7561),#362,.T.);
#8310=ADVANCED_FACE('',(#7562),#363,.F.);
#8311=ADVANCED_FACE('',(#7563),#364,.F.);
#8312=ADVANCED_FACE('',(#7564),#365,.F.);
#8313=ADVANCED_FACE('',(#7565),#366,.T.);
#8314=ADVANCED_FACE('',(#7566),#367,.F.);
#8315=ADVANCED_FACE('',(#7567),#368,.F.);
#8316=ADVANCED_FACE('',(#7568),#369,.F.);
#8317=ADVANCED_FACE('',(#7569),#370,.T.);
#8318=ADVANCED_FACE('',(#7570),#371,.F.);
#8319=ADVANCED_FACE('',(#7571),#372,.F.);
#8320=ADVANCED_FACE('',(#7572),#373,.F.);
#8321=ADVANCED_FACE('',(#7573),#374,.T.);
#8322=ADVANCED_FACE('',(#7574),#375,.F.);
#8323=ADVANCED_FACE('',(#7575),#376,.F.);
#8324=ADVANCED_FACE('',(#7576),#377,.F.);
#8325=ADVANCED_FACE('',(#7577),#378,.T.);
#8326=ADVANCED_FACE('',(#7578),#379,.F.);
#8327=ADVANCED_FACE('',(#7579),#380,.F.);
#8328=ADVANCED_FACE('',(#7580),#381,.F.);
#8329=ADVANCED_FACE('',(#7581),#382,.T.);
#8330=ADVANCED_FACE('',(#7582),#383,.F.);
#8331=ADVANCED_FACE('',(#7583),#384,.F.);
#8332=ADVANCED_FACE('',(#7584),#385,.F.);
#8333=ADVANCED_FACE('',(#7585),#386,.T.);
#8334=ADVANCED_FACE('',(#7586),#387,.F.);
#8335=ADVANCED_FACE('',(#7587),#388,.F.);
#8336=ADVANCED_FACE('',(#7588),#389,.F.);
#8337=ADVANCED_FACE('',(#7589),#390,.T.);
#8338=ADVANCED_FACE('',(#7590),#391,.F.);
#8339=ADVANCED_FACE('',(#7591),#20,.T.);
#8340=ADVANCED_FACE('',(#7592),#21,.T.);
#8341=ADVANCED_FACE('',(#7593),#22,.T.);
#8342=ADVANCED_FACE('',(#7594),#23,.T.);
#8343=ADVANCED_FACE('',(#7595),#24,.T.);
#8344=ADVANCED_FACE('',(#7596),#25,.T.);
#8345=ADVANCED_FACE('',(#7597),#26,.T.);
#8346=ADVANCED_FACE('',(#7598),#27,.T.);
#8347=ADVANCED_FACE('',(#7599),#28,.T.);
#8348=ADVANCED_FACE('',(#7600),#29,.T.);
#8349=ADVANCED_FACE('',(#7601),#30,.T.);
#8350=ADVANCED_FACE('',(#7602),#31,.T.);
#8351=ADVANCED_FACE('',(#7603),#32,.T.);
#8352=ADVANCED_FACE('',(#7604),#33,.T.);
#8353=ADVANCED_FACE('',(#7605),#34,.T.);
#8354=ADVANCED_FACE('',(#7606),#35,.T.);
#8355=ADVANCED_FACE('',(#7607),#36,.T.);
#8356=ADVANCED_FACE('',(#7608),#37,.T.);
#8357=ADVANCED_FACE('',(#7609),#38,.T.);
#8358=ADVANCED_FACE('',(#7610),#39,.T.);
#8359=ADVANCED_FACE('',(#7611),#40,.T.);
#8360=ADVANCED_FACE('',(#7612),#41,.T.);
#8361=ADVANCED_FACE('',(#7613),#42,.T.);
#8362=ADVANCED_FACE('',(#7614),#43,.T.);
#8363=ADVANCED_FACE('',(#7615),#44,.T.);
#8364=ADVANCED_FACE('',(#7616),#45,.T.);
#8365=ADVANCED_FACE('',(#7617),#46,.T.);
#8366=ADVANCED_FACE('',(#7618),#47,.T.);
#8367=ADVANCED_FACE('',(#7619),#48,.T.);
#8368=ADVANCED_FACE('',(#7620),#49,.T.);
#8369=ADVANCED_FACE('',(#7621),#50,.T.);
#8370=ADVANCED_FACE('',(#7622),#51,.T.);
#8371=ADVANCED_FACE('',(#7623),#52,.T.);
#8372=ADVANCED_FACE('',(#7624),#53,.T.);
#8373=ADVANCED_FACE('',(#7625),#54,.T.);
#8374=ADVANCED_FACE('',(#7626),#55,.T.);
#8375=ADVANCED_FACE('',(#7627),#56,.T.);
#8376=ADVANCED_FACE('',(#7628),#57,.T.);
#8377=ADVANCED_FACE('',(#7629),#58,.T.);
#8378=ADVANCED_FACE('',(#7630),#59,.T.);
#8379=ADVANCED_FACE('',(#7631),#60,.T.);
#8380=ADVANCED_FACE('',(#7632),#61,.T.);
#8381=ADVANCED_FACE('',(#7633),#62,.T.);
#8382=ADVANCED_FACE('',(#7634),#63,.T.);
#8383=ADVANCED_FACE('',(#7635),#64,.T.);
#8384=ADVANCED_FACE('',(#7636),#65,.T.);
#8385=ADVANCED_FACE('',(#7637),#66,.T.);
#8386=ADVANCED_FACE('',(#7638),#67,.T.);
#8387=ADVANCED_FACE('',(#7639),#68,.T.);
#8388=ADVANCED_FACE('',(#7640),#69,.T.);
#8389=ADVANCED_FACE('',(#7641),#70,.T.);
#8390=ADVANCED_FACE('',(#7642),#71,.T.);
#8391=ADVANCED_FACE('',(#7643),#72,.T.);
#8392=ADVANCED_FACE('',(#7644),#73,.T.);
#8393=ADVANCED_FACE('',(#7645),#74,.T.);
#8394=ADVANCED_FACE('',(#7646),#75,.T.);
#8395=ADVANCED_FACE('',(#7647),#76,.T.);
#8396=ADVANCED_FACE('',(#7648),#77,.T.);
#8397=ADVANCED_FACE('',(#7649),#78,.T.);
#8398=ADVANCED_FACE('',(#7650),#79,.T.);
#8399=ADVANCED_FACE('',(#7651),#80,.T.);
#8400=ADVANCED_FACE('',(#7652),#81,.T.);
#8401=ADVANCED_FACE('',(#7653),#82,.T.);
#8402=ADVANCED_FACE('',(#7654),#83,.T.);
#8403=ADVANCED_FACE('',(#7655),#84,.T.);
#8404=ADVANCED_FACE('',(#7656),#85,.T.);
#8405=ADVANCED_FACE('',(#7657),#86,.T.);
#8406=ADVANCED_FACE('',(#7658),#87,.T.);
#8407=ADVANCED_FACE('',(#7659),#88,.T.);
#8408=ADVANCED_FACE('',(#7660),#89,.T.);
#8409=ADVANCED_FACE('',(#7661),#90,.T.);
#8410=ADVANCED_FACE('',(#7662),#91,.T.);
#8411=ADVANCED_FACE('',(#7663),#92,.T.);
#8412=ADVANCED_FACE('',(#7664),#93,.T.);
#8413=ADVANCED_FACE('',(#7665),#94,.T.);
#8414=ADVANCED_FACE('',(#7666),#95,.T.);
#8415=ADVANCED_FACE('',(#7667),#96,.T.);
#8416=ADVANCED_FACE('',(#7668),#97,.T.);
#8417=ADVANCED_FACE('',(#7669),#98,.T.);
#8418=ADVANCED_FACE('',(#7670),#99,.T.);
#8419=ADVANCED_FACE('',(#7671),#100,.T.);
#8420=ADVANCED_FACE('',(#7672),#101,.T.);
#8421=ADVANCED_FACE('',(#7673),#102,.T.);
#8422=ADVANCED_FACE('',(#7674),#103,.T.);
#8423=ADVANCED_FACE('',(#7675),#104,.T.);
#8424=ADVANCED_FACE('',(#7676),#105,.T.);
#8425=ADVANCED_FACE('',(#7677),#106,.T.);
#8426=ADVANCED_FACE('',(#7678),#107,.T.);
#8427=ADVANCED_FACE('',(#7679),#108,.T.);
#8428=ADVANCED_FACE('',(#7680),#109,.T.);
#8429=ADVANCED_FACE('',(#7681),#110,.T.);
#8430=ADVANCED_FACE('',(#7682),#111,.T.);
#8431=ADVANCED_FACE('',(#7683),#112,.T.);
#8432=ADVANCED_FACE('',(#7684),#113,.T.);
#8433=ADVANCED_FACE('',(#7685),#114,.T.);
#8434=ADVANCED_FACE('',(#7686),#115,.T.);
#8435=ADVANCED_FACE('',(#7687),#116,.T.);
#8436=ADVANCED_FACE('',(#7688),#117,.T.);
#8437=ADVANCED_FACE('',(#7689),#118,.T.);
#8438=ADVANCED_FACE('',(#7690),#119,.T.);
#8439=ADVANCED_FACE('',(#7691),#120,.T.);
#8440=ADVANCED_FACE('',(#7692),#121,.T.);
#8441=ADVANCED_FACE('',(#7693),#122,.T.);
#8442=ADVANCED_FACE('',(#7694),#123,.T.);
#8443=ADVANCED_FACE('',(#7695),#124,.T.);
#8444=ADVANCED_FACE('',(#7696),#125,.T.);
#8445=ADVANCED_FACE('',(#7697),#126,.T.);
#8446=ADVANCED_FACE('',(#7698),#127,.T.);
#8447=ADVANCED_FACE('',(#7699),#128,.T.);
#8448=ADVANCED_FACE('',(#7700),#129,.T.);
#8449=ADVANCED_FACE('',(#7701),#130,.T.);
#8450=ADVANCED_FACE('',(#7702),#131,.T.);
#8451=ADVANCED_FACE('',(#7703,#7704),#8119,.T.);
#8452=ADVANCED_FACE('',(#7705,#7706),#8120,.T.);
#8453=ADVANCED_FACE('',(#7707,#7708),#8121,.T.);
#8454=ADVANCED_FACE('',(#7709,#7710),#8122,.T.);
#8455=ADVANCED_FACE('',(#7711,#7712),#8123,.T.);
#8456=ADVANCED_FACE('',(#7713,#7714),#8124,.T.);
#8457=ADVANCED_FACE('',(#7715,#7716),#8125,.T.);
#8458=ADVANCED_FACE('',(#7717,#7718),#392,.T.);
#8459=ADVANCED_FACE('',(#7719,#7720),#393,.T.);
#8460=ADVANCED_FACE('',(#7721,#7722),#394,.T.);
#8461=ADVANCED_FACE('',(#7723,#7724),#395,.T.);
#8462=ADVANCED_FACE('',(#7725,#7726),#396,.T.);
#8463=ADVANCED_FACE('',(#7727,#7728),#397,.T.);
#8464=ADVANCED_FACE('',(#7729,#7730),#398,.T.);
#8465=ADVANCED_FACE('',(#7731,#7732,#7733,#7734,#7735,#7736,#7737,#7738,
#7739,#7740,#7741,#7742,#7743,#7744,#7745,#7746,#7747,#7748,#7749,#7750,
#7751,#7752,#7753,#7754),#8126,.T.);
#8466=ADVANCED_FACE('',(#7755),#8127,.T.);
#8467=ADVANCED_FACE('',(#7756),#8128,.T.);
#8468=ADVANCED_FACE('',(#7757),#8129,.T.);
#8469=ADVANCED_FACE('',(#7758),#8130,.T.);
#8470=ADVANCED_FACE('',(#7759),#8131,.T.);
#8471=ADVANCED_FACE('',(#7760),#8132,.T.);
#8472=ADVANCED_FACE('',(#7761),#8133,.T.);
#8473=ADVANCED_FACE('',(#7762),#8134,.T.);
#8474=ADVANCED_FACE('',(#7763),#8135,.T.);
#8475=ADVANCED_FACE('',(#7764),#8136,.T.);
#8476=ADVANCED_FACE('',(#7765),#8137,.T.);
#8477=ADVANCED_FACE('',(#7766),#399,.F.);
#8478=ADVANCED_FACE('',(#7767),#400,.F.);
#8479=ADVANCED_FACE('',(#7768),#401,.T.);
#8480=ADVANCED_FACE('',(#7769),#402,.F.);
#8481=ADVANCED_FACE('',(#7770),#403,.F.);
#8482=ADVANCED_FACE('',(#7771),#404,.F.);
#8483=ADVANCED_FACE('',(#7772),#405,.T.);
#8484=ADVANCED_FACE('',(#7773),#406,.F.);
#8485=ADVANCED_FACE('',(#7774),#407,.F.);
#8486=ADVANCED_FACE('',(#7775),#408,.F.);
#8487=ADVANCED_FACE('',(#7776),#409,.T.);
#8488=ADVANCED_FACE('',(#7777),#410,.F.);
#8489=ADVANCED_FACE('',(#7778),#411,.F.);
#8490=ADVANCED_FACE('',(#7779),#412,.F.);
#8491=ADVANCED_FACE('',(#7780),#413,.T.);
#8492=ADVANCED_FACE('',(#7781),#414,.F.);
#8493=ADVANCED_FACE('',(#7782),#415,.F.);
#8494=ADVANCED_FACE('',(#7783),#416,.F.);
#8495=ADVANCED_FACE('',(#7784),#417,.T.);
#8496=ADVANCED_FACE('',(#7785),#418,.F.);
#8497=ADVANCED_FACE('',(#7786),#419,.F.);
#8498=ADVANCED_FACE('',(#7787),#420,.F.);
#8499=ADVANCED_FACE('',(#7788),#421,.T.);
#8500=ADVANCED_FACE('',(#7789),#422,.F.);
#8501=ADVANCED_FACE('',(#7790),#423,.F.);
#8502=ADVANCED_FACE('',(#7791),#424,.F.);
#8503=ADVANCED_FACE('',(#7792),#425,.T.);
#8504=ADVANCED_FACE('',(#7793),#426,.F.);
#8505=ADVANCED_FACE('',(#7794),#427,.F.);
#8506=ADVANCED_FACE('',(#7795),#428,.F.);
#8507=ADVANCED_FACE('',(#7796),#429,.T.);
#8508=ADVANCED_FACE('',(#7797),#430,.F.);
#8509=ADVANCED_FACE('',(#7798),#431,.F.);
#8510=ADVANCED_FACE('',(#7799),#432,.F.);
#8511=ADVANCED_FACE('',(#7800),#433,.T.);
#8512=ADVANCED_FACE('',(#7801),#434,.F.);
#8513=ADVANCED_FACE('',(#7802),#435,.F.);
#8514=ADVANCED_FACE('',(#7803),#436,.F.);
#8515=ADVANCED_FACE('',(#7804),#437,.T.);
#8516=ADVANCED_FACE('',(#7805),#438,.F.);
#8517=ADVANCED_FACE('',(#7806),#439,.F.);
#8518=ADVANCED_FACE('',(#7807),#440,.F.);
#8519=ADVANCED_FACE('',(#7808),#441,.T.);
#8520=ADVANCED_FACE('',(#7809),#442,.F.);
#8521=ADVANCED_FACE('',(#7810),#443,.F.);
#8522=ADVANCED_FACE('',(#7811),#444,.F.);
#8523=ADVANCED_FACE('',(#7812),#445,.T.);
#8524=ADVANCED_FACE('',(#7813),#446,.F.);
#8525=ADVANCED_FACE('',(#7814),#447,.F.);
#8526=ADVANCED_FACE('',(#7815),#448,.F.);
#8527=ADVANCED_FACE('',(#7816),#449,.T.);
#8528=ADVANCED_FACE('',(#7817),#450,.F.);
#8529=ADVANCED_FACE('',(#7818),#451,.F.);
#8530=ADVANCED_FACE('',(#7819),#452,.F.);
#8531=ADVANCED_FACE('',(#7820),#453,.T.);
#8532=ADVANCED_FACE('',(#7821),#454,.F.);
#8533=ADVANCED_FACE('',(#7822),#455,.F.);
#8534=ADVANCED_FACE('',(#7823),#456,.F.);
#8535=ADVANCED_FACE('',(#7824),#457,.T.);
#8536=ADVANCED_FACE('',(#7825),#458,.F.);
#8537=ADVANCED_FACE('',(#7826),#459,.F.);
#8538=ADVANCED_FACE('',(#7827),#460,.F.);
#8539=ADVANCED_FACE('',(#7828),#461,.T.);
#8540=ADVANCED_FACE('',(#7829),#462,.F.);
#8541=ADVANCED_FACE('',(#7830),#463,.F.);
#8542=ADVANCED_FACE('',(#7831),#464,.F.);
#8543=ADVANCED_FACE('',(#7832),#465,.T.);
#8544=ADVANCED_FACE('',(#7833),#466,.F.);
#8545=ADVANCED_FACE('',(#7834),#467,.F.);
#8546=ADVANCED_FACE('',(#7835),#468,.F.);
#8547=ADVANCED_FACE('',(#7836),#469,.T.);
#8548=ADVANCED_FACE('',(#7837),#470,.F.);
#8549=ADVANCED_FACE('',(#7838),#471,.F.);
#8550=ADVANCED_FACE('',(#7839),#472,.F.);
#8551=ADVANCED_FACE('',(#7840),#473,.T.);
#8552=ADVANCED_FACE('',(#7841),#474,.F.);
#8553=ADVANCED_FACE('',(#7842),#475,.F.);
#8554=ADVANCED_FACE('',(#7843),#476,.F.);
#8555=ADVANCED_FACE('',(#7844),#477,.T.);
#8556=ADVANCED_FACE('',(#7845),#478,.F.);
#8557=ADVANCED_FACE('',(#7846),#479,.F.);
#8558=ADVANCED_FACE('',(#7847),#480,.F.);
#8559=ADVANCED_FACE('',(#7848),#481,.T.);
#8560=ADVANCED_FACE('',(#7849),#482,.F.);
#8561=ADVANCED_FACE('',(#7850),#483,.F.);
#8562=ADVANCED_FACE('',(#7851),#484,.F.);
#8563=ADVANCED_FACE('',(#7852),#485,.T.);
#8564=ADVANCED_FACE('',(#7853),#486,.F.);
#8565=ADVANCED_FACE('',(#7854),#487,.F.);
#8566=ADVANCED_FACE('',(#7855),#488,.F.);
#8567=ADVANCED_FACE('',(#7856),#489,.T.);
#8568=ADVANCED_FACE('',(#7857),#490,.F.);
#8569=ADVANCED_FACE('',(#7858),#491,.F.);
#8570=ADVANCED_FACE('',(#7859),#492,.F.);
#8571=ADVANCED_FACE('',(#7860),#493,.T.);
#8572=ADVANCED_FACE('',(#7861),#494,.F.);
#8573=ADVANCED_FACE('',(#7862),#495,.F.);
#8574=ADVANCED_FACE('',(#7863),#496,.F.);
#8575=ADVANCED_FACE('',(#7864),#497,.T.);
#8576=ADVANCED_FACE('',(#7865),#498,.F.);
#8577=ADVANCED_FACE('',(#7866),#499,.F.);
#8578=ADVANCED_FACE('',(#7867),#500,.F.);
#8579=ADVANCED_FACE('',(#7868),#501,.T.);
#8580=ADVANCED_FACE('',(#7869),#502,.F.);
#8581=ADVANCED_FACE('',(#7870),#503,.F.);
#8582=ADVANCED_FACE('',(#7871),#504,.F.);
#8583=ADVANCED_FACE('',(#7872),#505,.T.);
#8584=ADVANCED_FACE('',(#7873),#506,.F.);
#8585=ADVANCED_FACE('',(#7874),#507,.F.);
#8586=ADVANCED_FACE('',(#7875),#508,.F.);
#8587=ADVANCED_FACE('',(#7876),#509,.T.);
#8588=ADVANCED_FACE('',(#7877),#510,.F.);
#8589=ADVANCED_FACE('',(#7878),#132,.T.);
#8590=ADVANCED_FACE('',(#7879),#133,.T.);
#8591=ADVANCED_FACE('',(#7880),#134,.T.);
#8592=ADVANCED_FACE('',(#7881),#135,.T.);
#8593=ADVANCED_FACE('',(#7882),#136,.T.);
#8594=ADVANCED_FACE('',(#7883),#137,.T.);
#8595=ADVANCED_FACE('',(#7884),#138,.T.);
#8596=ADVANCED_FACE('',(#7885),#139,.T.);
#8597=ADVANCED_FACE('',(#7886),#140,.T.);
#8598=ADVANCED_FACE('',(#7887),#141,.T.);
#8599=ADVANCED_FACE('',(#7888),#142,.T.);
#8600=ADVANCED_FACE('',(#7889),#143,.T.);
#8601=ADVANCED_FACE('',(#7890),#144,.T.);
#8602=ADVANCED_FACE('',(#7891),#145,.T.);
#8603=ADVANCED_FACE('',(#7892),#146,.T.);
#8604=ADVANCED_FACE('',(#7893),#147,.T.);
#8605=ADVANCED_FACE('',(#7894),#148,.T.);
#8606=ADVANCED_FACE('',(#7895),#149,.T.);
#8607=ADVANCED_FACE('',(#7896),#150,.T.);
#8608=ADVANCED_FACE('',(#7897),#151,.T.);
#8609=ADVANCED_FACE('',(#7898),#152,.T.);
#8610=ADVANCED_FACE('',(#7899),#153,.T.);
#8611=ADVANCED_FACE('',(#7900),#154,.T.);
#8612=ADVANCED_FACE('',(#7901),#155,.T.);
#8613=ADVANCED_FACE('',(#7902),#156,.T.);
#8614=ADVANCED_FACE('',(#7903),#157,.T.);
#8615=ADVANCED_FACE('',(#7904),#158,.T.);
#8616=ADVANCED_FACE('',(#7905),#159,.T.);
#8617=ADVANCED_FACE('',(#7906),#160,.T.);
#8618=ADVANCED_FACE('',(#7907),#161,.T.);
#8619=ADVANCED_FACE('',(#7908),#162,.T.);
#8620=ADVANCED_FACE('',(#7909),#163,.T.);
#8621=ADVANCED_FACE('',(#7910),#164,.T.);
#8622=ADVANCED_FACE('',(#7911),#165,.T.);
#8623=ADVANCED_FACE('',(#7912),#166,.T.);
#8624=ADVANCED_FACE('',(#7913),#167,.T.);
#8625=ADVANCED_FACE('',(#7914),#168,.T.);
#8626=ADVANCED_FACE('',(#7915),#169,.T.);
#8627=ADVANCED_FACE('',(#7916),#170,.T.);
#8628=ADVANCED_FACE('',(#7917),#171,.T.);
#8629=ADVANCED_FACE('',(#7918),#172,.T.);
#8630=ADVANCED_FACE('',(#7919),#173,.T.);
#8631=ADVANCED_FACE('',(#7920),#174,.T.);
#8632=ADVANCED_FACE('',(#7921),#175,.T.);
#8633=ADVANCED_FACE('',(#7922),#176,.T.);
#8634=ADVANCED_FACE('',(#7923),#177,.T.);
#8635=ADVANCED_FACE('',(#7924),#178,.T.);
#8636=ADVANCED_FACE('',(#7925),#179,.T.);
#8637=ADVANCED_FACE('',(#7926),#180,.T.);
#8638=ADVANCED_FACE('',(#7927),#181,.T.);
#8639=ADVANCED_FACE('',(#7928),#182,.T.);
#8640=ADVANCED_FACE('',(#7929),#183,.T.);
#8641=ADVANCED_FACE('',(#7930),#184,.T.);
#8642=ADVANCED_FACE('',(#7931),#185,.T.);
#8643=ADVANCED_FACE('',(#7932),#186,.T.);
#8644=ADVANCED_FACE('',(#7933),#187,.T.);
#8645=ADVANCED_FACE('',(#7934),#188,.T.);
#8646=ADVANCED_FACE('',(#7935),#189,.T.);
#8647=ADVANCED_FACE('',(#7936),#190,.T.);
#8648=ADVANCED_FACE('',(#7937),#191,.T.);
#8649=ADVANCED_FACE('',(#7938),#192,.T.);
#8650=ADVANCED_FACE('',(#7939),#193,.T.);
#8651=ADVANCED_FACE('',(#7940),#194,.T.);
#8652=ADVANCED_FACE('',(#7941),#195,.T.);
#8653=ADVANCED_FACE('',(#7942),#196,.T.);
#8654=ADVANCED_FACE('',(#7943),#197,.T.);
#8655=ADVANCED_FACE('',(#7944),#198,.T.);
#8656=ADVANCED_FACE('',(#7945),#199,.T.);
#8657=ADVANCED_FACE('',(#7946),#200,.T.);
#8658=ADVANCED_FACE('',(#7947),#201,.T.);
#8659=ADVANCED_FACE('',(#7948),#202,.T.);
#8660=ADVANCED_FACE('',(#7949),#203,.T.);
#8661=ADVANCED_FACE('',(#7950),#204,.T.);
#8662=ADVANCED_FACE('',(#7951),#205,.T.);
#8663=ADVANCED_FACE('',(#7952),#206,.T.);
#8664=ADVANCED_FACE('',(#7953),#207,.T.);
#8665=ADVANCED_FACE('',(#7954),#208,.T.);
#8666=ADVANCED_FACE('',(#7955),#209,.T.);
#8667=ADVANCED_FACE('',(#7956),#210,.T.);
#8668=ADVANCED_FACE('',(#7957),#211,.T.);
#8669=ADVANCED_FACE('',(#7958),#212,.T.);
#8670=ADVANCED_FACE('',(#7959),#213,.T.);
#8671=ADVANCED_FACE('',(#7960),#214,.T.);
#8672=ADVANCED_FACE('',(#7961),#215,.T.);
#8673=ADVANCED_FACE('',(#7962),#216,.T.);
#8674=ADVANCED_FACE('',(#7963),#217,.T.);
#8675=ADVANCED_FACE('',(#7964),#218,.T.);
#8676=ADVANCED_FACE('',(#7965),#219,.T.);
#8677=ADVANCED_FACE('',(#7966),#220,.T.);
#8678=ADVANCED_FACE('',(#7967),#221,.T.);
#8679=ADVANCED_FACE('',(#7968),#222,.T.);
#8680=ADVANCED_FACE('',(#7969),#223,.T.);
#8681=ADVANCED_FACE('',(#7970),#224,.T.);
#8682=ADVANCED_FACE('',(#7971),#225,.T.);
#8683=ADVANCED_FACE('',(#7972),#226,.T.);
#8684=ADVANCED_FACE('',(#7973),#227,.T.);
#8685=ADVANCED_FACE('',(#7974),#228,.T.);
#8686=ADVANCED_FACE('',(#7975),#229,.T.);
#8687=ADVANCED_FACE('',(#7976),#230,.T.);
#8688=ADVANCED_FACE('',(#7977),#231,.T.);
#8689=ADVANCED_FACE('',(#7978),#232,.T.);
#8690=ADVANCED_FACE('',(#7979),#233,.T.);
#8691=ADVANCED_FACE('',(#7980),#234,.T.);
#8692=ADVANCED_FACE('',(#7981),#235,.T.);
#8693=ADVANCED_FACE('',(#7982),#236,.T.);
#8694=ADVANCED_FACE('',(#7983),#237,.T.);
#8695=ADVANCED_FACE('',(#7984),#238,.T.);
#8696=ADVANCED_FACE('',(#7985),#239,.T.);
#8697=ADVANCED_FACE('',(#7986),#240,.T.);
#8698=ADVANCED_FACE('',(#7987),#241,.T.);
#8699=ADVANCED_FACE('',(#7988),#242,.T.);
#8700=ADVANCED_FACE('',(#7989),#243,.T.);
#8701=ADVANCED_FACE('',(#7990,#7991),#8138,.T.);
#8702=ADVANCED_FACE('',(#7992,#7993),#8139,.T.);
#8703=ADVANCED_FACE('',(#7994,#7995),#8140,.T.);
#8704=ADVANCED_FACE('',(#7996,#7997),#8141,.T.);
#8705=ADVANCED_FACE('',(#7998,#7999),#8142,.T.);
#8706=ADVANCED_FACE('',(#8000,#8001),#8143,.T.);
#8707=ADVANCED_FACE('',(#8002,#8003),#8144,.T.);
#8708=ADVANCED_FACE('',(#8004,#8005),#511,.T.);
#8709=ADVANCED_FACE('',(#8006,#8007),#512,.T.);
#8710=ADVANCED_FACE('',(#8008,#8009),#513,.T.);
#8711=ADVANCED_FACE('',(#8010,#8011),#514,.T.);
#8712=ADVANCED_FACE('',(#8012,#8013),#515,.T.);
#8713=ADVANCED_FACE('',(#8014,#8015),#516,.T.);
#8714=ADVANCED_FACE('',(#8016,#8017),#517,.T.);
#8715=ADVANCED_FACE('',(#8018,#8019,#8020,#8021,#8022,#8023,#8024,#8025,
#8026,#8027,#8028,#8029,#8030,#8031,#8032,#8033,#8034,#8035,#8036,#8037,
#8038,#8039,#8040,#8041),#8145,.T.);
#8716=ADVANCED_FACE('',(#8042),#8146,.T.);
#8717=ADVANCED_FACE('',(#8043),#8147,.T.);
#8718=ADVANCED_FACE('',(#8044),#8148,.T.);
#8719=ADVANCED_FACE('',(#8045),#8149,.T.);
#8720=ADVANCED_FACE('',(#8046),#8150,.F.);
#8721=ADVANCED_FACE('',(#8047),#8151,.F.);
#8722=ADVANCED_FACE('',(#8048),#8152,.F.);
#8723=ADVANCED_FACE('',(#8049),#8153,.F.);
#8724=ADVANCED_FACE('',(#8050),#8154,.F.);
#8725=ADVANCED_FACE('',(#8051),#8155,.F.);
#8726=ADVANCED_FACE('',(#8052),#8156,.F.);
#8727=ADVANCED_FACE('',(#8053),#8157,.F.);
#8728=ADVANCED_FACE('',(#8054),#8158,.F.);
#8729=ADVANCED_FACE('',(#8055),#8159,.F.);
#8730=ADVANCED_FACE('',(#8056),#8160,.F.);
#8731=ADVANCED_FACE('',(#8057),#8161,.F.);
#8732=ADVANCED_FACE('',(#8058),#8162,.F.);
#8733=ADVANCED_FACE('',(#8059),#8163,.F.);
#8734=ADVANCED_FACE('',(#8060),#8164,.F.);
#8735=ADVANCED_FACE('',(#8061),#8165,.F.);
#8736=ADVANCED_FACE('',(#8062),#8166,.F.);
#8737=ADVANCED_FACE('',(#8063),#8167,.F.);
#8738=ADVANCED_FACE('',(#8064),#8168,.F.);
#8739=ADVANCED_FACE('',(#8065),#8169,.F.);
#8740=ADVANCED_FACE('',(#8066),#8170,.F.);
#8741=ADVANCED_FACE('',(#8067),#8171,.F.);
#8742=ADVANCED_FACE('',(#8068),#8172,.F.);
#8743=ADVANCED_FACE('',(#8069),#8173,.F.);
#8744=ADVANCED_FACE('',(#8070),#8174,.F.);
#8745=ADVANCED_FACE('',(#8071),#8175,.F.);
#8746=ADVANCED_FACE('',(#8072),#8176,.F.);
#8747=ADVANCED_FACE('',(#8073),#8177,.F.);
#8748=ADVANCED_FACE('',(#8074),#8178,.F.);
#8749=ADVANCED_FACE('',(#8075),#8179,.F.);
#8750=ADVANCED_FACE('',(#8076),#8180,.F.);
#8751=ADVANCED_FACE('',(#8077),#8181,.F.);
#8752=ADVANCED_FACE('',(#8078,#8079),#16,.F.);
#8753=ADVANCED_FACE('',(#8080,#8081),#518,.F.);
#8754=ADVANCED_FACE('',(#8082,#8083),#17,.F.);
#8755=ADVANCED_FACE('',(#8084,#8085),#519,.F.);
#8756=ADVANCED_FACE('',(#8086,#8087),#18,.F.);
#8757=ADVANCED_FACE('',(#8088,#8089),#520,.F.);
#8758=ADVANCED_FACE('',(#8090,#8091),#19,.F.);
#8759=ADVANCED_FACE('',(#8092,#8093),#521,.F.);
#8760=ADVANCED_FACE('',(#8094),#522,.T.);
#8761=ADVANCED_FACE('',(#8095),#523,.T.);
#8762=ADVANCED_FACE('',(#8096),#524,.T.);
#8763=ADVANCED_FACE('',(#8097),#525,.T.);
#8764=ADVANCED_FACE('',(#8098,#8099),#244,.T.);
#8765=ADVANCED_FACE('',(#8100,#8101),#245,.T.);
#8766=ADVANCED_FACE('',(#8102,#8103),#246,.T.);
#8767=ADVANCED_FACE('',(#8104,#8105),#247,.T.);
#8768=CLOSED_SHELL('',(#8182,#8183,#8184,#8185,#8186,#8187,#8188,#8189,
#8190,#8191,#8192,#8193,#8194,#8195,#8196,#8197,#8198,#8199,#8200,#8201,
#8202,#8203,#8204,#8205,#8206,#8207,#8208,#8209,#8210,#8211,#8212,#8213,
#8214,#8215,#8216,#8217,#8218,#8219,#8220,#8221,#8222,#8223,#8224,#8225,
#8226,#8227,#8228,#8229,#8230,#8231,#8232,#8233,#8234,#8235,#8236,#8237,
#8238,#8239,#8240,#8241,#8242,#8243,#8244,#8245,#8246,#8247,#8248,#8249,
#8250,#8251,#8252,#8253,#8254,#8255,#8256,#8257,#8258,#8259,#8260,#8261,
#8262,#8263,#8264,#8265,#8266,#8267,#8268,#8269,#8270,#8271,#8272,#8273,
#8274,#8275,#8276,#8277,#8278,#8279,#8280,#8281,#8282,#8283,#8284,#8285,
#8286,#8287,#8288,#8289,#8290,#8291,#8292,#8293,#8294,#8295,#8296,#8297,
#8298,#8299,#8300,#8301,#8302,#8303,#8304,#8305,#8306,#8307,#8308,#8309,
#8310,#8311,#8312,#8313,#8314,#8315,#8316,#8317,#8318,#8319,#8320,#8321,
#8322,#8323,#8324,#8325,#8326,#8327,#8328,#8329,#8330,#8331,#8332,#8333,
#8334,#8335,#8336,#8337,#8338,#8339,#8340,#8341,#8342,#8343,#8344,#8345,
#8346,#8347,#8348,#8349,#8350,#8351,#8352,#8353,#8354,#8355,#8356,#8357,
#8358,#8359,#8360,#8361,#8362,#8363,#8364,#8365,#8366,#8367,#8368,#8369,
#8370,#8371,#8372,#8373,#8374,#8375,#8376,#8377,#8378,#8379,#8380,#8381,
#8382,#8383,#8384,#8385,#8386,#8387,#8388,#8389,#8390,#8391,#8392,#8393,
#8394,#8395,#8396,#8397,#8398,#8399,#8400,#8401,#8402,#8403,#8404,#8405,
#8406,#8407,#8408,#8409,#8410,#8411,#8412,#8413,#8414,#8415,#8416,#8417,
#8418,#8419,#8420,#8421,#8422,#8423,#8424,#8425,#8426,#8427,#8428,#8429,
#8430,#8431,#8432,#8433,#8434,#8435,#8436,#8437,#8438,#8439,#8440,#8441,
#8442,#8443,#8444,#8445,#8446,#8447,#8448,#8449,#8450,#8451,#8452,#8453,
#8454,#8455,#8456,#8457,#8458,#8459,#8460,#8461,#8462,#8463,#8464,#8465,
#8466,#8467,#8468,#8469,#8470,#8471,#8472,#8473,#8474,#8475,#8476,#8477,
#8478,#8479,#8480,#8481,#8482,#8483,#8484,#8485,#8486,#8487,#8488,#8489,
#8490,#8491,#8492,#8493,#8494,#8495,#8496,#8497,#8498,#8499,#8500,#8501,
#8502,#8503,#8504,#8505,#8506,#8507,#8508,#8509,#8510,#8511,#8512,#8513,
#8514,#8515,#8516,#8517,#8518,#8519,#8520,#8521,#8522,#8523,#8524,#8525,
#8526,#8527,#8528,#8529,#8530,#8531,#8532,#8533,#8534,#8535,#8536,#8537,
#8538,#8539,#8540,#8541,#8542,#8543,#8544,#8545,#8546,#8547,#8548,#8549,
#8550,#8551,#8552,#8553,#8554,#8555,#8556,#8557,#8558,#8559,#8560,#8561,
#8562,#8563,#8564,#8565,#8566,#8567,#8568,#8569,#8570,#8571,#8572,#8573,
#8574,#8575,#8576,#8577,#8578,#8579,#8580,#8581,#8582,#8583,#8584,#8585,
#8586,#8587,#8588,#8589,#8590,#8591,#8592,#8593,#8594,#8595,#8596,#8597,
#8598,#8599,#8600,#8601,#8602,#8603,#8604,#8605,#8606,#8607,#8608,#8609,
#8610,#8611,#8612,#8613,#8614,#8615,#8616,#8617,#8618,#8619,#8620,#8621,
#8622,#8623,#8624,#8625,#8626,#8627,#8628,#8629,#8630,#8631,#8632,#8633,
#8634,#8635,#8636,#8637,#8638,#8639,#8640,#8641,#8642,#8643,#8644,#8645,
#8646,#8647,#8648,#8649,#8650,#8651,#8652,#8653,#8654,#8655,#8656,#8657,
#8658,#8659,#8660,#8661,#8662,#8663,#8664,#8665,#8666,#8667,#8668,#8669,
#8670,#8671,#8672,#8673,#8674,#8675,#8676,#8677,#8678,#8679,#8680,#8681,
#8682,#8683,#8684,#8685,#8686,#8687,#8688,#8689,#8690,#8691,#8692,#8693,
#8694,#8695,#8696,#8697,#8698,#8699,#8700,#8701,#8702,#8703,#8704,#8705,
#8706,#8707,#8708,#8709,#8710,#8711,#8712,#8713,#8714,#8715,#8716,#8717,
#8718,#8719,#8720,#8721,#8722,#8723,#8724,#8725,#8726,#8727,#8728,#8729,
#8730,#8731,#8732,#8733,#8734,#8735,#8736,#8737,#8738,#8739,#8740,#8741,
#8742,#8743,#8744,#8745,#8746,#8747,#8748,#8749,#8750,#8751,#8752,#8753,
#8754,#8755,#8756,#8757,#8758,#8759,#8760,#8761,#8762,#8763,#8764,#8765,
#8766,#8767));
#8769=STYLED_ITEM('',(#8770),#8777);
#8770=PRESENTATION_STYLE_ASSIGNMENT((#8771));
#8771=SURFACE_STYLE_USAGE(.BOTH.,#8772);
#8772=SURFACE_SIDE_STYLE('',(#8773));
#8773=SURFACE_STYLE_FILL_AREA(#8774);
#8774=FILL_AREA_STYLE('',(#8775));
#8775=FILL_AREA_STYLE_COLOUR('',#8776);
#8776=COLOUR_RGB('',0.917647058823529,0.917647058823529,0.917647058823529);
#8777=MANIFOLD_SOLID_BREP('Lock Platform',#8768);
#8778=SHAPE_DEFINITION_REPRESENTATION(#16506,#8779);
#8779=SHAPE_REPRESENTATION('Lock Platform',(#8780),#16501);
#8780=AXIS2_PLACEMENT_3D('',#13829,#10375,#10376);
#8781=AXIS2_PLACEMENT_3D('',#13830,#10377,#10378);
#8782=AXIS2_PLACEMENT_3D('',#13831,#10379,#10380);
#8783=AXIS2_PLACEMENT_3D('',#13833,#10381,#10382);
#8784=AXIS2_PLACEMENT_3D('',#13835,#10383,#10384);
#8785=AXIS2_PLACEMENT_3D('',#13837,#10385,#10386);
#8786=AXIS2_PLACEMENT_3D('',#13842,#10388,#10389);
#8787=AXIS2_PLACEMENT_3D('',#13846,#10391,#10392);
#8788=AXIS2_PLACEMENT_3D('',#13850,#10394,#10395);
#8789=AXIS2_PLACEMENT_3D('',#13854,#10397,#10398);
#8790=AXIS2_PLACEMENT_3D('',#13855,#10399,#10400);
#8791=AXIS2_PLACEMENT_3D('',#13856,#10401,#10402);
#8792=AXIS2_PLACEMENT_3D('',#13858,#10403,#10404);
#8793=AXIS2_PLACEMENT_3D('',#13860,#10405,#10406);
#8794=AXIS2_PLACEMENT_3D('',#13861,#10407,#10408);
#8795=AXIS2_PLACEMENT_3D('',#13863,#10409,#10410);
#8796=AXIS2_PLACEMENT_3D('',#13865,#10411,#10412);
#8797=AXIS2_PLACEMENT_3D('',#13866,#10413,#10414);
#8798=AXIS2_PLACEMENT_3D('',#13868,#10415,#10416);
#8799=AXIS2_PLACEMENT_3D('',#13870,#10417,#10418);
#8800=AXIS2_PLACEMENT_3D('',#13871,#10419,#10420);
#8801=AXIS2_PLACEMENT_3D('',#13873,#10421,#10422);
#8802=AXIS2_PLACEMENT_3D('',#13875,#10423,#10424);
#8803=AXIS2_PLACEMENT_3D('',#13876,#10425,#10426);
#8804=AXIS2_PLACEMENT_3D('',#13878,#10427,#10428);
#8805=AXIS2_PLACEMENT_3D('',#13880,#10429,#10430);
#8806=AXIS2_PLACEMENT_3D('',#13881,#10431,#10432);
#8807=AXIS2_PLACEMENT_3D('',#13883,#10433,#10434);
#8808=AXIS2_PLACEMENT_3D('',#13885,#10435,#10436);
#8809=AXIS2_PLACEMENT_3D('',#13886,#10437,#10438);
#8810=AXIS2_PLACEMENT_3D('',#13888,#10439,#10440);
#8811=AXIS2_PLACEMENT_3D('',#13890,#10441,#10442);
#8812=AXIS2_PLACEMENT_3D('',#13891,#10443,#10444);
#8813=AXIS2_PLACEMENT_3D('',#13893,#10445,#10446);
#8814=AXIS2_PLACEMENT_3D('',#13895,#10447,#10448);
#8815=AXIS2_PLACEMENT_3D('',#13896,#10449,#10450);
#8816=AXIS2_PLACEMENT_3D('',#13898,#10451,#10452);
#8817=AXIS2_PLACEMENT_3D('',#13900,#10453,#10454);
#8818=AXIS2_PLACEMENT_3D('',#13901,#10455,#10456);
#8819=AXIS2_PLACEMENT_3D('',#13903,#10457,#10458);
#8820=AXIS2_PLACEMENT_3D('',#13905,#10459,#10460);
#8821=AXIS2_PLACEMENT_3D('',#13906,#10461,#10462);
#8822=AXIS2_PLACEMENT_3D('',#13908,#10463,#10464);
#8823=AXIS2_PLACEMENT_3D('',#13910,#10465,#10466);
#8824=AXIS2_PLACEMENT_3D('',#13911,#10467,#10468);
#8825=AXIS2_PLACEMENT_3D('',#13913,#10469,#10470);
#8826=AXIS2_PLACEMENT_3D('',#13915,#10471,#10472);
#8827=AXIS2_PLACEMENT_3D('',#13916,#10473,#10474);
#8828=AXIS2_PLACEMENT_3D('',#13918,#10475,#10476);
#8829=AXIS2_PLACEMENT_3D('',#13920,#10477,#10478);
#8830=AXIS2_PLACEMENT_3D('',#13921,#10479,#10480);
#8831=AXIS2_PLACEMENT_3D('',#13923,#10481,#10482);
#8832=AXIS2_PLACEMENT_3D('',#13925,#10483,#10484);
#8833=AXIS2_PLACEMENT_3D('',#13926,#10485,#10486);
#8834=AXIS2_PLACEMENT_3D('',#13928,#10487,#10488);
#8835=AXIS2_PLACEMENT_3D('',#13930,#10489,#10490);
#8836=AXIS2_PLACEMENT_3D('',#13931,#10491,#10492);
#8837=AXIS2_PLACEMENT_3D('',#13933,#10493,#10494);
#8838=AXIS2_PLACEMENT_3D('',#13935,#10495,#10496);
#8839=AXIS2_PLACEMENT_3D('',#13936,#10497,#10498);
#8840=AXIS2_PLACEMENT_3D('',#13938,#10499,#10500);
#8841=AXIS2_PLACEMENT_3D('',#13940,#10501,#10502);
#8842=AXIS2_PLACEMENT_3D('',#13941,#10503,#10504);
#8843=AXIS2_PLACEMENT_3D('',#13943,#10505,#10506);
#8844=AXIS2_PLACEMENT_3D('',#13945,#10507,#10508);
#8845=AXIS2_PLACEMENT_3D('',#13946,#10509,#10510);
#8846=AXIS2_PLACEMENT_3D('',#13948,#10511,#10512);
#8847=AXIS2_PLACEMENT_3D('',#13950,#10513,#10514);
#8848=AXIS2_PLACEMENT_3D('',#13951,#10515,#10516);
#8849=AXIS2_PLACEMENT_3D('',#13953,#10517,#10518);
#8850=AXIS2_PLACEMENT_3D('',#13955,#10519,#10520);
#8851=AXIS2_PLACEMENT_3D('',#13956,#10521,#10522);
#8852=AXIS2_PLACEMENT_3D('',#13958,#10523,#10524);
#8853=AXIS2_PLACEMENT_3D('',#13960,#10525,#10526);
#8854=AXIS2_PLACEMENT_3D('',#13961,#10527,#10528);
#8855=AXIS2_PLACEMENT_3D('',#13963,#10529,#10530);
#8856=AXIS2_PLACEMENT_3D('',#13965,#10531,#10532);
#8857=AXIS2_PLACEMENT_3D('',#13966,#10533,#10534);
#8858=AXIS2_PLACEMENT_3D('',#13968,#10535,#10536);
#8859=AXIS2_PLACEMENT_3D('',#13970,#10537,#10538);
#8860=AXIS2_PLACEMENT_3D('',#13971,#10539,#10540);
#8861=AXIS2_PLACEMENT_3D('',#13973,#10541,#10542);
#8862=AXIS2_PLACEMENT_3D('',#13975,#10543,#10544);
#8863=AXIS2_PLACEMENT_3D('',#13976,#10545,#10546);
#8864=AXIS2_PLACEMENT_3D('',#13978,#10547,#10548);
#8865=AXIS2_PLACEMENT_3D('',#13980,#10549,#10550);
#8866=AXIS2_PLACEMENT_3D('',#13981,#10551,#10552);
#8867=AXIS2_PLACEMENT_3D('',#13983,#10553,#10554);
#8868=AXIS2_PLACEMENT_3D('',#13985,#10555,#10556);
#8869=AXIS2_PLACEMENT_3D('',#13986,#10557,#10558);
#8870=AXIS2_PLACEMENT_3D('',#13988,#10559,#10560);
#8871=AXIS2_PLACEMENT_3D('',#13990,#10561,#10562);
#8872=AXIS2_PLACEMENT_3D('',#13991,#10563,#10564);
#8873=AXIS2_PLACEMENT_3D('',#13993,#10565,#10566);
#8874=AXIS2_PLACEMENT_3D('',#13995,#10567,#10568);
#8875=AXIS2_PLACEMENT_3D('',#13996,#10569,#10570);
#8876=AXIS2_PLACEMENT_3D('',#13998,#10571,#10572);
#8877=AXIS2_PLACEMENT_3D('',#14000,#10573,#10574);
#8878=AXIS2_PLACEMENT_3D('',#14001,#10575,#10576);
#8879=AXIS2_PLACEMENT_3D('',#14003,#10577,#10578);
#8880=AXIS2_PLACEMENT_3D('',#14005,#10579,#10580);
#8881=AXIS2_PLACEMENT_3D('',#14006,#10581,#10582);
#8882=AXIS2_PLACEMENT_3D('',#14008,#10583,#10584);
#8883=AXIS2_PLACEMENT_3D('',#14010,#10585,#10586);
#8884=AXIS2_PLACEMENT_3D('',#14011,#10587,#10588);
#8885=AXIS2_PLACEMENT_3D('',#14013,#10589,#10590);
#8886=AXIS2_PLACEMENT_3D('',#14015,#10591,#10592);
#8887=AXIS2_PLACEMENT_3D('',#14021,#10596,#10597);
#8888=AXIS2_PLACEMENT_3D('',#14027,#10601,#10602);
#8889=AXIS2_PLACEMENT_3D('',#14033,#10606,#10607);
#8890=AXIS2_PLACEMENT_3D('',#14039,#10611,#10612);
#8891=AXIS2_PLACEMENT_3D('',#14040,#10613,#10614);
#8892=AXIS2_PLACEMENT_3D('',#14041,#10615,#10616);
#8893=AXIS2_PLACEMENT_3D('',#14042,#10617,#10618);
#8894=AXIS2_PLACEMENT_3D('',#14043,#10619,#10620);
#8895=AXIS2_PLACEMENT_3D('',#14060,#10629,#10630);
#8896=AXIS2_PLACEMENT_3D('',#14061,#10631,#10632);
#8897=AXIS2_PLACEMENT_3D('',#14064,#10633,#10634);
#8898=AXIS2_PLACEMENT_3D('',#14066,#10635,#10636);
#8899=AXIS2_PLACEMENT_3D('',#14068,#10637,#10638);
#8900=AXIS2_PLACEMENT_3D('',#14070,#10639,#10640);
#8901=AXIS2_PLACEMENT_3D('',#14072,#10641,#10642);
#8902=AXIS2_PLACEMENT_3D('',#14074,#10643,#10644);
#8903=AXIS2_PLACEMENT_3D('',#14076,#10645,#10646);
#8904=AXIS2_PLACEMENT_3D('',#14078,#10647,#10648);
#8905=AXIS2_PLACEMENT_3D('',#14080,#10649,#10650);
#8906=AXIS2_PLACEMENT_3D('',#14082,#10651,#10652);
#8907=AXIS2_PLACEMENT_3D('',#14084,#10653,#10654);
#8908=AXIS2_PLACEMENT_3D('',#14086,#10655,#10656);
#8909=AXIS2_PLACEMENT_3D('',#14088,#10657,#10658);
#8910=AXIS2_PLACEMENT_3D('',#14090,#10659,#10660);
#8911=AXIS2_PLACEMENT_3D('',#14092,#10661,#10662);
#8912=AXIS2_PLACEMENT_3D('',#14093,#10663,#10664);
#8913=AXIS2_PLACEMENT_3D('',#14094,#10665,#10666);
#8914=AXIS2_PLACEMENT_3D('',#14097,#10667,#10668);
#8915=AXIS2_PLACEMENT_3D('',#14099,#10669,#10670);
#8916=AXIS2_PLACEMENT_3D('',#14101,#10671,#10672);
#8917=AXIS2_PLACEMENT_3D('',#14103,#10673,#10674);
#8918=AXIS2_PLACEMENT_3D('',#14105,#10675,#10676);
#8919=AXIS2_PLACEMENT_3D('',#14107,#10677,#10678);
#8920=AXIS2_PLACEMENT_3D('',#14109,#10679,#10680);
#8921=AXIS2_PLACEMENT_3D('',#14111,#10681,#10682);
#8922=AXIS2_PLACEMENT_3D('',#14113,#10683,#10684);
#8923=AXIS2_PLACEMENT_3D('',#14115,#10685,#10686);
#8924=AXIS2_PLACEMENT_3D('',#14117,#10687,#10688);
#8925=AXIS2_PLACEMENT_3D('',#14119,#10689,#10690);
#8926=AXIS2_PLACEMENT_3D('',#14121,#10691,#10692);
#8927=AXIS2_PLACEMENT_3D('',#14123,#10693,#10694);
#8928=AXIS2_PLACEMENT_3D('',#14125,#10695,#10696);
#8929=AXIS2_PLACEMENT_3D('',#14126,#10697,#10698);
#8930=AXIS2_PLACEMENT_3D('',#14127,#10699,#10700);
#8931=AXIS2_PLACEMENT_3D('',#14130,#10701,#10702);
#8932=AXIS2_PLACEMENT_3D('',#14132,#10703,#10704);
#8933=AXIS2_PLACEMENT_3D('',#14134,#10705,#10706);
#8934=AXIS2_PLACEMENT_3D('',#14136,#10707,#10708);
#8935=AXIS2_PLACEMENT_3D('',#14138,#10709,#10710);
#8936=AXIS2_PLACEMENT_3D('',#14140,#10711,#10712);
#8937=AXIS2_PLACEMENT_3D('',#14142,#10713,#10714);
#8938=AXIS2_PLACEMENT_3D('',#14144,#10715,#10716);
#8939=AXIS2_PLACEMENT_3D('',#14146,#10717,#10718);
#8940=AXIS2_PLACEMENT_3D('',#14148,#10719,#10720);
#8941=AXIS2_PLACEMENT_3D('',#14150,#10721,#10722);
#8942=AXIS2_PLACEMENT_3D('',#14152,#10723,#10724);
#8943=AXIS2_PLACEMENT_3D('',#14154,#10725,#10726);
#8944=AXIS2_PLACEMENT_3D('',#14156,#10727,#10728);
#8945=AXIS2_PLACEMENT_3D('',#14158,#10729,#10730);
#8946=AXIS2_PLACEMENT_3D('',#14159,#10731,#10732);
#8947=AXIS2_PLACEMENT_3D('',#14160,#10733,#10734);
#8948=AXIS2_PLACEMENT_3D('',#14163,#10735,#10736);
#8949=AXIS2_PLACEMENT_3D('',#14165,#10737,#10738);
#8950=AXIS2_PLACEMENT_3D('',#14167,#10739,#10740);
#8951=AXIS2_PLACEMENT_3D('',#14169,#10741,#10742);
#8952=AXIS2_PLACEMENT_3D('',#14171,#10743,#10744);
#8953=AXIS2_PLACEMENT_3D('',#14173,#10745,#10746);
#8954=AXIS2_PLACEMENT_3D('',#14175,#10747,#10748);
#8955=AXIS2_PLACEMENT_3D('',#14177,#10749,#10750);
#8956=AXIS2_PLACEMENT_3D('',#14179,#10751,#10752);
#8957=AXIS2_PLACEMENT_3D('',#14181,#10753,#10754);
#8958=AXIS2_PLACEMENT_3D('',#14183,#10755,#10756);
#8959=AXIS2_PLACEMENT_3D('',#14185,#10757,#10758);
#8960=AXIS2_PLACEMENT_3D('',#14187,#10759,#10760);
#8961=AXIS2_PLACEMENT_3D('',#14189,#10761,#10762);
#8962=AXIS2_PLACEMENT_3D('',#14191,#10763,#10764);
#8963=AXIS2_PLACEMENT_3D('',#14192,#10765,#10766);
#8964=AXIS2_PLACEMENT_3D('',#14193,#10767,#10768);
#8965=AXIS2_PLACEMENT_3D('',#14196,#10769,#10770);
#8966=AXIS2_PLACEMENT_3D('',#14198,#10771,#10772);
#8967=AXIS2_PLACEMENT_3D('',#14200,#10773,#10774);
#8968=AXIS2_PLACEMENT_3D('',#14202,#10775,#10776);
#8969=AXIS2_PLACEMENT_3D('',#14204,#10777,#10778);
#8970=AXIS2_PLACEMENT_3D('',#14206,#10779,#10780);
#8971=AXIS2_PLACEMENT_3D('',#14208,#10781,#10782);
#8972=AXIS2_PLACEMENT_3D('',#14210,#10783,#10784);
#8973=AXIS2_PLACEMENT_3D('',#14212,#10785,#10786);
#8974=AXIS2_PLACEMENT_3D('',#14214,#10787,#10788);
#8975=AXIS2_PLACEMENT_3D('',#14216,#10789,#10790);
#8976=AXIS2_PLACEMENT_3D('',#14218,#10791,#10792);
#8977=AXIS2_PLACEMENT_3D('',#14220,#10793,#10794);
#8978=AXIS2_PLACEMENT_3D('',#14222,#10795,#10796);
#8979=AXIS2_PLACEMENT_3D('',#14224,#10797,#10798);
#8980=AXIS2_PLACEMENT_3D('',#14225,#10799,#10800);
#8981=AXIS2_PLACEMENT_3D('',#14226,#10801,#10802);
#8982=AXIS2_PLACEMENT_3D('',#14229,#10803,#10804);
#8983=AXIS2_PLACEMENT_3D('',#14231,#10805,#10806);
#8984=AXIS2_PLACEMENT_3D('',#14233,#10807,#10808);
#8985=AXIS2_PLACEMENT_3D('',#14235,#10809,#10810);
#8986=AXIS2_PLACEMENT_3D('',#14237,#10811,#10812);
#8987=AXIS2_PLACEMENT_3D('',#14239,#10813,#10814);
#8988=AXIS2_PLACEMENT_3D('',#14241,#10815,#10816);
#8989=AXIS2_PLACEMENT_3D('',#14243,#10817,#10818);
#8990=AXIS2_PLACEMENT_3D('',#14245,#10819,#10820);
#8991=AXIS2_PLACEMENT_3D('',#14247,#10821,#10822);
#8992=AXIS2_PLACEMENT_3D('',#14249,#10823,#10824);
#8993=AXIS2_PLACEMENT_3D('',#14251,#10825,#10826);
#8994=AXIS2_PLACEMENT_3D('',#14253,#10827,#10828);
#8995=AXIS2_PLACEMENT_3D('',#14255,#10829,#10830);
#8996=AXIS2_PLACEMENT_3D('',#14257,#10831,#10832);
#8997=AXIS2_PLACEMENT_3D('',#14258,#10833,#10834);
#8998=AXIS2_PLACEMENT_3D('',#14259,#10835,#10836);
#8999=AXIS2_PLACEMENT_3D('',#14262,#10837,#10838);
#9000=AXIS2_PLACEMENT_3D('',#14264,#10839,#10840);
#9001=AXIS2_PLACEMENT_3D('',#14266,#10841,#10842);
#9002=AXIS2_PLACEMENT_3D('',#14268,#10843,#10844);
#9003=AXIS2_PLACEMENT_3D('',#14270,#10845,#10846);
#9004=AXIS2_PLACEMENT_3D('',#14272,#10847,#10848);
#9005=AXIS2_PLACEMENT_3D('',#14274,#10849,#10850);
#9006=AXIS2_PLACEMENT_3D('',#14276,#10851,#10852);
#9007=AXIS2_PLACEMENT_3D('',#14278,#10853,#10854);
#9008=AXIS2_PLACEMENT_3D('',#14280,#10855,#10856);
#9009=AXIS2_PLACEMENT_3D('',#14282,#10857,#10858);
#9010=AXIS2_PLACEMENT_3D('',#14284,#10859,#10860);
#9011=AXIS2_PLACEMENT_3D('',#14286,#10861,#10862);
#9012=AXIS2_PLACEMENT_3D('',#14288,#10863,#10864);
#9013=AXIS2_PLACEMENT_3D('',#14290,#10865,#10866);
#9014=AXIS2_PLACEMENT_3D('',#14291,#10867,#10868);
#9015=AXIS2_PLACEMENT_3D('',#14294,#10870,#10871);
#9016=AXIS2_PLACEMENT_3D('',#14297,#10873,#10874);
#9017=AXIS2_PLACEMENT_3D('',#14298,#10875,#10876);
#9018=AXIS2_PLACEMENT_3D('',#14301,#10878,#10879);
#9019=AXIS2_PLACEMENT_3D('',#14302,#10880,#10881);
#9020=AXIS2_PLACEMENT_3D('',#14305,#10883,#10884);
#9021=AXIS2_PLACEMENT_3D('',#14306,#10885,#10886);
#9022=AXIS2_PLACEMENT_3D('',#14309,#10888,#10889);
#9023=AXIS2_PLACEMENT_3D('',#14310,#10890,#10891);
#9024=AXIS2_PLACEMENT_3D('',#14313,#10893,#10894);
#9025=AXIS2_PLACEMENT_3D('',#14314,#10895,#10896);
#9026=AXIS2_PLACEMENT_3D('',#14317,#10898,#10899);
#9027=AXIS2_PLACEMENT_3D('',#14318,#10900,#10901);
#9028=AXIS2_PLACEMENT_3D('',#14321,#10903,#10904);
#9029=AXIS2_PLACEMENT_3D('',#14322,#10905,#10906);
#9030=AXIS2_PLACEMENT_3D('',#14325,#10908,#10909);
#9031=AXIS2_PLACEMENT_3D('',#14326,#10910,#10911);
#9032=AXIS2_PLACEMENT_3D('',#14329,#10913,#10914);
#9033=AXIS2_PLACEMENT_3D('',#14330,#10915,#10916);
#9034=AXIS2_PLACEMENT_3D('',#14333,#10918,#10919);
#9035=AXIS2_PLACEMENT_3D('',#14334,#10920,#10921);
#9036=AXIS2_PLACEMENT_3D('',#14337,#10923,#10924);
#9037=AXIS2_PLACEMENT_3D('',#14338,#10925,#10926);
#9038=AXIS2_PLACEMENT_3D('',#14341,#10928,#10929);
#9039=AXIS2_PLACEMENT_3D('',#14342,#10930,#10931);
#9040=AXIS2_PLACEMENT_3D('',#14345,#10933,#10934);
#9041=AXIS2_PLACEMENT_3D('',#14346,#10935,#10936);
#9042=AXIS2_PLACEMENT_3D('',#14349,#10938,#10939);
#9043=AXIS2_PLACEMENT_3D('',#14350,#10940,#10941);
#9044=AXIS2_PLACEMENT_3D('',#14353,#10943,#10944);
#9045=AXIS2_PLACEMENT_3D('',#14354,#10945,#10946);
#9046=AXIS2_PLACEMENT_3D('',#14355,#10947,#10948);
#9047=AXIS2_PLACEMENT_3D('',#14358,#10950,#10951);
#9048=AXIS2_PLACEMENT_3D('',#14361,#10953,#10954);
#9049=AXIS2_PLACEMENT_3D('',#14362,#10955,#10956);
#9050=AXIS2_PLACEMENT_3D('',#14365,#10958,#10959);
#9051=AXIS2_PLACEMENT_3D('',#14366,#10960,#10961);
#9052=AXIS2_PLACEMENT_3D('',#14369,#10963,#10964);
#9053=AXIS2_PLACEMENT_3D('',#14370,#10965,#10966);
#9054=AXIS2_PLACEMENT_3D('',#14373,#10968,#10969);
#9055=AXIS2_PLACEMENT_3D('',#14374,#10970,#10971);
#9056=AXIS2_PLACEMENT_3D('',#14377,#10973,#10974);
#9057=AXIS2_PLACEMENT_3D('',#14378,#10975,#10976);
#9058=AXIS2_PLACEMENT_3D('',#14381,#10978,#10979);
#9059=AXIS2_PLACEMENT_3D('',#14382,#10980,#10981);
#9060=AXIS2_PLACEMENT_3D('',#14385,#10983,#10984);
#9061=AXIS2_PLACEMENT_3D('',#14386,#10985,#10986);
#9062=AXIS2_PLACEMENT_3D('',#14389,#10988,#10989);
#9063=AXIS2_PLACEMENT_3D('',#14390,#10990,#10991);
#9064=AXIS2_PLACEMENT_3D('',#14393,#10993,#10994);
#9065=AXIS2_PLACEMENT_3D('',#14394,#10995,#10996);
#9066=AXIS2_PLACEMENT_3D('',#14397,#10998,#10999);
#9067=AXIS2_PLACEMENT_3D('',#14398,#11000,#11001);
#9068=AXIS2_PLACEMENT_3D('',#14401,#11003,#11004);
#9069=AXIS2_PLACEMENT_3D('',#14402,#11005,#11006);
#9070=AXIS2_PLACEMENT_3D('',#14405,#11008,#11009);
#9071=AXIS2_PLACEMENT_3D('',#14406,#11010,#11011);
#9072=AXIS2_PLACEMENT_3D('',#14409,#11013,#11014);
#9073=AXIS2_PLACEMENT_3D('',#14410,#11015,#11016);
#9074=AXIS2_PLACEMENT_3D('',#14413,#11018,#11019);
#9075=AXIS2_PLACEMENT_3D('',#14414,#11020,#11021);
#9076=AXIS2_PLACEMENT_3D('',#14417,#11023,#11024);
#9077=AXIS2_PLACEMENT_3D('',#14418,#11025,#11026);
#9078=AXIS2_PLACEMENT_3D('',#14419,#11027,#11028);
#9079=AXIS2_PLACEMENT_3D('',#14422,#11030,#11031);
#9080=AXIS2_PLACEMENT_3D('',#14425,#11033,#11034);
#9081=AXIS2_PLACEMENT_3D('',#14426,#11035,#11036);
#9082=AXIS2_PLACEMENT_3D('',#14429,#11038,#11039);
#9083=AXIS2_PLACEMENT_3D('',#14430,#11040,#11041);
#9084=AXIS2_PLACEMENT_3D('',#14433,#11043,#11044);
#9085=AXIS2_PLACEMENT_3D('',#14434,#11045,#11046);
#9086=AXIS2_PLACEMENT_3D('',#14437,#11048,#11049);
#9087=AXIS2_PLACEMENT_3D('',#14438,#11050,#11051);
#9088=AXIS2_PLACEMENT_3D('',#14441,#11053,#11054);
#9089=AXIS2_PLACEMENT_3D('',#14442,#11055,#11056);
#9090=AXIS2_PLACEMENT_3D('',#14445,#11058,#11059);
#9091=AXIS2_PLACEMENT_3D('',#14446,#11060,#11061);
#9092=AXIS2_PLACEMENT_3D('',#14449,#11063,#11064);
#9093=AXIS2_PLACEMENT_3D('',#14450,#11065,#11066);
#9094=AXIS2_PLACEMENT_3D('',#14453,#11068,#11069);
#9095=AXIS2_PLACEMENT_3D('',#14454,#11070,#11071);
#9096=AXIS2_PLACEMENT_3D('',#14457,#11073,#11074);
#9097=AXIS2_PLACEMENT_3D('',#14458,#11075,#11076);
#9098=AXIS2_PLACEMENT_3D('',#14461,#11078,#11079);
#9099=AXIS2_PLACEMENT_3D('',#14462,#11080,#11081);
#9100=AXIS2_PLACEMENT_3D('',#14465,#11083,#11084);
#9101=AXIS2_PLACEMENT_3D('',#14466,#11085,#11086);
#9102=AXIS2_PLACEMENT_3D('',#14469,#11088,#11089);
#9103=AXIS2_PLACEMENT_3D('',#14470,#11090,#11091);
#9104=AXIS2_PLACEMENT_3D('',#14473,#11093,#11094);
#9105=AXIS2_PLACEMENT_3D('',#14474,#11095,#11096);
#9106=AXIS2_PLACEMENT_3D('',#14477,#11098,#11099);
#9107=AXIS2_PLACEMENT_3D('',#14478,#11100,#11101);
#9108=AXIS2_PLACEMENT_3D('',#14481,#11103,#11104);
#9109=AXIS2_PLACEMENT_3D('',#14482,#11105,#11106);
#9110=AXIS2_PLACEMENT_3D('',#14483,#11107,#11108);
#9111=AXIS2_PLACEMENT_3D('',#14486,#11110,#11111);
#9112=AXIS2_PLACEMENT_3D('',#14489,#11113,#11114);
#9113=AXIS2_PLACEMENT_3D('',#14490,#11115,#11116);
#9114=AXIS2_PLACEMENT_3D('',#14493,#11118,#11119);
#9115=AXIS2_PLACEMENT_3D('',#14494,#11120,#11121);
#9116=AXIS2_PLACEMENT_3D('',#14497,#11123,#11124);
#9117=AXIS2_PLACEMENT_3D('',#14498,#11125,#11126);
#9118=AXIS2_PLACEMENT_3D('',#14501,#11128,#11129);
#9119=AXIS2_PLACEMENT_3D('',#14502,#11130,#11131);
#9120=AXIS2_PLACEMENT_3D('',#14505,#11133,#11134);
#9121=AXIS2_PLACEMENT_3D('',#14506,#11135,#11136);
#9122=AXIS2_PLACEMENT_3D('',#14509,#11138,#11139);
#9123=AXIS2_PLACEMENT_3D('',#14510,#11140,#11141);
#9124=AXIS2_PLACEMENT_3D('',#14513,#11143,#11144);
#9125=AXIS2_PLACEMENT_3D('',#14514,#11145,#11146);
#9126=AXIS2_PLACEMENT_3D('',#14517,#11148,#11149);
#9127=AXIS2_PLACEMENT_3D('',#14518,#11150,#11151);
#9128=AXIS2_PLACEMENT_3D('',#14521,#11153,#11154);
#9129=AXIS2_PLACEMENT_3D('',#14522,#11155,#11156);
#9130=AXIS2_PLACEMENT_3D('',#14525,#11158,#11159);
#9131=AXIS2_PLACEMENT_3D('',#14526,#11160,#11161);
#9132=AXIS2_PLACEMENT_3D('',#14529,#11163,#11164);
#9133=AXIS2_PLACEMENT_3D('',#14530,#11165,#11166);
#9134=AXIS2_PLACEMENT_3D('',#14533,#11168,#11169);
#9135=AXIS2_PLACEMENT_3D('',#14534,#11170,#11171);
#9136=AXIS2_PLACEMENT_3D('',#14537,#11173,#11174);
#9137=AXIS2_PLACEMENT_3D('',#14538,#11175,#11176);
#9138=AXIS2_PLACEMENT_3D('',#14541,#11178,#11179);
#9139=AXIS2_PLACEMENT_3D('',#14542,#11180,#11181);
#9140=AXIS2_PLACEMENT_3D('',#14545,#11183,#11184);
#9141=AXIS2_PLACEMENT_3D('',#14546,#11185,#11186);
#9142=AXIS2_PLACEMENT_3D('',#14547,#11187,#11188);
#9143=AXIS2_PLACEMENT_3D('',#14550,#11190,#11191);
#9144=AXIS2_PLACEMENT_3D('',#14553,#11193,#11194);
#9145=AXIS2_PLACEMENT_3D('',#14554,#11195,#11196);
#9146=AXIS2_PLACEMENT_3D('',#14557,#11198,#11199);
#9147=AXIS2_PLACEMENT_3D('',#14558,#11200,#11201);
#9148=AXIS2_PLACEMENT_3D('',#14561,#11203,#11204);
#9149=AXIS2_PLACEMENT_3D('',#14562,#11205,#11206);
#9150=AXIS2_PLACEMENT_3D('',#14565,#11208,#11209);
#9151=AXIS2_PLACEMENT_3D('',#14566,#11210,#11211);
#9152=AXIS2_PLACEMENT_3D('',#14569,#11213,#11214);
#9153=AXIS2_PLACEMENT_3D('',#14570,#11215,#11216);
#9154=AXIS2_PLACEMENT_3D('',#14573,#11218,#11219);
#9155=AXIS2_PLACEMENT_3D('',#14574,#11220,#11221);
#9156=AXIS2_PLACEMENT_3D('',#14577,#11223,#11224);
#9157=AXIS2_PLACEMENT_3D('',#14578,#11225,#11226);
#9158=AXIS2_PLACEMENT_3D('',#14581,#11228,#11229);
#9159=AXIS2_PLACEMENT_3D('',#14582,#11230,#11231);
#9160=AXIS2_PLACEMENT_3D('',#14585,#11233,#11234);
#9161=AXIS2_PLACEMENT_3D('',#14586,#11235,#11236);
#9162=AXIS2_PLACEMENT_3D('',#14589,#11238,#11239);
#9163=AXIS2_PLACEMENT_3D('',#14590,#11240,#11241);
#9164=AXIS2_PLACEMENT_3D('',#14593,#11243,#11244);
#9165=AXIS2_PLACEMENT_3D('',#14594,#11245,#11246);
#9166=AXIS2_PLACEMENT_3D('',#14597,#11248,#11249);
#9167=AXIS2_PLACEMENT_3D('',#14598,#11250,#11251);
#9168=AXIS2_PLACEMENT_3D('',#14601,#11253,#11254);
#9169=AXIS2_PLACEMENT_3D('',#14602,#11255,#11256);
#9170=AXIS2_PLACEMENT_3D('',#14605,#11258,#11259);
#9171=AXIS2_PLACEMENT_3D('',#14606,#11260,#11261);
#9172=AXIS2_PLACEMENT_3D('',#14609,#11263,#11264);
#9173=AXIS2_PLACEMENT_3D('',#14610,#11265,#11266);
#9174=AXIS2_PLACEMENT_3D('',#14611,#11267,#11268);
#9175=AXIS2_PLACEMENT_3D('',#14614,#11270,#11271);
#9176=AXIS2_PLACEMENT_3D('',#14617,#11273,#11274);
#9177=AXIS2_PLACEMENT_3D('',#14618,#11275,#11276);
#9178=AXIS2_PLACEMENT_3D('',#14621,#11278,#11279);
#9179=AXIS2_PLACEMENT_3D('',#14622,#11280,#11281);
#9180=AXIS2_PLACEMENT_3D('',#14625,#11283,#11284);
#9181=AXIS2_PLACEMENT_3D('',#14626,#11285,#11286);
#9182=AXIS2_PLACEMENT_3D('',#14629,#11288,#11289);
#9183=AXIS2_PLACEMENT_3D('',#14630,#11290,#11291);
#9184=AXIS2_PLACEMENT_3D('',#14633,#11293,#11294);
#9185=AXIS2_PLACEMENT_3D('',#14634,#11295,#11296);
#9186=AXIS2_PLACEMENT_3D('',#14637,#11298,#11299);
#9187=AXIS2_PLACEMENT_3D('',#14638,#11300,#11301);
#9188=AXIS2_PLACEMENT_3D('',#14641,#11303,#11304);
#9189=AXIS2_PLACEMENT_3D('',#14642,#11305,#11306);
#9190=AXIS2_PLACEMENT_3D('',#14645,#11308,#11309);
#9191=AXIS2_PLACEMENT_3D('',#14646,#11310,#11311);
#9192=AXIS2_PLACEMENT_3D('',#14649,#11313,#11314);
#9193=AXIS2_PLACEMENT_3D('',#14650,#11315,#11316);
#9194=AXIS2_PLACEMENT_3D('',#14653,#11318,#11319);
#9195=AXIS2_PLACEMENT_3D('',#14654,#11320,#11321);
#9196=AXIS2_PLACEMENT_3D('',#14657,#11323,#11324);
#9197=AXIS2_PLACEMENT_3D('',#14658,#11325,#11326);
#9198=AXIS2_PLACEMENT_3D('',#14661,#11328,#11329);
#9199=AXIS2_PLACEMENT_3D('',#14662,#11330,#11331);
#9200=AXIS2_PLACEMENT_3D('',#14665,#11333,#11334);
#9201=AXIS2_PLACEMENT_3D('',#14666,#11335,#11336);
#9202=AXIS2_PLACEMENT_3D('',#14669,#11338,#11339);
#9203=AXIS2_PLACEMENT_3D('',#14670,#11340,#11341);
#9204=AXIS2_PLACEMENT_3D('',#14673,#11343,#11344);
#9205=AXIS2_PLACEMENT_3D('',#14674,#11345,#11346);
#9206=AXIS2_PLACEMENT_3D('',#14675,#11347,#11348);
#9207=AXIS2_PLACEMENT_3D('',#14678,#11350,#11351);
#9208=AXIS2_PLACEMENT_3D('',#14681,#11353,#11354);
#9209=AXIS2_PLACEMENT_3D('',#14682,#11355,#11356);
#9210=AXIS2_PLACEMENT_3D('',#14685,#11358,#11359);
#9211=AXIS2_PLACEMENT_3D('',#14686,#11360,#11361);
#9212=AXIS2_PLACEMENT_3D('',#14689,#11363,#11364);
#9213=AXIS2_PLACEMENT_3D('',#14690,#11365,#11366);
#9214=AXIS2_PLACEMENT_3D('',#14693,#11368,#11369);
#9215=AXIS2_PLACEMENT_3D('',#14694,#11370,#11371);
#9216=AXIS2_PLACEMENT_3D('',#14697,#11373,#11374);
#9217=AXIS2_PLACEMENT_3D('',#14698,#11375,#11376);
#9218=AXIS2_PLACEMENT_3D('',#14701,#11378,#11379);
#9219=AXIS2_PLACEMENT_3D('',#14702,#11380,#11381);
#9220=AXIS2_PLACEMENT_3D('',#14705,#11383,#11384);
#9221=AXIS2_PLACEMENT_3D('',#14706,#11385,#11386);
#9222=AXIS2_PLACEMENT_3D('',#14709,#11388,#11389);
#9223=AXIS2_PLACEMENT_3D('',#14710,#11390,#11391);
#9224=AXIS2_PLACEMENT_3D('',#14713,#11393,#11394);
#9225=AXIS2_PLACEMENT_3D('',#14714,#11395,#11396);
#9226=AXIS2_PLACEMENT_3D('',#14717,#11398,#11399);
#9227=AXIS2_PLACEMENT_3D('',#14718,#11400,#11401);
#9228=AXIS2_PLACEMENT_3D('',#14721,#11403,#11404);
#9229=AXIS2_PLACEMENT_3D('',#14722,#11405,#11406);
#9230=AXIS2_PLACEMENT_3D('',#14725,#11408,#11409);
#9231=AXIS2_PLACEMENT_3D('',#14726,#11410,#11411);
#9232=AXIS2_PLACEMENT_3D('',#14729,#11413,#11414);
#9233=AXIS2_PLACEMENT_3D('',#14730,#11415,#11416);
#9234=AXIS2_PLACEMENT_3D('',#14733,#11418,#11419);
#9235=AXIS2_PLACEMENT_3D('',#14734,#11420,#11421);
#9236=AXIS2_PLACEMENT_3D('',#14737,#11423,#11424);
#9237=AXIS2_PLACEMENT_3D('',#14738,#11425,#11426);
#9238=AXIS2_PLACEMENT_3D('',#14739,#11427,#11428);
#9239=AXIS2_PLACEMENT_3D('',#14740,#11429,#11430);
#9240=AXIS2_PLACEMENT_3D('',#14742,#11431,#11432);
#9241=AXIS2_PLACEMENT_3D('',#14744,#11433,#11434);
#9242=AXIS2_PLACEMENT_3D('',#14745,#11435,#11436);
#9243=AXIS2_PLACEMENT_3D('',#14746,#11437,#11438);
#9244=AXIS2_PLACEMENT_3D('',#14748,#11439,#11440);
#9245=AXIS2_PLACEMENT_3D('',#14749,#11441,#11442);
#9246=AXIS2_PLACEMENT_3D('',#14750,#11443,#11444);
#9247=AXIS2_PLACEMENT_3D('',#14752,#11445,#11446);
#9248=AXIS2_PLACEMENT_3D('',#14753,#11447,#11448);
#9249=AXIS2_PLACEMENT_3D('',#14754,#11449,#11450);
#9250=AXIS2_PLACEMENT_3D('',#14756,#11451,#11452);
#9251=AXIS2_PLACEMENT_3D('',#14757,#11453,#11454);
#9252=AXIS2_PLACEMENT_3D('',#14758,#11455,#11456);
#9253=AXIS2_PLACEMENT_3D('',#14760,#11457,#11458);
#9254=AXIS2_PLACEMENT_3D('',#14761,#11459,#11460);
#9255=AXIS2_PLACEMENT_3D('',#14762,#11461,#11462);
#9256=AXIS2_PLACEMENT_3D('',#14764,#11463,#11464);
#9257=AXIS2_PLACEMENT_3D('',#14765,#11465,#11466);
#9258=AXIS2_PLACEMENT_3D('',#14766,#11467,#11468);
#9259=AXIS2_PLACEMENT_3D('',#14768,#11469,#11470);
#9260=AXIS2_PLACEMENT_3D('',#14769,#11471,#11472);
#9261=AXIS2_PLACEMENT_3D('',#14770,#11473,#11474);
#9262=AXIS2_PLACEMENT_3D('',#14772,#11475,#11476);
#9263=AXIS2_PLACEMENT_3D('',#14773,#11477,#11478);
#9264=AXIS2_PLACEMENT_3D('',#14774,#11479,#11480);
#9265=AXIS2_PLACEMENT_3D('',#14776,#11481,#11482);
#9266=AXIS2_PLACEMENT_3D('',#14777,#11483,#11484);
#9267=AXIS2_PLACEMENT_3D('',#14778,#11485,#11486);
#9268=AXIS2_PLACEMENT_3D('',#14780,#11487,#11488);
#9269=AXIS2_PLACEMENT_3D('',#14781,#11489,#11490);
#9270=AXIS2_PLACEMENT_3D('',#14782,#11491,#11492);
#9271=AXIS2_PLACEMENT_3D('',#14784,#11493,#11494);
#9272=AXIS2_PLACEMENT_3D('',#14785,#11495,#11496);
#9273=AXIS2_PLACEMENT_3D('',#14786,#11497,#11498);
#9274=AXIS2_PLACEMENT_3D('',#14788,#11499,#11500);
#9275=AXIS2_PLACEMENT_3D('',#14789,#11501,#11502);
#9276=AXIS2_PLACEMENT_3D('',#14790,#11503,#11504);
#9277=AXIS2_PLACEMENT_3D('',#14792,#11505,#11506);
#9278=AXIS2_PLACEMENT_3D('',#14793,#11507,#11508);
#9279=AXIS2_PLACEMENT_3D('',#14794,#11509,#11510);
#9280=AXIS2_PLACEMENT_3D('',#14796,#11511,#11512);
#9281=AXIS2_PLACEMENT_3D('',#14797,#11513,#11514);
#9282=AXIS2_PLACEMENT_3D('',#14798,#11515,#11516);
#9283=AXIS2_PLACEMENT_3D('',#14800,#11517,#11518);
#9284=AXIS2_PLACEMENT_3D('',#14801,#11519,#11520);
#9285=AXIS2_PLACEMENT_3D('',#14802,#11521,#11522);
#9286=AXIS2_PLACEMENT_3D('',#14803,#11523,#11524);
#9287=AXIS2_PLACEMENT_3D('',#14804,#11525,#11526);
#9288=AXIS2_PLACEMENT_3D('',#14806,#11527,#11528);
#9289=AXIS2_PLACEMENT_3D('',#14808,#11529,#11530);
#9290=AXIS2_PLACEMENT_3D('',#14809,#11531,#11532);
#9291=AXIS2_PLACEMENT_3D('',#14810,#11533,#11534);
#9292=AXIS2_PLACEMENT_3D('',#14812,#11535,#11536);
#9293=AXIS2_PLACEMENT_3D('',#14813,#11537,#11538);
#9294=AXIS2_PLACEMENT_3D('',#14814,#11539,#11540);
#9295=AXIS2_PLACEMENT_3D('',#14816,#11541,#11542);
#9296=AXIS2_PLACEMENT_3D('',#14817,#11543,#11544);
#9297=AXIS2_PLACEMENT_3D('',#14818,#11545,#11546);
#9298=AXIS2_PLACEMENT_3D('',#14820,#11547,#11548);
#9299=AXIS2_PLACEMENT_3D('',#14821,#11549,#11550);
#9300=AXIS2_PLACEMENT_3D('',#14822,#11551,#11552);
#9301=AXIS2_PLACEMENT_3D('',#14824,#11553,#11554);
#9302=AXIS2_PLACEMENT_3D('',#14825,#11555,#11556);
#9303=AXIS2_PLACEMENT_3D('',#14826,#11557,#11558);
#9304=AXIS2_PLACEMENT_3D('',#14828,#11559,#11560);
#9305=AXIS2_PLACEMENT_3D('',#14829,#11561,#11562);
#9306=AXIS2_PLACEMENT_3D('',#14830,#11563,#11564);
#9307=AXIS2_PLACEMENT_3D('',#14832,#11565,#11566);
#9308=AXIS2_PLACEMENT_3D('',#14833,#11567,#11568);
#9309=AXIS2_PLACEMENT_3D('',#14834,#11569,#11570);
#9310=AXIS2_PLACEMENT_3D('',#14836,#11571,#11572);
#9311=AXIS2_PLACEMENT_3D('',#14837,#11573,#11574);
#9312=AXIS2_PLACEMENT_3D('',#14838,#11575,#11576);
#9313=AXIS2_PLACEMENT_3D('',#14840,#11577,#11578);
#9314=AXIS2_PLACEMENT_3D('',#14841,#11579,#11580);
#9315=AXIS2_PLACEMENT_3D('',#14842,#11581,#11582);
#9316=AXIS2_PLACEMENT_3D('',#14844,#11583,#11584);
#9317=AXIS2_PLACEMENT_3D('',#14845,#11585,#11586);
#9318=AXIS2_PLACEMENT_3D('',#14846,#11587,#11588);
#9319=AXIS2_PLACEMENT_3D('',#14848,#11589,#11590);
#9320=AXIS2_PLACEMENT_3D('',#14849,#11591,#11592);
#9321=AXIS2_PLACEMENT_3D('',#14850,#11593,#11594);
#9322=AXIS2_PLACEMENT_3D('',#14852,#11595,#11596);
#9323=AXIS2_PLACEMENT_3D('',#14853,#11597,#11598);
#9324=AXIS2_PLACEMENT_3D('',#14854,#11599,#11600);
#9325=AXIS2_PLACEMENT_3D('',#14856,#11601,#11602);
#9326=AXIS2_PLACEMENT_3D('',#14857,#11603,#11604);
#9327=AXIS2_PLACEMENT_3D('',#14858,#11605,#11606);
#9328=AXIS2_PLACEMENT_3D('',#14860,#11607,#11608);
#9329=AXIS2_PLACEMENT_3D('',#14861,#11609,#11610);
#9330=AXIS2_PLACEMENT_3D('',#14862,#11611,#11612);
#9331=AXIS2_PLACEMENT_3D('',#14864,#11613,#11614);
#9332=AXIS2_PLACEMENT_3D('',#14865,#11615,#11616);
#9333=AXIS2_PLACEMENT_3D('',#14866,#11617,#11618);
#9334=AXIS2_PLACEMENT_3D('',#14867,#11619,#11620);
#9335=AXIS2_PLACEMENT_3D('',#14868,#11621,#11622);
#9336=AXIS2_PLACEMENT_3D('',#14870,#11623,#11624);
#9337=AXIS2_PLACEMENT_3D('',#14872,#11625,#11626);
#9338=AXIS2_PLACEMENT_3D('',#14873,#11627,#11628);
#9339=AXIS2_PLACEMENT_3D('',#14874,#11629,#11630);
#9340=AXIS2_PLACEMENT_3D('',#14876,#11631,#11632);
#9341=AXIS2_PLACEMENT_3D('',#14877,#11633,#11634);
#9342=AXIS2_PLACEMENT_3D('',#14878,#11635,#11636);
#9343=AXIS2_PLACEMENT_3D('',#14880,#11637,#11638);
#9344=AXIS2_PLACEMENT_3D('',#14881,#11639,#11640);
#9345=AXIS2_PLACEMENT_3D('',#14882,#11641,#11642);
#9346=AXIS2_PLACEMENT_3D('',#14884,#11643,#11644);
#9347=AXIS2_PLACEMENT_3D('',#14885,#11645,#11646);
#9348=AXIS2_PLACEMENT_3D('',#14886,#11647,#11648);
#9349=AXIS2_PLACEMENT_3D('',#14888,#11649,#11650);
#9350=AXIS2_PLACEMENT_3D('',#14889,#11651,#11652);
#9351=AXIS2_PLACEMENT_3D('',#14890,#11653,#11654);
#9352=AXIS2_PLACEMENT_3D('',#14892,#11655,#11656);
#9353=AXIS2_PLACEMENT_3D('',#14893,#11657,#11658);
#9354=AXIS2_PLACEMENT_3D('',#14894,#11659,#11660);
#9355=AXIS2_PLACEMENT_3D('',#14896,#11661,#11662);
#9356=AXIS2_PLACEMENT_3D('',#14897,#11663,#11664);
#9357=AXIS2_PLACEMENT_3D('',#14898,#11665,#11666);
#9358=AXIS2_PLACEMENT_3D('',#14900,#11667,#11668);
#9359=AXIS2_PLACEMENT_3D('',#14901,#11669,#11670);
#9360=AXIS2_PLACEMENT_3D('',#14902,#11671,#11672);
#9361=AXIS2_PLACEMENT_3D('',#14904,#11673,#11674);
#9362=AXIS2_PLACEMENT_3D('',#14905,#11675,#11676);
#9363=AXIS2_PLACEMENT_3D('',#14906,#11677,#11678);
#9364=AXIS2_PLACEMENT_3D('',#14908,#11679,#11680);
#9365=AXIS2_PLACEMENT_3D('',#14909,#11681,#11682);
#9366=AXIS2_PLACEMENT_3D('',#14910,#11683,#11684);
#9367=AXIS2_PLACEMENT_3D('',#14912,#11685,#11686);
#9368=AXIS2_PLACEMENT_3D('',#14913,#11687,#11688);
#9369=AXIS2_PLACEMENT_3D('',#14914,#11689,#11690);
#9370=AXIS2_PLACEMENT_3D('',#14916,#11691,#11692);
#9371=AXIS2_PLACEMENT_3D('',#14917,#11693,#11694);
#9372=AXIS2_PLACEMENT_3D('',#14918,#11695,#11696);
#9373=AXIS2_PLACEMENT_3D('',#14920,#11697,#11698);
#9374=AXIS2_PLACEMENT_3D('',#14921,#11699,#11700);
#9375=AXIS2_PLACEMENT_3D('',#14922,#11701,#11702);
#9376=AXIS2_PLACEMENT_3D('',#14924,#11703,#11704);
#9377=AXIS2_PLACEMENT_3D('',#14925,#11705,#11706);
#9378=AXIS2_PLACEMENT_3D('',#14926,#11707,#11708);
#9379=AXIS2_PLACEMENT_3D('',#14928,#11709,#11710);
#9380=AXIS2_PLACEMENT_3D('',#14929,#11711,#11712);
#9381=AXIS2_PLACEMENT_3D('',#14930,#11713,#11714);
#9382=AXIS2_PLACEMENT_3D('',#14931,#11715,#11716);
#9383=AXIS2_PLACEMENT_3D('',#14932,#11717,#11718);
#9384=AXIS2_PLACEMENT_3D('',#14934,#11719,#11720);
#9385=AXIS2_PLACEMENT_3D('',#14936,#11721,#11722);
#9386=AXIS2_PLACEMENT_3D('',#14937,#11723,#11724);
#9387=AXIS2_PLACEMENT_3D('',#14938,#11725,#11726);
#9388=AXIS2_PLACEMENT_3D('',#14940,#11727,#11728);
#9389=AXIS2_PLACEMENT_3D('',#14941,#11729,#11730);
#9390=AXIS2_PLACEMENT_3D('',#14942,#11731,#11732);
#9391=AXIS2_PLACEMENT_3D('',#14944,#11733,#11734);
#9392=AXIS2_PLACEMENT_3D('',#14945,#11735,#11736);
#9393=AXIS2_PLACEMENT_3D('',#14946,#11737,#11738);
#9394=AXIS2_PLACEMENT_3D('',#14948,#11739,#11740);
#9395=AXIS2_PLACEMENT_3D('',#14949,#11741,#11742);
#9396=AXIS2_PLACEMENT_3D('',#14950,#11743,#11744);
#9397=AXIS2_PLACEMENT_3D('',#14952,#11745,#11746);
#9398=AXIS2_PLACEMENT_3D('',#14953,#11747,#11748);
#9399=AXIS2_PLACEMENT_3D('',#14954,#11749,#11750);
#9400=AXIS2_PLACEMENT_3D('',#14956,#11751,#11752);
#9401=AXIS2_PLACEMENT_3D('',#14957,#11753,#11754);
#9402=AXIS2_PLACEMENT_3D('',#14958,#11755,#11756);
#9403=AXIS2_PLACEMENT_3D('',#14960,#11757,#11758);
#9404=AXIS2_PLACEMENT_3D('',#14961,#11759,#11760);
#9405=AXIS2_PLACEMENT_3D('',#14962,#11761,#11762);
#9406=AXIS2_PLACEMENT_3D('',#14964,#11763,#11764);
#9407=AXIS2_PLACEMENT_3D('',#14965,#11765,#11766);
#9408=AXIS2_PLACEMENT_3D('',#14966,#11767,#11768);
#9409=AXIS2_PLACEMENT_3D('',#14968,#11769,#11770);
#9410=AXIS2_PLACEMENT_3D('',#14969,#11771,#11772);
#9411=AXIS2_PLACEMENT_3D('',#14970,#11773,#11774);
#9412=AXIS2_PLACEMENT_3D('',#14972,#11775,#11776);
#9413=AXIS2_PLACEMENT_3D('',#14973,#11777,#11778);
#9414=AXIS2_PLACEMENT_3D('',#14974,#11779,#11780);
#9415=AXIS2_PLACEMENT_3D('',#14976,#11781,#11782);
#9416=AXIS2_PLACEMENT_3D('',#14977,#11783,#11784);
#9417=AXIS2_PLACEMENT_3D('',#14978,#11785,#11786);
#9418=AXIS2_PLACEMENT_3D('',#14980,#11787,#11788);
#9419=AXIS2_PLACEMENT_3D('',#14981,#11789,#11790);
#9420=AXIS2_PLACEMENT_3D('',#14982,#11791,#11792);
#9421=AXIS2_PLACEMENT_3D('',#14984,#11793,#11794);
#9422=AXIS2_PLACEMENT_3D('',#14985,#11795,#11796);
#9423=AXIS2_PLACEMENT_3D('',#14986,#11797,#11798);
#9424=AXIS2_PLACEMENT_3D('',#14988,#11799,#11800);
#9425=AXIS2_PLACEMENT_3D('',#14989,#11801,#11802);
#9426=AXIS2_PLACEMENT_3D('',#14990,#11803,#11804);
#9427=AXIS2_PLACEMENT_3D('',#14992,#11805,#11806);
#9428=AXIS2_PLACEMENT_3D('',#14993,#11807,#11808);
#9429=AXIS2_PLACEMENT_3D('',#14994,#11809,#11810);
#9430=AXIS2_PLACEMENT_3D('',#14995,#11811,#11812);
#9431=AXIS2_PLACEMENT_3D('',#14996,#11813,#11814);
#9432=AXIS2_PLACEMENT_3D('',#14998,#11815,#11816);
#9433=AXIS2_PLACEMENT_3D('',#15000,#11817,#11818);
#9434=AXIS2_PLACEMENT_3D('',#15001,#11819,#11820);
#9435=AXIS2_PLACEMENT_3D('',#15002,#11821,#11822);
#9436=AXIS2_PLACEMENT_3D('',#15004,#11823,#11824);
#9437=AXIS2_PLACEMENT_3D('',#15005,#11825,#11826);
#9438=AXIS2_PLACEMENT_3D('',#15006,#11827,#11828);
#9439=AXIS2_PLACEMENT_3D('',#15008,#11829,#11830);
#9440=AXIS2_PLACEMENT_3D('',#15009,#11831,#11832);
#9441=AXIS2_PLACEMENT_3D('',#15010,#11833,#11834);
#9442=AXIS2_PLACEMENT_3D('',#15012,#11835,#11836);
#9443=AXIS2_PLACEMENT_3D('',#15013,#11837,#11838);
#9444=AXIS2_PLACEMENT_3D('',#15014,#11839,#11840);
#9445=AXIS2_PLACEMENT_3D('',#15016,#11841,#11842);
#9446=AXIS2_PLACEMENT_3D('',#15017,#11843,#11844);
#9447=AXIS2_PLACEMENT_3D('',#15018,#11845,#11846);
#9448=AXIS2_PLACEMENT_3D('',#15020,#11847,#11848);
#9449=AXIS2_PLACEMENT_3D('',#15021,#11849,#11850);
#9450=AXIS2_PLACEMENT_3D('',#15022,#11851,#11852);
#9451=AXIS2_PLACEMENT_3D('',#15024,#11853,#11854);
#9452=AXIS2_PLACEMENT_3D('',#15025,#11855,#11856);
#9453=AXIS2_PLACEMENT_3D('',#15026,#11857,#11858);
#9454=AXIS2_PLACEMENT_3D('',#15028,#11859,#11860);
#9455=AXIS2_PLACEMENT_3D('',#15029,#11861,#11862);
#9456=AXIS2_PLACEMENT_3D('',#15030,#11863,#11864);
#9457=AXIS2_PLACEMENT_3D('',#15032,#11865,#11866);
#9458=AXIS2_PLACEMENT_3D('',#15033,#11867,#11868);
#9459=AXIS2_PLACEMENT_3D('',#15034,#11869,#11870);
#9460=AXIS2_PLACEMENT_3D('',#15036,#11871,#11872);
#9461=AXIS2_PLACEMENT_3D('',#15037,#11873,#11874);
#9462=AXIS2_PLACEMENT_3D('',#15038,#11875,#11876);
#9463=AXIS2_PLACEMENT_3D('',#15040,#11877,#11878);
#9464=AXIS2_PLACEMENT_3D('',#15041,#11879,#11880);
#9465=AXIS2_PLACEMENT_3D('',#15042,#11881,#11882);
#9466=AXIS2_PLACEMENT_3D('',#15044,#11883,#11884);
#9467=AXIS2_PLACEMENT_3D('',#15045,#11885,#11886);
#9468=AXIS2_PLACEMENT_3D('',#15046,#11887,#11888);
#9469=AXIS2_PLACEMENT_3D('',#15048,#11889,#11890);
#9470=AXIS2_PLACEMENT_3D('',#15049,#11891,#11892);
#9471=AXIS2_PLACEMENT_3D('',#15050,#11893,#11894);
#9472=AXIS2_PLACEMENT_3D('',#15052,#11895,#11896);
#9473=AXIS2_PLACEMENT_3D('',#15053,#11897,#11898);
#9474=AXIS2_PLACEMENT_3D('',#15054,#11899,#11900);
#9475=AXIS2_PLACEMENT_3D('',#15056,#11901,#11902);
#9476=AXIS2_PLACEMENT_3D('',#15057,#11903,#11904);
#9477=AXIS2_PLACEMENT_3D('',#15058,#11905,#11906);
#9478=AXIS2_PLACEMENT_3D('',#15059,#11907,#11908);
#9479=AXIS2_PLACEMENT_3D('',#15060,#11909,#11910);
#9480=AXIS2_PLACEMENT_3D('',#15062,#11911,#11912);
#9481=AXIS2_PLACEMENT_3D('',#15064,#11913,#11914);
#9482=AXIS2_PLACEMENT_3D('',#15065,#11915,#11916);
#9483=AXIS2_PLACEMENT_3D('',#15066,#11917,#11918);
#9484=AXIS2_PLACEMENT_3D('',#15068,#11919,#11920);
#9485=AXIS2_PLACEMENT_3D('',#15069,#11921,#11922);
#9486=AXIS2_PLACEMENT_3D('',#15070,#11923,#11924);
#9487=AXIS2_PLACEMENT_3D('',#15072,#11925,#11926);
#9488=AXIS2_PLACEMENT_3D('',#15073,#11927,#11928);
#9489=AXIS2_PLACEMENT_3D('',#15074,#11929,#11930);
#9490=AXIS2_PLACEMENT_3D('',#15076,#11931,#11932);
#9491=AXIS2_PLACEMENT_3D('',#15077,#11933,#11934);
#9492=AXIS2_PLACEMENT_3D('',#15078,#11935,#11936);
#9493=AXIS2_PLACEMENT_3D('',#15080,#11937,#11938);
#9494=AXIS2_PLACEMENT_3D('',#15081,#11939,#11940);
#9495=AXIS2_PLACEMENT_3D('',#15082,#11941,#11942);
#9496=AXIS2_PLACEMENT_3D('',#15084,#11943,#11944);
#9497=AXIS2_PLACEMENT_3D('',#15085,#11945,#11946);
#9498=AXIS2_PLACEMENT_3D('',#15086,#11947,#11948);
#9499=AXIS2_PLACEMENT_3D('',#15088,#11949,#11950);
#9500=AXIS2_PLACEMENT_3D('',#15089,#11951,#11952);
#9501=AXIS2_PLACEMENT_3D('',#15090,#11953,#11954);
#9502=AXIS2_PLACEMENT_3D('',#15092,#11955,#11956);
#9503=AXIS2_PLACEMENT_3D('',#15093,#11957,#11958);
#9504=AXIS2_PLACEMENT_3D('',#15094,#11959,#11960);
#9505=AXIS2_PLACEMENT_3D('',#15096,#11961,#11962);
#9506=AXIS2_PLACEMENT_3D('',#15097,#11963,#11964);
#9507=AXIS2_PLACEMENT_3D('',#15098,#11965,#11966);
#9508=AXIS2_PLACEMENT_3D('',#15100,#11967,#11968);
#9509=AXIS2_PLACEMENT_3D('',#15101,#11969,#11970);
#9510=AXIS2_PLACEMENT_3D('',#15102,#11971,#11972);
#9511=AXIS2_PLACEMENT_3D('',#15104,#11973,#11974);
#9512=AXIS2_PLACEMENT_3D('',#15105,#11975,#11976);
#9513=AXIS2_PLACEMENT_3D('',#15106,#11977,#11978);
#9514=AXIS2_PLACEMENT_3D('',#15108,#11979,#11980);
#9515=AXIS2_PLACEMENT_3D('',#15109,#11981,#11982);
#9516=AXIS2_PLACEMENT_3D('',#15110,#11983,#11984);
#9517=AXIS2_PLACEMENT_3D('',#15112,#11985,#11986);
#9518=AXIS2_PLACEMENT_3D('',#15113,#11987,#11988);
#9519=AXIS2_PLACEMENT_3D('',#15114,#11989,#11990);
#9520=AXIS2_PLACEMENT_3D('',#15116,#11991,#11992);
#9521=AXIS2_PLACEMENT_3D('',#15117,#11993,#11994);
#9522=AXIS2_PLACEMENT_3D('',#15118,#11995,#11996);
#9523=AXIS2_PLACEMENT_3D('',#15120,#11997,#11998);
#9524=AXIS2_PLACEMENT_3D('',#15121,#11999,#12000);
#9525=AXIS2_PLACEMENT_3D('',#15122,#12001,#12002);
#9526=AXIS2_PLACEMENT_3D('',#15123,#12003,#12004);
#9527=AXIS2_PLACEMENT_3D('',#15124,#12005,#12006);
#9528=AXIS2_PLACEMENT_3D('',#15126,#12007,#12008);
#9529=AXIS2_PLACEMENT_3D('',#15128,#12009,#12010);
#9530=AXIS2_PLACEMENT_3D('',#15129,#12011,#12012);
#9531=AXIS2_PLACEMENT_3D('',#15130,#12013,#12014);
#9532=AXIS2_PLACEMENT_3D('',#15132,#12015,#12016);
#9533=AXIS2_PLACEMENT_3D('',#15133,#12017,#12018);
#9534=AXIS2_PLACEMENT_3D('',#15134,#12019,#12020);
#9535=AXIS2_PLACEMENT_3D('',#15136,#12021,#12022);
#9536=AXIS2_PLACEMENT_3D('',#15137,#12023,#12024);
#9537=AXIS2_PLACEMENT_3D('',#15138,#12025,#12026);
#9538=AXIS2_PLACEMENT_3D('',#15140,#12027,#12028);
#9539=AXIS2_PLACEMENT_3D('',#15141,#12029,#12030);
#9540=AXIS2_PLACEMENT_3D('',#15142,#12031,#12032);
#9541=AXIS2_PLACEMENT_3D('',#15144,#12033,#12034);
#9542=AXIS2_PLACEMENT_3D('',#15145,#12035,#12036);
#9543=AXIS2_PLACEMENT_3D('',#15146,#12037,#12038);
#9544=AXIS2_PLACEMENT_3D('',#15148,#12039,#12040);
#9545=AXIS2_PLACEMENT_3D('',#15149,#12041,#12042);
#9546=AXIS2_PLACEMENT_3D('',#15150,#12043,#12044);
#9547=AXIS2_PLACEMENT_3D('',#15152,#12045,#12046);
#9548=AXIS2_PLACEMENT_3D('',#15153,#12047,#12048);
#9549=AXIS2_PLACEMENT_3D('',#15154,#12049,#12050);
#9550=AXIS2_PLACEMENT_3D('',#15156,#12051,#12052);
#9551=AXIS2_PLACEMENT_3D('',#15157,#12053,#12054);
#9552=AXIS2_PLACEMENT_3D('',#15158,#12055,#12056);
#9553=AXIS2_PLACEMENT_3D('',#15160,#12057,#12058);
#9554=AXIS2_PLACEMENT_3D('',#15161,#12059,#12060);
#9555=AXIS2_PLACEMENT_3D('',#15162,#12061,#12062);
#9556=AXIS2_PLACEMENT_3D('',#15164,#12063,#12064);
#9557=AXIS2_PLACEMENT_3D('',#15165,#12065,#12066);
#9558=AXIS2_PLACEMENT_3D('',#15166,#12067,#12068);
#9559=AXIS2_PLACEMENT_3D('',#15168,#12069,#12070);
#9560=AXIS2_PLACEMENT_3D('',#15169,#12071,#12072);
#9561=AXIS2_PLACEMENT_3D('',#15170,#12073,#12074);
#9562=AXIS2_PLACEMENT_3D('',#15172,#12075,#12076);
#9563=AXIS2_PLACEMENT_3D('',#15173,#12077,#12078);
#9564=AXIS2_PLACEMENT_3D('',#15174,#12079,#12080);
#9565=AXIS2_PLACEMENT_3D('',#15176,#12081,#12082);
#9566=AXIS2_PLACEMENT_3D('',#15177,#12083,#12084);
#9567=AXIS2_PLACEMENT_3D('',#15178,#12085,#12086);
#9568=AXIS2_PLACEMENT_3D('',#15180,#12087,#12088);
#9569=AXIS2_PLACEMENT_3D('',#15181,#12089,#12090);
#9570=AXIS2_PLACEMENT_3D('',#15182,#12091,#12092);
#9571=AXIS2_PLACEMENT_3D('',#15184,#12093,#12094);
#9572=AXIS2_PLACEMENT_3D('',#15185,#12095,#12096);
#9573=AXIS2_PLACEMENT_3D('',#15186,#12097,#12098);
#9574=AXIS2_PLACEMENT_3D('',#15187,#12099,#12100);
#9575=AXIS2_PLACEMENT_3D('',#15188,#12101,#12102);
#9576=AXIS2_PLACEMENT_3D('',#15190,#12103,#12104);
#9577=AXIS2_PLACEMENT_3D('',#15191,#12105,#12106);
#9578=AXIS2_PLACEMENT_3D('',#15193,#12107,#12108);
#9579=AXIS2_PLACEMENT_3D('',#15194,#12109,#12110);
#9580=AXIS2_PLACEMENT_3D('',#15196,#12111,#12112);
#9581=AXIS2_PLACEMENT_3D('',#15197,#12113,#12114);
#9582=AXIS2_PLACEMENT_3D('',#15199,#12115,#12116);
#9583=AXIS2_PLACEMENT_3D('',#15200,#12117,#12118);
#9584=AXIS2_PLACEMENT_3D('',#15202,#12119,#12120);
#9585=AXIS2_PLACEMENT_3D('',#15203,#12121,#12122);
#9586=AXIS2_PLACEMENT_3D('',#15205,#12123,#12124);
#9587=AXIS2_PLACEMENT_3D('',#15206,#12125,#12126);
#9588=AXIS2_PLACEMENT_3D('',#15208,#12127,#12128);
#9589=AXIS2_PLACEMENT_3D('',#15209,#12129,#12130);
#9590=AXIS2_PLACEMENT_3D('',#15211,#12131,#12132);
#9591=AXIS2_PLACEMENT_3D('',#15212,#12133,#12134);
#9592=AXIS2_PLACEMENT_3D('',#15214,#12135,#12136);
#9593=AXIS2_PLACEMENT_3D('',#15215,#12137,#12138);
#9594=AXIS2_PLACEMENT_3D('',#15217,#12139,#12140);
#9595=AXIS2_PLACEMENT_3D('',#15218,#12141,#12142);
#9596=AXIS2_PLACEMENT_3D('',#15220,#12143,#12144);
#9597=AXIS2_PLACEMENT_3D('',#15221,#12145,#12146);
#9598=AXIS2_PLACEMENT_3D('',#15223,#12147,#12148);
#9599=AXIS2_PLACEMENT_3D('',#15224,#12149,#12150);
#9600=AXIS2_PLACEMENT_3D('',#15226,#12151,#12152);
#9601=AXIS2_PLACEMENT_3D('',#15227,#12153,#12154);
#9602=AXIS2_PLACEMENT_3D('',#15229,#12155,#12156);
#9603=AXIS2_PLACEMENT_3D('',#15238,#12161,#12162);
#9604=AXIS2_PLACEMENT_3D('',#15241,#12165,#12166);
#9605=AXIS2_PLACEMENT_3D('',#15243,#12168,#12169);
#9606=AXIS2_PLACEMENT_3D('',#15245,#12171,#12172);
#9607=AXIS2_PLACEMENT_3D('',#15246,#12173,#12174);
#9608=AXIS2_PLACEMENT_3D('',#15247,#12175,#12176);
#9609=AXIS2_PLACEMENT_3D('',#15250,#12177,#12178);
#9610=AXIS2_PLACEMENT_3D('',#15252,#12179,#12180);
#9611=AXIS2_PLACEMENT_3D('',#15254,#12181,#12182);
#9612=AXIS2_PLACEMENT_3D('',#15256,#12183,#12184);
#9613=AXIS2_PLACEMENT_3D('',#15258,#12185,#12186);
#9614=AXIS2_PLACEMENT_3D('',#15260,#12187,#12188);
#9615=AXIS2_PLACEMENT_3D('',#15262,#12189,#12190);
#9616=AXIS2_PLACEMENT_3D('',#15264,#12191,#12192);
#9617=AXIS2_PLACEMENT_3D('',#15266,#12193,#12194);
#9618=AXIS2_PLACEMENT_3D('',#15268,#12195,#12196);
#9619=AXIS2_PLACEMENT_3D('',#15270,#12197,#12198);
#9620=AXIS2_PLACEMENT_3D('',#15272,#12199,#12200);
#9621=AXIS2_PLACEMENT_3D('',#15274,#12201,#12202);
#9622=AXIS2_PLACEMENT_3D('',#15276,#12203,#12204);
#9623=AXIS2_PLACEMENT_3D('',#15278,#12205,#12206);
#9624=AXIS2_PLACEMENT_3D('',#15279,#12207,#12208);
#9625=AXIS2_PLACEMENT_3D('',#15280,#12209,#12210);
#9626=AXIS2_PLACEMENT_3D('',#15283,#12211,#12212);
#9627=AXIS2_PLACEMENT_3D('',#15285,#12213,#12214);
#9628=AXIS2_PLACEMENT_3D('',#15287,#12215,#12216);
#9629=AXIS2_PLACEMENT_3D('',#15289,#12217,#12218);
#9630=AXIS2_PLACEMENT_3D('',#15291,#12219,#12220);
#9631=AXIS2_PLACEMENT_3D('',#15293,#12221,#12222);
#9632=AXIS2_PLACEMENT_3D('',#15295,#12223,#12224);
#9633=AXIS2_PLACEMENT_3D('',#15297,#12225,#12226);
#9634=AXIS2_PLACEMENT_3D('',#15299,#12227,#12228);
#9635=AXIS2_PLACEMENT_3D('',#15301,#12229,#12230);
#9636=AXIS2_PLACEMENT_3D('',#15303,#12231,#12232);
#9637=AXIS2_PLACEMENT_3D('',#15305,#12233,#12234);
#9638=AXIS2_PLACEMENT_3D('',#15307,#12235,#12236);
#9639=AXIS2_PLACEMENT_3D('',#15309,#12237,#12238);
#9640=AXIS2_PLACEMENT_3D('',#15311,#12239,#12240);
#9641=AXIS2_PLACEMENT_3D('',#15312,#12241,#12242);
#9642=AXIS2_PLACEMENT_3D('',#15313,#12243,#12244);
#9643=AXIS2_PLACEMENT_3D('',#15316,#12245,#12246);
#9644=AXIS2_PLACEMENT_3D('',#15318,#12247,#12248);
#9645=AXIS2_PLACEMENT_3D('',#15320,#12249,#12250);
#9646=AXIS2_PLACEMENT_3D('',#15322,#12251,#12252);
#9647=AXIS2_PLACEMENT_3D('',#15324,#12253,#12254);
#9648=AXIS2_PLACEMENT_3D('',#15326,#12255,#12256);
#9649=AXIS2_PLACEMENT_3D('',#15328,#12257,#12258);
#9650=AXIS2_PLACEMENT_3D('',#15330,#12259,#12260);
#9651=AXIS2_PLACEMENT_3D('',#15332,#12261,#12262);
#9652=AXIS2_PLACEMENT_3D('',#15334,#12263,#12264);
#9653=AXIS2_PLACEMENT_3D('',#15336,#12265,#12266);
#9654=AXIS2_PLACEMENT_3D('',#15338,#12267,#12268);
#9655=AXIS2_PLACEMENT_3D('',#15340,#12269,#12270);
#9656=AXIS2_PLACEMENT_3D('',#15342,#12271,#12272);
#9657=AXIS2_PLACEMENT_3D('',#15344,#12273,#12274);
#9658=AXIS2_PLACEMENT_3D('',#15345,#12275,#12276);
#9659=AXIS2_PLACEMENT_3D('',#15346,#12277,#12278);
#9660=AXIS2_PLACEMENT_3D('',#15349,#12279,#12280);
#9661=AXIS2_PLACEMENT_3D('',#15351,#12281,#12282);
#9662=AXIS2_PLACEMENT_3D('',#15353,#12283,#12284);
#9663=AXIS2_PLACEMENT_3D('',#15355,#12285,#12286);
#9664=AXIS2_PLACEMENT_3D('',#15357,#12287,#12288);
#9665=AXIS2_PLACEMENT_3D('',#15359,#12289,#12290);
#9666=AXIS2_PLACEMENT_3D('',#15361,#12291,#12292);
#9667=AXIS2_PLACEMENT_3D('',#15363,#12293,#12294);
#9668=AXIS2_PLACEMENT_3D('',#15365,#12295,#12296);
#9669=AXIS2_PLACEMENT_3D('',#15367,#12297,#12298);
#9670=AXIS2_PLACEMENT_3D('',#15369,#12299,#12300);
#9671=AXIS2_PLACEMENT_3D('',#15371,#12301,#12302);
#9672=AXIS2_PLACEMENT_3D('',#15373,#12303,#12304);
#9673=AXIS2_PLACEMENT_3D('',#15375,#12305,#12306);
#9674=AXIS2_PLACEMENT_3D('',#15377,#12307,#12308);
#9675=AXIS2_PLACEMENT_3D('',#15378,#12309,#12310);
#9676=AXIS2_PLACEMENT_3D('',#15379,#12311,#12312);
#9677=AXIS2_PLACEMENT_3D('',#15382,#12313,#12314);
#9678=AXIS2_PLACEMENT_3D('',#15384,#12315,#12316);
#9679=AXIS2_PLACEMENT_3D('',#15386,#12317,#12318);
#9680=AXIS2_PLACEMENT_3D('',#15388,#12319,#12320);
#9681=AXIS2_PLACEMENT_3D('',#15390,#12321,#12322);
#9682=AXIS2_PLACEMENT_3D('',#15392,#12323,#12324);
#9683=AXIS2_PLACEMENT_3D('',#15394,#12325,#12326);
#9684=AXIS2_PLACEMENT_3D('',#15396,#12327,#12328);
#9685=AXIS2_PLACEMENT_3D('',#15398,#12329,#12330);
#9686=AXIS2_PLACEMENT_3D('',#15400,#12331,#12332);
#9687=AXIS2_PLACEMENT_3D('',#15402,#12333,#12334);
#9688=AXIS2_PLACEMENT_3D('',#15404,#12335,#12336);
#9689=AXIS2_PLACEMENT_3D('',#15406,#12337,#12338);
#9690=AXIS2_PLACEMENT_3D('',#15408,#12339,#12340);
#9691=AXIS2_PLACEMENT_3D('',#15410,#12341,#12342);
#9692=AXIS2_PLACEMENT_3D('',#15411,#12343,#12344);
#9693=AXIS2_PLACEMENT_3D('',#15412,#12345,#12346);
#9694=AXIS2_PLACEMENT_3D('',#15415,#12347,#12348);
#9695=AXIS2_PLACEMENT_3D('',#15417,#12349,#12350);
#9696=AXIS2_PLACEMENT_3D('',#15419,#12351,#12352);
#9697=AXIS2_PLACEMENT_3D('',#15421,#12353,#12354);
#9698=AXIS2_PLACEMENT_3D('',#15423,#12355,#12356);
#9699=AXIS2_PLACEMENT_3D('',#15425,#12357,#12358);
#9700=AXIS2_PLACEMENT_3D('',#15427,#12359,#12360);
#9701=AXIS2_PLACEMENT_3D('',#15429,#12361,#12362);
#9702=AXIS2_PLACEMENT_3D('',#15431,#12363,#12364);
#9703=AXIS2_PLACEMENT_3D('',#15433,#12365,#12366);
#9704=AXIS2_PLACEMENT_3D('',#15435,#12367,#12368);
#9705=AXIS2_PLACEMENT_3D('',#15437,#12369,#12370);
#9706=AXIS2_PLACEMENT_3D('',#15439,#12371,#12372);
#9707=AXIS2_PLACEMENT_3D('',#15441,#12373,#12374);
#9708=AXIS2_PLACEMENT_3D('',#15443,#12375,#12376);
#9709=AXIS2_PLACEMENT_3D('',#15444,#12377,#12378);
#9710=AXIS2_PLACEMENT_3D('',#15445,#12379,#12380);
#9711=AXIS2_PLACEMENT_3D('',#15448,#12381,#12382);
#9712=AXIS2_PLACEMENT_3D('',#15450,#12383,#12384);
#9713=AXIS2_PLACEMENT_3D('',#15452,#12385,#12386);
#9714=AXIS2_PLACEMENT_3D('',#15454,#12387,#12388);
#9715=AXIS2_PLACEMENT_3D('',#15456,#12389,#12390);
#9716=AXIS2_PLACEMENT_3D('',#15458,#12391,#12392);
#9717=AXIS2_PLACEMENT_3D('',#15460,#12393,#12394);
#9718=AXIS2_PLACEMENT_3D('',#15462,#12395,#12396);
#9719=AXIS2_PLACEMENT_3D('',#15464,#12397,#12398);
#9720=AXIS2_PLACEMENT_3D('',#15466,#12399,#12400);
#9721=AXIS2_PLACEMENT_3D('',#15468,#12401,#12402);
#9722=AXIS2_PLACEMENT_3D('',#15470,#12403,#12404);
#9723=AXIS2_PLACEMENT_3D('',#15472,#12405,#12406);
#9724=AXIS2_PLACEMENT_3D('',#15474,#12407,#12408);
#9725=AXIS2_PLACEMENT_3D('',#15476,#12409,#12410);
#9726=AXIS2_PLACEMENT_3D('',#15477,#12411,#12412);
#9727=AXIS2_PLACEMENT_3D('',#15480,#12414,#12415);
#9728=AXIS2_PLACEMENT_3D('',#15483,#12417,#12418);
#9729=AXIS2_PLACEMENT_3D('',#15484,#12419,#12420);
#9730=AXIS2_PLACEMENT_3D('',#15487,#12422,#12423);
#9731=AXIS2_PLACEMENT_3D('',#15488,#12424,#12425);
#9732=AXIS2_PLACEMENT_3D('',#15491,#12427,#12428);
#9733=AXIS2_PLACEMENT_3D('',#15492,#12429,#12430);
#9734=AXIS2_PLACEMENT_3D('',#15495,#12432,#12433);
#9735=AXIS2_PLACEMENT_3D('',#15496,#12434,#12435);
#9736=AXIS2_PLACEMENT_3D('',#15499,#12437,#12438);
#9737=AXIS2_PLACEMENT_3D('',#15500,#12439,#12440);
#9738=AXIS2_PLACEMENT_3D('',#15503,#12442,#12443);
#9739=AXIS2_PLACEMENT_3D('',#15504,#12444,#12445);
#9740=AXIS2_PLACEMENT_3D('',#15507,#12447,#12448);
#9741=AXIS2_PLACEMENT_3D('',#15508,#12449,#12450);
#9742=AXIS2_PLACEMENT_3D('',#15511,#12452,#12453);
#9743=AXIS2_PLACEMENT_3D('',#15512,#12454,#12455);
#9744=AXIS2_PLACEMENT_3D('',#15515,#12457,#12458);
#9745=AXIS2_PLACEMENT_3D('',#15516,#12459,#12460);
#9746=AXIS2_PLACEMENT_3D('',#15519,#12462,#12463);
#9747=AXIS2_PLACEMENT_3D('',#15520,#12464,#12465);
#9748=AXIS2_PLACEMENT_3D('',#15523,#12467,#12468);
#9749=AXIS2_PLACEMENT_3D('',#15524,#12469,#12470);
#9750=AXIS2_PLACEMENT_3D('',#15527,#12472,#12473);
#9751=AXIS2_PLACEMENT_3D('',#15528,#12474,#12475);
#9752=AXIS2_PLACEMENT_3D('',#15531,#12477,#12478);
#9753=AXIS2_PLACEMENT_3D('',#15532,#12479,#12480);
#9754=AXIS2_PLACEMENT_3D('',#15535,#12482,#12483);
#9755=AXIS2_PLACEMENT_3D('',#15536,#12484,#12485);
#9756=AXIS2_PLACEMENT_3D('',#15539,#12487,#12488);
#9757=AXIS2_PLACEMENT_3D('',#15540,#12489,#12490);
#9758=AXIS2_PLACEMENT_3D('',#15541,#12491,#12492);
#9759=AXIS2_PLACEMENT_3D('',#15544,#12494,#12495);
#9760=AXIS2_PLACEMENT_3D('',#15547,#12497,#12498);
#9761=AXIS2_PLACEMENT_3D('',#15548,#12499,#12500);
#9762=AXIS2_PLACEMENT_3D('',#15551,#12502,#12503);
#9763=AXIS2_PLACEMENT_3D('',#15552,#12504,#12505);
#9764=AXIS2_PLACEMENT_3D('',#15555,#12507,#12508);
#9765=AXIS2_PLACEMENT_3D('',#15556,#12509,#12510);
#9766=AXIS2_PLACEMENT_3D('',#15559,#12512,#12513);
#9767=AXIS2_PLACEMENT_3D('',#15560,#12514,#12515);
#9768=AXIS2_PLACEMENT_3D('',#15563,#12517,#12518);
#9769=AXIS2_PLACEMENT_3D('',#15564,#12519,#12520);
#9770=AXIS2_PLACEMENT_3D('',#15567,#12522,#12523);
#9771=AXIS2_PLACEMENT_3D('',#15568,#12524,#12525);
#9772=AXIS2_PLACEMENT_3D('',#15571,#12527,#12528);
#9773=AXIS2_PLACEMENT_3D('',#15572,#12529,#12530);
#9774=AXIS2_PLACEMENT_3D('',#15575,#12532,#12533);
#9775=AXIS2_PLACEMENT_3D('',#15576,#12534,#12535);
#9776=AXIS2_PLACEMENT_3D('',#15579,#12537,#12538);
#9777=AXIS2_PLACEMENT_3D('',#15580,#12539,#12540);
#9778=AXIS2_PLACEMENT_3D('',#15583,#12542,#12543);
#9779=AXIS2_PLACEMENT_3D('',#15584,#12544,#12545);
#9780=AXIS2_PLACEMENT_3D('',#15587,#12547,#12548);
#9781=AXIS2_PLACEMENT_3D('',#15588,#12549,#12550);
#9782=AXIS2_PLACEMENT_3D('',#15591,#12552,#12553);
#9783=AXIS2_PLACEMENT_3D('',#15592,#12554,#12555);
#9784=AXIS2_PLACEMENT_3D('',#15595,#12557,#12558);
#9785=AXIS2_PLACEMENT_3D('',#15596,#12559,#12560);
#9786=AXIS2_PLACEMENT_3D('',#15599,#12562,#12563);
#9787=AXIS2_PLACEMENT_3D('',#15600,#12564,#12565);
#9788=AXIS2_PLACEMENT_3D('',#15603,#12567,#12568);
#9789=AXIS2_PLACEMENT_3D('',#15604,#12569,#12570);
#9790=AXIS2_PLACEMENT_3D('',#15605,#12571,#12572);
#9791=AXIS2_PLACEMENT_3D('',#15608,#12574,#12575);
#9792=AXIS2_PLACEMENT_3D('',#15611,#12577,#12578);
#9793=AXIS2_PLACEMENT_3D('',#15612,#12579,#12580);
#9794=AXIS2_PLACEMENT_3D('',#15615,#12582,#12583);
#9795=AXIS2_PLACEMENT_3D('',#15616,#12584,#12585);
#9796=AXIS2_PLACEMENT_3D('',#15619,#12587,#12588);
#9797=AXIS2_PLACEMENT_3D('',#15620,#12589,#12590);
#9798=AXIS2_PLACEMENT_3D('',#15623,#12592,#12593);
#9799=AXIS2_PLACEMENT_3D('',#15624,#12594,#12595);
#9800=AXIS2_PLACEMENT_3D('',#15627,#12597,#12598);
#9801=AXIS2_PLACEMENT_3D('',#15628,#12599,#12600);
#9802=AXIS2_PLACEMENT_3D('',#15631,#12602,#12603);
#9803=AXIS2_PLACEMENT_3D('',#15632,#12604,#12605);
#9804=AXIS2_PLACEMENT_3D('',#15635,#12607,#12608);
#9805=AXIS2_PLACEMENT_3D('',#15636,#12609,#12610);
#9806=AXIS2_PLACEMENT_3D('',#15639,#12612,#12613);
#9807=AXIS2_PLACEMENT_3D('',#15640,#12614,#12615);
#9808=AXIS2_PLACEMENT_3D('',#15643,#12617,#12618);
#9809=AXIS2_PLACEMENT_3D('',#15644,#12619,#12620);
#9810=AXIS2_PLACEMENT_3D('',#15647,#12622,#12623);
#9811=AXIS2_PLACEMENT_3D('',#15648,#12624,#12625);
#9812=AXIS2_PLACEMENT_3D('',#15651,#12627,#12628);
#9813=AXIS2_PLACEMENT_3D('',#15652,#12629,#12630);
#9814=AXIS2_PLACEMENT_3D('',#15655,#12632,#12633);
#9815=AXIS2_PLACEMENT_3D('',#15656,#12634,#12635);
#9816=AXIS2_PLACEMENT_3D('',#15659,#12637,#12638);
#9817=AXIS2_PLACEMENT_3D('',#15660,#12639,#12640);
#9818=AXIS2_PLACEMENT_3D('',#15663,#12642,#12643);
#9819=AXIS2_PLACEMENT_3D('',#15664,#12644,#12645);
#9820=AXIS2_PLACEMENT_3D('',#15667,#12647,#12648);
#9821=AXIS2_PLACEMENT_3D('',#15668,#12649,#12650);
#9822=AXIS2_PLACEMENT_3D('',#15669,#12651,#12652);
#9823=AXIS2_PLACEMENT_3D('',#15672,#12654,#12655);
#9824=AXIS2_PLACEMENT_3D('',#15675,#12657,#12658);
#9825=AXIS2_PLACEMENT_3D('',#15676,#12659,#12660);
#9826=AXIS2_PLACEMENT_3D('',#15679,#12662,#12663);
#9827=AXIS2_PLACEMENT_3D('',#15680,#12664,#12665);
#9828=AXIS2_PLACEMENT_3D('',#15683,#12667,#12668);
#9829=AXIS2_PLACEMENT_3D('',#15684,#12669,#12670);
#9830=AXIS2_PLACEMENT_3D('',#15687,#12672,#12673);
#9831=AXIS2_PLACEMENT_3D('',#15688,#12674,#12675);
#9832=AXIS2_PLACEMENT_3D('',#15691,#12677,#12678);
#9833=AXIS2_PLACEMENT_3D('',#15692,#12679,#12680);
#9834=AXIS2_PLACEMENT_3D('',#15695,#12682,#12683);
#9835=AXIS2_PLACEMENT_3D('',#15696,#12684,#12685);
#9836=AXIS2_PLACEMENT_3D('',#15699,#12687,#12688);
#9837=AXIS2_PLACEMENT_3D('',#15700,#12689,#12690);
#9838=AXIS2_PLACEMENT_3D('',#15703,#12692,#12693);
#9839=AXIS2_PLACEMENT_3D('',#15704,#12694,#12695);
#9840=AXIS2_PLACEMENT_3D('',#15707,#12697,#12698);
#9841=AXIS2_PLACEMENT_3D('',#15708,#12699,#12700);
#9842=AXIS2_PLACEMENT_3D('',#15711,#12702,#12703);
#9843=AXIS2_PLACEMENT_3D('',#15712,#12704,#12705);
#9844=AXIS2_PLACEMENT_3D('',#15715,#12707,#12708);
#9845=AXIS2_PLACEMENT_3D('',#15716,#12709,#12710);
#9846=AXIS2_PLACEMENT_3D('',#15719,#12712,#12713);
#9847=AXIS2_PLACEMENT_3D('',#15720,#12714,#12715);
#9848=AXIS2_PLACEMENT_3D('',#15723,#12717,#12718);
#9849=AXIS2_PLACEMENT_3D('',#15724,#12719,#12720);
#9850=AXIS2_PLACEMENT_3D('',#15727,#12722,#12723);
#9851=AXIS2_PLACEMENT_3D('',#15728,#12724,#12725);
#9852=AXIS2_PLACEMENT_3D('',#15731,#12727,#12728);
#9853=AXIS2_PLACEMENT_3D('',#15732,#12729,#12730);
#9854=AXIS2_PLACEMENT_3D('',#15733,#12731,#12732);
#9855=AXIS2_PLACEMENT_3D('',#15736,#12734,#12735);
#9856=AXIS2_PLACEMENT_3D('',#15739,#12737,#12738);
#9857=AXIS2_PLACEMENT_3D('',#15740,#12739,#12740);
#9858=AXIS2_PLACEMENT_3D('',#15743,#12742,#12743);
#9859=AXIS2_PLACEMENT_3D('',#15744,#12744,#12745);
#9860=AXIS2_PLACEMENT_3D('',#15747,#12747,#12748);
#9861=AXIS2_PLACEMENT_3D('',#15748,#12749,#12750);
#9862=AXIS2_PLACEMENT_3D('',#15751,#12752,#12753);
#9863=AXIS2_PLACEMENT_3D('',#15752,#12754,#12755);
#9864=AXIS2_PLACEMENT_3D('',#15755,#12757,#12758);
#9865=AXIS2_PLACEMENT_3D('',#15756,#12759,#12760);
#9866=AXIS2_PLACEMENT_3D('',#15759,#12762,#12763);
#9867=AXIS2_PLACEMENT_3D('',#15760,#12764,#12765);
#9868=AXIS2_PLACEMENT_3D('',#15763,#12767,#12768);
#9869=AXIS2_PLACEMENT_3D('',#15764,#12769,#12770);
#9870=AXIS2_PLACEMENT_3D('',#15767,#12772,#12773);
#9871=AXIS2_PLACEMENT_3D('',#15768,#12774,#12775);
#9872=AXIS2_PLACEMENT_3D('',#15771,#12777,#12778);
#9873=AXIS2_PLACEMENT_3D('',#15772,#12779,#12780);
#9874=AXIS2_PLACEMENT_3D('',#15775,#12782,#12783);
#9875=AXIS2_PLACEMENT_3D('',#15776,#12784,#12785);
#9876=AXIS2_PLACEMENT_3D('',#15779,#12787,#12788);
#9877=AXIS2_PLACEMENT_3D('',#15780,#12789,#12790);
#9878=AXIS2_PLACEMENT_3D('',#15783,#12792,#12793);
#9879=AXIS2_PLACEMENT_3D('',#15784,#12794,#12795);
#9880=AXIS2_PLACEMENT_3D('',#15787,#12797,#12798);
#9881=AXIS2_PLACEMENT_3D('',#15788,#12799,#12800);
#9882=AXIS2_PLACEMENT_3D('',#15791,#12802,#12803);
#9883=AXIS2_PLACEMENT_3D('',#15792,#12804,#12805);
#9884=AXIS2_PLACEMENT_3D('',#15795,#12807,#12808);
#9885=AXIS2_PLACEMENT_3D('',#15796,#12809,#12810);
#9886=AXIS2_PLACEMENT_3D('',#15797,#12811,#12812);
#9887=AXIS2_PLACEMENT_3D('',#15800,#12814,#12815);
#9888=AXIS2_PLACEMENT_3D('',#15803,#12817,#12818);
#9889=AXIS2_PLACEMENT_3D('',#15804,#12819,#12820);
#9890=AXIS2_PLACEMENT_3D('',#15807,#12822,#12823);
#9891=AXIS2_PLACEMENT_3D('',#15808,#12824,#12825);
#9892=AXIS2_PLACEMENT_3D('',#15811,#12827,#12828);
#9893=AXIS2_PLACEMENT_3D('',#15812,#12829,#12830);
#9894=AXIS2_PLACEMENT_3D('',#15815,#12832,#12833);
#9895=AXIS2_PLACEMENT_3D('',#15816,#12834,#12835);
#9896=AXIS2_PLACEMENT_3D('',#15819,#12837,#12838);
#9897=AXIS2_PLACEMENT_3D('',#15820,#12839,#12840);
#9898=AXIS2_PLACEMENT_3D('',#15823,#12842,#12843);
#9899=AXIS2_PLACEMENT_3D('',#15824,#12844,#12845);
#9900=AXIS2_PLACEMENT_3D('',#15827,#12847,#12848);
#9901=AXIS2_PLACEMENT_3D('',#15828,#12849,#12850);
#9902=AXIS2_PLACEMENT_3D('',#15831,#12852,#12853);
#9903=AXIS2_PLACEMENT_3D('',#15832,#12854,#12855);
#9904=AXIS2_PLACEMENT_3D('',#15835,#12857,#12858);
#9905=AXIS2_PLACEMENT_3D('',#15836,#12859,#12860);
#9906=AXIS2_PLACEMENT_3D('',#15839,#12862,#12863);
#9907=AXIS2_PLACEMENT_3D('',#15840,#12864,#12865);
#9908=AXIS2_PLACEMENT_3D('',#15843,#12867,#12868);
#9909=AXIS2_PLACEMENT_3D('',#15844,#12869,#12870);
#9910=AXIS2_PLACEMENT_3D('',#15847,#12872,#12873);
#9911=AXIS2_PLACEMENT_3D('',#15848,#12874,#12875);
#9912=AXIS2_PLACEMENT_3D('',#15851,#12877,#12878);
#9913=AXIS2_PLACEMENT_3D('',#15852,#12879,#12880);
#9914=AXIS2_PLACEMENT_3D('',#15855,#12882,#12883);
#9915=AXIS2_PLACEMENT_3D('',#15856,#12884,#12885);
#9916=AXIS2_PLACEMENT_3D('',#15859,#12887,#12888);
#9917=AXIS2_PLACEMENT_3D('',#15860,#12889,#12890);
#9918=AXIS2_PLACEMENT_3D('',#15861,#12891,#12892);
#9919=AXIS2_PLACEMENT_3D('',#15864,#12894,#12895);
#9920=AXIS2_PLACEMENT_3D('',#15867,#12897,#12898);
#9921=AXIS2_PLACEMENT_3D('',#15868,#12899,#12900);
#9922=AXIS2_PLACEMENT_3D('',#15871,#12902,#12903);
#9923=AXIS2_PLACEMENT_3D('',#15872,#12904,#12905);
#9924=AXIS2_PLACEMENT_3D('',#15875,#12907,#12908);
#9925=AXIS2_PLACEMENT_3D('',#15876,#12909,#12910);
#9926=AXIS2_PLACEMENT_3D('',#15879,#12912,#12913);
#9927=AXIS2_PLACEMENT_3D('',#15880,#12914,#12915);
#9928=AXIS2_PLACEMENT_3D('',#15883,#12917,#12918);
#9929=AXIS2_PLACEMENT_3D('',#15884,#12919,#12920);
#9930=AXIS2_PLACEMENT_3D('',#15887,#12922,#12923);
#9931=AXIS2_PLACEMENT_3D('',#15888,#12924,#12925);
#9932=AXIS2_PLACEMENT_3D('',#15891,#12927,#12928);
#9933=AXIS2_PLACEMENT_3D('',#15892,#12929,#12930);
#9934=AXIS2_PLACEMENT_3D('',#15895,#12932,#12933);
#9935=AXIS2_PLACEMENT_3D('',#15896,#12934,#12935);
#9936=AXIS2_PLACEMENT_3D('',#15899,#12937,#12938);
#9937=AXIS2_PLACEMENT_3D('',#15900,#12939,#12940);
#9938=AXIS2_PLACEMENT_3D('',#15903,#12942,#12943);
#9939=AXIS2_PLACEMENT_3D('',#15904,#12944,#12945);
#9940=AXIS2_PLACEMENT_3D('',#15907,#12947,#12948);
#9941=AXIS2_PLACEMENT_3D('',#15908,#12949,#12950);
#9942=AXIS2_PLACEMENT_3D('',#15911,#12952,#12953);
#9943=AXIS2_PLACEMENT_3D('',#15912,#12954,#12955);
#9944=AXIS2_PLACEMENT_3D('',#15915,#12957,#12958);
#9945=AXIS2_PLACEMENT_3D('',#15916,#12959,#12960);
#9946=AXIS2_PLACEMENT_3D('',#15919,#12962,#12963);
#9947=AXIS2_PLACEMENT_3D('',#15920,#12964,#12965);
#9948=AXIS2_PLACEMENT_3D('',#15923,#12967,#12968);
#9949=AXIS2_PLACEMENT_3D('',#15924,#12969,#12970);
#9950=AXIS2_PLACEMENT_3D('',#15925,#12971,#12972);
#9951=AXIS2_PLACEMENT_3D('',#15926,#12973,#12974);
#9952=AXIS2_PLACEMENT_3D('',#15928,#12975,#12976);
#9953=AXIS2_PLACEMENT_3D('',#15930,#12977,#12978);
#9954=AXIS2_PLACEMENT_3D('',#15931,#12979,#12980);
#9955=AXIS2_PLACEMENT_3D('',#15932,#12981,#12982);
#9956=AXIS2_PLACEMENT_3D('',#15934,#12983,#12984);
#9957=AXIS2_PLACEMENT_3D('',#15935,#12985,#12986);
#9958=AXIS2_PLACEMENT_3D('',#15936,#12987,#12988);
#9959=AXIS2_PLACEMENT_3D('',#15938,#12989,#12990);
#9960=AXIS2_PLACEMENT_3D('',#15939,#12991,#12992);
#9961=AXIS2_PLACEMENT_3D('',#15940,#12993,#12994);
#9962=AXIS2_PLACEMENT_3D('',#15942,#12995,#12996);
#9963=AXIS2_PLACEMENT_3D('',#15943,#12997,#12998);
#9964=AXIS2_PLACEMENT_3D('',#15944,#12999,#13000);
#9965=AXIS2_PLACEMENT_3D('',#15946,#13001,#13002);
#9966=AXIS2_PLACEMENT_3D('',#15947,#13003,#13004);
#9967=AXIS2_PLACEMENT_3D('',#15948,#13005,#13006);
#9968=AXIS2_PLACEMENT_3D('',#15950,#13007,#13008);
#9969=AXIS2_PLACEMENT_3D('',#15951,#13009,#13010);
#9970=AXIS2_PLACEMENT_3D('',#15952,#13011,#13012);
#9971=AXIS2_PLACEMENT_3D('',#15954,#13013,#13014);
#9972=AXIS2_PLACEMENT_3D('',#15955,#13015,#13016);
#9973=AXIS2_PLACEMENT_3D('',#15956,#13017,#13018);
#9974=AXIS2_PLACEMENT_3D('',#15958,#13019,#13020);
#9975=AXIS2_PLACEMENT_3D('',#15959,#13021,#13022);
#9976=AXIS2_PLACEMENT_3D('',#15960,#13023,#13024);
#9977=AXIS2_PLACEMENT_3D('',#15962,#13025,#13026);
#9978=AXIS2_PLACEMENT_3D('',#15963,#13027,#13028);
#9979=AXIS2_PLACEMENT_3D('',#15964,#13029,#13030);
#9980=AXIS2_PLACEMENT_3D('',#15966,#13031,#13032);
#9981=AXIS2_PLACEMENT_3D('',#15967,#13033,#13034);
#9982=AXIS2_PLACEMENT_3D('',#15968,#13035,#13036);
#9983=AXIS2_PLACEMENT_3D('',#15970,#13037,#13038);
#9984=AXIS2_PLACEMENT_3D('',#15971,#13039,#13040);
#9985=AXIS2_PLACEMENT_3D('',#15972,#13041,#13042);
#9986=AXIS2_PLACEMENT_3D('',#15974,#13043,#13044);
#9987=AXIS2_PLACEMENT_3D('',#15975,#13045,#13046);
#9988=AXIS2_PLACEMENT_3D('',#15976,#13047,#13048);
#9989=AXIS2_PLACEMENT_3D('',#15978,#13049,#13050);
#9990=AXIS2_PLACEMENT_3D('',#15979,#13051,#13052);
#9991=AXIS2_PLACEMENT_3D('',#15980,#13053,#13054);
#9992=AXIS2_PLACEMENT_3D('',#15982,#13055,#13056);
#9993=AXIS2_PLACEMENT_3D('',#15983,#13057,#13058);
#9994=AXIS2_PLACEMENT_3D('',#15984,#13059,#13060);
#9995=AXIS2_PLACEMENT_3D('',#15986,#13061,#13062);
#9996=AXIS2_PLACEMENT_3D('',#15987,#13063,#13064);
#9997=AXIS2_PLACEMENT_3D('',#15988,#13065,#13066);
#9998=AXIS2_PLACEMENT_3D('',#15989,#13067,#13068);
#9999=AXIS2_PLACEMENT_3D('',#15990,#13069,#13070);
#10000=AXIS2_PLACEMENT_3D('',#15992,#13071,#13072);
#10001=AXIS2_PLACEMENT_3D('',#15994,#13073,#13074);
#10002=AXIS2_PLACEMENT_3D('',#15995,#13075,#13076);
#10003=AXIS2_PLACEMENT_3D('',#15996,#13077,#13078);
#10004=AXIS2_PLACEMENT_3D('',#15998,#13079,#13080);
#10005=AXIS2_PLACEMENT_3D('',#15999,#13081,#13082);
#10006=AXIS2_PLACEMENT_3D('',#16000,#13083,#13084);
#10007=AXIS2_PLACEMENT_3D('',#16002,#13085,#13086);
#10008=AXIS2_PLACEMENT_3D('',#16003,#13087,#13088);
#10009=AXIS2_PLACEMENT_3D('',#16004,#13089,#13090);
#10010=AXIS2_PLACEMENT_3D('',#16006,#13091,#13092);
#10011=AXIS2_PLACEMENT_3D('',#16007,#13093,#13094);
#10012=AXIS2_PLACEMENT_3D('',#16008,#13095,#13096);
#10013=AXIS2_PLACEMENT_3D('',#16010,#13097,#13098);
#10014=AXIS2_PLACEMENT_3D('',#16011,#13099,#13100);
#10015=AXIS2_PLACEMENT_3D('',#16012,#13101,#13102);
#10016=AXIS2_PLACEMENT_3D('',#16014,#13103,#13104);
#10017=AXIS2_PLACEMENT_3D('',#16015,#13105,#13106);
#10018=AXIS2_PLACEMENT_3D('',#16016,#13107,#13108);
#10019=AXIS2_PLACEMENT_3D('',#16018,#13109,#13110);
#10020=AXIS2_PLACEMENT_3D('',#16019,#13111,#13112);
#10021=AXIS2_PLACEMENT_3D('',#16020,#13113,#13114);
#10022=AXIS2_PLACEMENT_3D('',#16022,#13115,#13116);
#10023=AXIS2_PLACEMENT_3D('',#16023,#13117,#13118);
#10024=AXIS2_PLACEMENT_3D('',#16024,#13119,#13120);
#10025=AXIS2_PLACEMENT_3D('',#16026,#13121,#13122);
#10026=AXIS2_PLACEMENT_3D('',#16027,#13123,#13124);
#10027=AXIS2_PLACEMENT_3D('',#16028,#13125,#13126);
#10028=AXIS2_PLACEMENT_3D('',#16030,#13127,#13128);
#10029=AXIS2_PLACEMENT_3D('',#16031,#13129,#13130);
#10030=AXIS2_PLACEMENT_3D('',#16032,#13131,#13132);
#10031=AXIS2_PLACEMENT_3D('',#16034,#13133,#13134);
#10032=AXIS2_PLACEMENT_3D('',#16035,#13135,#13136);
#10033=AXIS2_PLACEMENT_3D('',#16036,#13137,#13138);
#10034=AXIS2_PLACEMENT_3D('',#16038,#13139,#13140);
#10035=AXIS2_PLACEMENT_3D('',#16039,#13141,#13142);
#10036=AXIS2_PLACEMENT_3D('',#16040,#13143,#13144);
#10037=AXIS2_PLACEMENT_3D('',#16042,#13145,#13146);
#10038=AXIS2_PLACEMENT_3D('',#16043,#13147,#13148);
#10039=AXIS2_PLACEMENT_3D('',#16044,#13149,#13150);
#10040=AXIS2_PLACEMENT_3D('',#16046,#13151,#13152);
#10041=AXIS2_PLACEMENT_3D('',#16047,#13153,#13154);
#10042=AXIS2_PLACEMENT_3D('',#16048,#13155,#13156);
#10043=AXIS2_PLACEMENT_3D('',#16050,#13157,#13158);
#10044=AXIS2_PLACEMENT_3D('',#16051,#13159,#13160);
#10045=AXIS2_PLACEMENT_3D('',#16052,#13161,#13162);
#10046=AXIS2_PLACEMENT_3D('',#16053,#13163,#13164);
#10047=AXIS2_PLACEMENT_3D('',#16054,#13165,#13166);
#10048=AXIS2_PLACEMENT_3D('',#16056,#13167,#13168);
#10049=AXIS2_PLACEMENT_3D('',#16058,#13169,#13170);
#10050=AXIS2_PLACEMENT_3D('',#16059,#13171,#13172);
#10051=AXIS2_PLACEMENT_3D('',#16060,#13173,#13174);
#10052=AXIS2_PLACEMENT_3D('',#16062,#13175,#13176);
#10053=AXIS2_PLACEMENT_3D('',#16063,#13177,#13178);
#10054=AXIS2_PLACEMENT_3D('',#16064,#13179,#13180);
#10055=AXIS2_PLACEMENT_3D('',#16066,#13181,#13182);
#10056=AXIS2_PLACEMENT_3D('',#16067,#13183,#13184);
#10057=AXIS2_PLACEMENT_3D('',#16068,#13185,#13186);
#10058=AXIS2_PLACEMENT_3D('',#16070,#13187,#13188);
#10059=AXIS2_PLACEMENT_3D('',#16071,#13189,#13190);
#10060=AXIS2_PLACEMENT_3D('',#16072,#13191,#13192);
#10061=AXIS2_PLACEMENT_3D('',#16074,#13193,#13194);
#10062=AXIS2_PLACEMENT_3D('',#16075,#13195,#13196);
#10063=AXIS2_PLACEMENT_3D('',#16076,#13197,#13198);
#10064=AXIS2_PLACEMENT_3D('',#16078,#13199,#13200);
#10065=AXIS2_PLACEMENT_3D('',#16079,#13201,#13202);
#10066=AXIS2_PLACEMENT_3D('',#16080,#13203,#13204);
#10067=AXIS2_PLACEMENT_3D('',#16082,#13205,#13206);
#10068=AXIS2_PLACEMENT_3D('',#16083,#13207,#13208);
#10069=AXIS2_PLACEMENT_3D('',#16084,#13209,#13210);
#10070=AXIS2_PLACEMENT_3D('',#16086,#13211,#13212);
#10071=AXIS2_PLACEMENT_3D('',#16087,#13213,#13214);
#10072=AXIS2_PLACEMENT_3D('',#16088,#13215,#13216);
#10073=AXIS2_PLACEMENT_3D('',#16090,#13217,#13218);
#10074=AXIS2_PLACEMENT_3D('',#16091,#13219,#13220);
#10075=AXIS2_PLACEMENT_3D('',#16092,#13221,#13222);
#10076=AXIS2_PLACEMENT_3D('',#16094,#13223,#13224);
#10077=AXIS2_PLACEMENT_3D('',#16095,#13225,#13226);
#10078=AXIS2_PLACEMENT_3D('',#16096,#13227,#13228);
#10079=AXIS2_PLACEMENT_3D('',#16098,#13229,#13230);
#10080=AXIS2_PLACEMENT_3D('',#16099,#13231,#13232);
#10081=AXIS2_PLACEMENT_3D('',#16100,#13233,#13234);
#10082=AXIS2_PLACEMENT_3D('',#16102,#13235,#13236);
#10083=AXIS2_PLACEMENT_3D('',#16103,#13237,#13238);
#10084=AXIS2_PLACEMENT_3D('',#16104,#13239,#13240);
#10085=AXIS2_PLACEMENT_3D('',#16106,#13241,#13242);
#10086=AXIS2_PLACEMENT_3D('',#16107,#13243,#13244);
#10087=AXIS2_PLACEMENT_3D('',#16108,#13245,#13246);
#10088=AXIS2_PLACEMENT_3D('',#16110,#13247,#13248);
#10089=AXIS2_PLACEMENT_3D('',#16111,#13249,#13250);
#10090=AXIS2_PLACEMENT_3D('',#16112,#13251,#13252);
#10091=AXIS2_PLACEMENT_3D('',#16114,#13253,#13254);
#10092=AXIS2_PLACEMENT_3D('',#16115,#13255,#13256);
#10093=AXIS2_PLACEMENT_3D('',#16116,#13257,#13258);
#10094=AXIS2_PLACEMENT_3D('',#16117,#13259,#13260);
#10095=AXIS2_PLACEMENT_3D('',#16118,#13261,#13262);
#10096=AXIS2_PLACEMENT_3D('',#16120,#13263,#13264);
#10097=AXIS2_PLACEMENT_3D('',#16122,#13265,#13266);
#10098=AXIS2_PLACEMENT_3D('',#16123,#13267,#13268);
#10099=AXIS2_PLACEMENT_3D('',#16124,#13269,#13270);
#10100=AXIS2_PLACEMENT_3D('',#16126,#13271,#13272);
#10101=AXIS2_PLACEMENT_3D('',#16127,#13273,#13274);
#10102=AXIS2_PLACEMENT_3D('',#16128,#13275,#13276);
#10103=AXIS2_PLACEMENT_3D('',#16130,#13277,#13278);
#10104=AXIS2_PLACEMENT_3D('',#16131,#13279,#13280);
#10105=AXIS2_PLACEMENT_3D('',#16132,#13281,#13282);
#10106=AXIS2_PLACEMENT_3D('',#16134,#13283,#13284);
#10107=AXIS2_PLACEMENT_3D('',#16135,#13285,#13286);
#10108=AXIS2_PLACEMENT_3D('',#16136,#13287,#13288);
#10109=AXIS2_PLACEMENT_3D('',#16138,#13289,#13290);
#10110=AXIS2_PLACEMENT_3D('',#16139,#13291,#13292);
#10111=AXIS2_PLACEMENT_3D('',#16140,#13293,#13294);
#10112=AXIS2_PLACEMENT_3D('',#16142,#13295,#13296);
#10113=AXIS2_PLACEMENT_3D('',#16143,#13297,#13298);
#10114=AXIS2_PLACEMENT_3D('',#16144,#13299,#13300);
#10115=AXIS2_PLACEMENT_3D('',#16146,#13301,#13302);
#10116=AXIS2_PLACEMENT_3D('',#16147,#13303,#13304);
#10117=AXIS2_PLACEMENT_3D('',#16148,#13305,#13306);
#10118=AXIS2_PLACEMENT_3D('',#16150,#13307,#13308);
#10119=AXIS2_PLACEMENT_3D('',#16151,#13309,#13310);
#10120=AXIS2_PLACEMENT_3D('',#16152,#13311,#13312);
#10121=AXIS2_PLACEMENT_3D('',#16154,#13313,#13314);
#10122=AXIS2_PLACEMENT_3D('',#16155,#13315,#13316);
#10123=AXIS2_PLACEMENT_3D('',#16156,#13317,#13318);
#10124=AXIS2_PLACEMENT_3D('',#16158,#13319,#13320);
#10125=AXIS2_PLACEMENT_3D('',#16159,#13321,#13322);
#10126=AXIS2_PLACEMENT_3D('',#16160,#13323,#13324);
#10127=AXIS2_PLACEMENT_3D('',#16162,#13325,#13326);
#10128=AXIS2_PLACEMENT_3D('',#16163,#13327,#13328);
#10129=AXIS2_PLACEMENT_3D('',#16164,#13329,#13330);
#10130=AXIS2_PLACEMENT_3D('',#16166,#13331,#13332);
#10131=AXIS2_PLACEMENT_3D('',#16167,#13333,#13334);
#10132=AXIS2_PLACEMENT_3D('',#16168,#13335,#13336);
#10133=AXIS2_PLACEMENT_3D('',#16170,#13337,#13338);
#10134=AXIS2_PLACEMENT_3D('',#16171,#13339,#13340);
#10135=AXIS2_PLACEMENT_3D('',#16172,#13341,#13342);
#10136=AXIS2_PLACEMENT_3D('',#16174,#13343,#13344);
#10137=AXIS2_PLACEMENT_3D('',#16175,#13345,#13346);
#10138=AXIS2_PLACEMENT_3D('',#16176,#13347,#13348);
#10139=AXIS2_PLACEMENT_3D('',#16178,#13349,#13350);
#10140=AXIS2_PLACEMENT_3D('',#16179,#13351,#13352);
#10141=AXIS2_PLACEMENT_3D('',#16180,#13353,#13354);
#10142=AXIS2_PLACEMENT_3D('',#16181,#13355,#13356);
#10143=AXIS2_PLACEMENT_3D('',#16182,#13357,#13358);
#10144=AXIS2_PLACEMENT_3D('',#16184,#13359,#13360);
#10145=AXIS2_PLACEMENT_3D('',#16186,#13361,#13362);
#10146=AXIS2_PLACEMENT_3D('',#16187,#13363,#13364);
#10147=AXIS2_PLACEMENT_3D('',#16188,#13365,#13366);
#10148=AXIS2_PLACEMENT_3D('',#16190,#13367,#13368);
#10149=AXIS2_PLACEMENT_3D('',#16191,#13369,#13370);
#10150=AXIS2_PLACEMENT_3D('',#16192,#13371,#13372);
#10151=AXIS2_PLACEMENT_3D('',#16194,#13373,#13374);
#10152=AXIS2_PLACEMENT_3D('',#16195,#13375,#13376);
#10153=AXIS2_PLACEMENT_3D('',#16196,#13377,#13378);
#10154=AXIS2_PLACEMENT_3D('',#16198,#13379,#13380);
#10155=AXIS2_PLACEMENT_3D('',#16199,#13381,#13382);
#10156=AXIS2_PLACEMENT_3D('',#16200,#13383,#13384);
#10157=AXIS2_PLACEMENT_3D('',#16202,#13385,#13386);
#10158=AXIS2_PLACEMENT_3D('',#16203,#13387,#13388);
#10159=AXIS2_PLACEMENT_3D('',#16204,#13389,#13390);
#10160=AXIS2_PLACEMENT_3D('',#16206,#13391,#13392);
#10161=AXIS2_PLACEMENT_3D('',#16207,#13393,#13394);
#10162=AXIS2_PLACEMENT_3D('',#16208,#13395,#13396);
#10163=AXIS2_PLACEMENT_3D('',#16210,#13397,#13398);
#10164=AXIS2_PLACEMENT_3D('',#16211,#13399,#13400);
#10165=AXIS2_PLACEMENT_3D('',#16212,#13401,#13402);
#10166=AXIS2_PLACEMENT_3D('',#16214,#13403,#13404);
#10167=AXIS2_PLACEMENT_3D('',#16215,#13405,#13406);
#10168=AXIS2_PLACEMENT_3D('',#16216,#13407,#13408);
#10169=AXIS2_PLACEMENT_3D('',#16218,#13409,#13410);
#10170=AXIS2_PLACEMENT_3D('',#16219,#13411,#13412);
#10171=AXIS2_PLACEMENT_3D('',#16220,#13413,#13414);
#10172=AXIS2_PLACEMENT_3D('',#16222,#13415,#13416);
#10173=AXIS2_PLACEMENT_3D('',#16223,#13417,#13418);
#10174=AXIS2_PLACEMENT_3D('',#16224,#13419,#13420);
#10175=AXIS2_PLACEMENT_3D('',#16226,#13421,#13422);
#10176=AXIS2_PLACEMENT_3D('',#16227,#13423,#13424);
#10177=AXIS2_PLACEMENT_3D('',#16228,#13425,#13426);
#10178=AXIS2_PLACEMENT_3D('',#16230,#13427,#13428);
#10179=AXIS2_PLACEMENT_3D('',#16231,#13429,#13430);
#10180=AXIS2_PLACEMENT_3D('',#16232,#13431,#13432);
#10181=AXIS2_PLACEMENT_3D('',#16234,#13433,#13434);
#10182=AXIS2_PLACEMENT_3D('',#16235,#13435,#13436);
#10183=AXIS2_PLACEMENT_3D('',#16236,#13437,#13438);
#10184=AXIS2_PLACEMENT_3D('',#16238,#13439,#13440);
#10185=AXIS2_PLACEMENT_3D('',#16239,#13441,#13442);
#10186=AXIS2_PLACEMENT_3D('',#16240,#13443,#13444);
#10187=AXIS2_PLACEMENT_3D('',#16242,#13445,#13446);
#10188=AXIS2_PLACEMENT_3D('',#16243,#13447,#13448);
#10189=AXIS2_PLACEMENT_3D('',#16244,#13449,#13450);
#10190=AXIS2_PLACEMENT_3D('',#16245,#13451,#13452);
#10191=AXIS2_PLACEMENT_3D('',#16246,#13453,#13454);
#10192=AXIS2_PLACEMENT_3D('',#16248,#13455,#13456);
#10193=AXIS2_PLACEMENT_3D('',#16250,#13457,#13458);
#10194=AXIS2_PLACEMENT_3D('',#16251,#13459,#13460);
#10195=AXIS2_PLACEMENT_3D('',#16252,#13461,#13462);
#10196=AXIS2_PLACEMENT_3D('',#16254,#13463,#13464);
#10197=AXIS2_PLACEMENT_3D('',#16255,#13465,#13466);
#10198=AXIS2_PLACEMENT_3D('',#16256,#13467,#13468);
#10199=AXIS2_PLACEMENT_3D('',#16258,#13469,#13470);
#10200=AXIS2_PLACEMENT_3D('',#16259,#13471,#13472);
#10201=AXIS2_PLACEMENT_3D('',#16260,#13473,#13474);
#10202=AXIS2_PLACEMENT_3D('',#16262,#13475,#13476);
#10203=AXIS2_PLACEMENT_3D('',#16263,#13477,#13478);
#10204=AXIS2_PLACEMENT_3D('',#16264,#13479,#13480);
#10205=AXIS2_PLACEMENT_3D('',#16266,#13481,#13482);
#10206=AXIS2_PLACEMENT_3D('',#16267,#13483,#13484);
#10207=AXIS2_PLACEMENT_3D('',#16268,#13485,#13486);
#10208=AXIS2_PLACEMENT_3D('',#16270,#13487,#13488);
#10209=AXIS2_PLACEMENT_3D('',#16271,#13489,#13490);
#10210=AXIS2_PLACEMENT_3D('',#16272,#13491,#13492);
#10211=AXIS2_PLACEMENT_3D('',#16274,#13493,#13494);
#10212=AXIS2_PLACEMENT_3D('',#16275,#13495,#13496);
#10213=AXIS2_PLACEMENT_3D('',#16276,#13497,#13498);
#10214=AXIS2_PLACEMENT_3D('',#16278,#13499,#13500);
#10215=AXIS2_PLACEMENT_3D('',#16279,#13501,#13502);
#10216=AXIS2_PLACEMENT_3D('',#16280,#13503,#13504);
#10217=AXIS2_PLACEMENT_3D('',#16282,#13505,#13506);
#10218=AXIS2_PLACEMENT_3D('',#16283,#13507,#13508);
#10219=AXIS2_PLACEMENT_3D('',#16284,#13509,#13510);
#10220=AXIS2_PLACEMENT_3D('',#16286,#13511,#13512);
#10221=AXIS2_PLACEMENT_3D('',#16287,#13513,#13514);
#10222=AXIS2_PLACEMENT_3D('',#16288,#13515,#13516);
#10223=AXIS2_PLACEMENT_3D('',#16290,#13517,#13518);
#10224=AXIS2_PLACEMENT_3D('',#16291,#13519,#13520);
#10225=AXIS2_PLACEMENT_3D('',#16292,#13521,#13522);
#10226=AXIS2_PLACEMENT_3D('',#16294,#13523,#13524);
#10227=AXIS2_PLACEMENT_3D('',#16295,#13525,#13526);
#10228=AXIS2_PLACEMENT_3D('',#16296,#13527,#13528);
#10229=AXIS2_PLACEMENT_3D('',#16298,#13529,#13530);
#10230=AXIS2_PLACEMENT_3D('',#16299,#13531,#13532);
#10231=AXIS2_PLACEMENT_3D('',#16300,#13533,#13534);
#10232=AXIS2_PLACEMENT_3D('',#16302,#13535,#13536);
#10233=AXIS2_PLACEMENT_3D('',#16303,#13537,#13538);
#10234=AXIS2_PLACEMENT_3D('',#16304,#13539,#13540);
#10235=AXIS2_PLACEMENT_3D('',#16306,#13541,#13542);
#10236=AXIS2_PLACEMENT_3D('',#16307,#13543,#13544);
#10237=AXIS2_PLACEMENT_3D('',#16308,#13545,#13546);
#10238=AXIS2_PLACEMENT_3D('',#16309,#13547,#13548);
#10239=AXIS2_PLACEMENT_3D('',#16310,#13549,#13550);
#10240=AXIS2_PLACEMENT_3D('',#16312,#13551,#13552);
#10241=AXIS2_PLACEMENT_3D('',#16314,#13553,#13554);
#10242=AXIS2_PLACEMENT_3D('',#16315,#13555,#13556);
#10243=AXIS2_PLACEMENT_3D('',#16316,#13557,#13558);
#10244=AXIS2_PLACEMENT_3D('',#16318,#13559,#13560);
#10245=AXIS2_PLACEMENT_3D('',#16319,#13561,#13562);
#10246=AXIS2_PLACEMENT_3D('',#16320,#13563,#13564);
#10247=AXIS2_PLACEMENT_3D('',#16322,#13565,#13566);
#10248=AXIS2_PLACEMENT_3D('',#16323,#13567,#13568);
#10249=AXIS2_PLACEMENT_3D('',#16324,#13569,#13570);
#10250=AXIS2_PLACEMENT_3D('',#16326,#13571,#13572);
#10251=AXIS2_PLACEMENT_3D('',#16327,#13573,#13574);
#10252=AXIS2_PLACEMENT_3D('',#16328,#13575,#13576);
#10253=AXIS2_PLACEMENT_3D('',#16330,#13577,#13578);
#10254=AXIS2_PLACEMENT_3D('',#16331,#13579,#13580);
#10255=AXIS2_PLACEMENT_3D('',#16332,#13581,#13582);
#10256=AXIS2_PLACEMENT_3D('',#16334,#13583,#13584);
#10257=AXIS2_PLACEMENT_3D('',#16335,#13585,#13586);
#10258=AXIS2_PLACEMENT_3D('',#16336,#13587,#13588);
#10259=AXIS2_PLACEMENT_3D('',#16338,#13589,#13590);
#10260=AXIS2_PLACEMENT_3D('',#16339,#13591,#13592);
#10261=AXIS2_PLACEMENT_3D('',#16340,#13593,#13594);
#10262=AXIS2_PLACEMENT_3D('',#16342,#13595,#13596);
#10263=AXIS2_PLACEMENT_3D('',#16343,#13597,#13598);
#10264=AXIS2_PLACEMENT_3D('',#16344,#13599,#13600);
#10265=AXIS2_PLACEMENT_3D('',#16346,#13601,#13602);
#10266=AXIS2_PLACEMENT_3D('',#16347,#13603,#13604);
#10267=AXIS2_PLACEMENT_3D('',#16348,#13605,#13606);
#10268=AXIS2_PLACEMENT_3D('',#16350,#13607,#13608);
#10269=AXIS2_PLACEMENT_3D('',#16351,#13609,#13610);
#10270=AXIS2_PLACEMENT_3D('',#16352,#13611,#13612);
#10271=AXIS2_PLACEMENT_3D('',#16354,#13613,#13614);
#10272=AXIS2_PLACEMENT_3D('',#16355,#13615,#13616);
#10273=AXIS2_PLACEMENT_3D('',#16356,#13617,#13618);
#10274=AXIS2_PLACEMENT_3D('',#16358,#13619,#13620);
#10275=AXIS2_PLACEMENT_3D('',#16359,#13621,#13622);
#10276=AXIS2_PLACEMENT_3D('',#16360,#13623,#13624);
#10277=AXIS2_PLACEMENT_3D('',#16362,#13625,#13626);
#10278=AXIS2_PLACEMENT_3D('',#16363,#13627,#13628);
#10279=AXIS2_PLACEMENT_3D('',#16364,#13629,#13630);
#10280=AXIS2_PLACEMENT_3D('',#16366,#13631,#13632);
#10281=AXIS2_PLACEMENT_3D('',#16367,#13633,#13634);
#10282=AXIS2_PLACEMENT_3D('',#16368,#13635,#13636);
#10283=AXIS2_PLACEMENT_3D('',#16370,#13637,#13638);
#10284=AXIS2_PLACEMENT_3D('',#16371,#13639,#13640);
#10285=AXIS2_PLACEMENT_3D('',#16372,#13641,#13642);
#10286=AXIS2_PLACEMENT_3D('',#16373,#13643,#13644);
#10287=AXIS2_PLACEMENT_3D('',#16374,#13645,#13646);
#10288=AXIS2_PLACEMENT_3D('',#16376,#13647,#13648);
#10289=AXIS2_PLACEMENT_3D('',#16377,#13649,#13650);
#10290=AXIS2_PLACEMENT_3D('',#16379,#13651,#13652);
#10291=AXIS2_PLACEMENT_3D('',#16380,#13653,#13654);
#10292=AXIS2_PLACEMENT_3D('',#16382,#13655,#13656);
#10293=AXIS2_PLACEMENT_3D('',#16383,#13657,#13658);
#10294=AXIS2_PLACEMENT_3D('',#16385,#13659,#13660);
#10295=AXIS2_PLACEMENT_3D('',#16386,#13661,#13662);
#10296=AXIS2_PLACEMENT_3D('',#16388,#13663,#13664);
#10297=AXIS2_PLACEMENT_3D('',#16389,#13665,#13666);
#10298=AXIS2_PLACEMENT_3D('',#16391,#13667,#13668);
#10299=AXIS2_PLACEMENT_3D('',#16392,#13669,#13670);
#10300=AXIS2_PLACEMENT_3D('',#16394,#13671,#13672);
#10301=AXIS2_PLACEMENT_3D('',#16395,#13673,#13674);
#10302=AXIS2_PLACEMENT_3D('',#16397,#13675,#13676);
#10303=AXIS2_PLACEMENT_3D('',#16398,#13677,#13678);
#10304=AXIS2_PLACEMENT_3D('',#16400,#13679,#13680);
#10305=AXIS2_PLACEMENT_3D('',#16401,#13681,#13682);
#10306=AXIS2_PLACEMENT_3D('',#16403,#13683,#13684);
#10307=AXIS2_PLACEMENT_3D('',#16404,#13685,#13686);
#10308=AXIS2_PLACEMENT_3D('',#16406,#13687,#13688);
#10309=AXIS2_PLACEMENT_3D('',#16407,#13689,#13690);
#10310=AXIS2_PLACEMENT_3D('',#16409,#13691,#13692);
#10311=AXIS2_PLACEMENT_3D('',#16410,#13693,#13694);
#10312=AXIS2_PLACEMENT_3D('',#16412,#13695,#13696);
#10313=AXIS2_PLACEMENT_3D('',#16413,#13697,#13698);
#10314=AXIS2_PLACEMENT_3D('',#16415,#13699,#13700);
#10315=AXIS2_PLACEMENT_3D('',#16424,#13705,#13706);
#10316=AXIS2_PLACEMENT_3D('',#16427,#13709,#13710);
#10317=AXIS2_PLACEMENT_3D('',#16429,#13712,#13713);
#10318=AXIS2_PLACEMENT_3D('',#16431,#13715,#13716);
#10319=AXIS2_PLACEMENT_3D('',#16432,#13717,#13718);
#10320=AXIS2_PLACEMENT_3D('',#16433,#13719,#13720);
#10321=AXIS2_PLACEMENT_3D('',#16434,#13721,#13722);
#10322=AXIS2_PLACEMENT_3D('',#16435,#13723,#13724);
#10323=AXIS2_PLACEMENT_3D('',#16436,#13725,#13726);
#10324=AXIS2_PLACEMENT_3D('',#16437,#13727,#13728);
#10325=AXIS2_PLACEMENT_3D('',#16438,#13729,#13730);
#10326=AXIS2_PLACEMENT_3D('',#16439,#13731,#13732);
#10327=AXIS2_PLACEMENT_3D('',#16440,#13733,#13734);
#10328=AXIS2_PLACEMENT_3D('',#16441,#13735,#13736);
#10329=AXIS2_PLACEMENT_3D('',#16442,#13737,#13738);
#10330=AXIS2_PLACEMENT_3D('',#16443,#13739,#13740);
#10331=AXIS2_PLACEMENT_3D('',#16444,#13741,#13742);
#10332=AXIS2_PLACEMENT_3D('',#16445,#13743,#13744);
#10333=AXIS2_PLACEMENT_3D('',#16446,#13745,#13746);
#10334=AXIS2_PLACEMENT_3D('',#16447,#13747,#13748);
#10335=AXIS2_PLACEMENT_3D('',#16448,#13749,#13750);
#10336=AXIS2_PLACEMENT_3D('',#16449,#13751,#13752);
#10337=AXIS2_PLACEMENT_3D('',#16450,#13753,#13754);
#10338=AXIS2_PLACEMENT_3D('',#16451,#13755,#13756);
#10339=AXIS2_PLACEMENT_3D('',#16452,#13757,#13758);
#10340=AXIS2_PLACEMENT_3D('',#16453,#13759,#13760);
#10341=AXIS2_PLACEMENT_3D('',#16454,#13761,#13762);
#10342=AXIS2_PLACEMENT_3D('',#16455,#13763,#13764);
#10343=AXIS2_PLACEMENT_3D('',#16456,#13765,#13766);
#10344=AXIS2_PLACEMENT_3D('',#16457,#13767,#13768);
#10345=AXIS2_PLACEMENT_3D('',#16458,#13769,#13770);
#10346=AXIS2_PLACEMENT_3D('',#16459,#13771,#13772);
#10347=AXIS2_PLACEMENT_3D('',#16460,#13773,#13774);
#10348=AXIS2_PLACEMENT_3D('',#16461,#13775,#13776);
#10349=AXIS2_PLACEMENT_3D('',#16462,#13777,#13778);
#10350=AXIS2_PLACEMENT_3D('',#16463,#13779,#13780);
#10351=AXIS2_PLACEMENT_3D('',#16464,#13781,#13782);
#10352=AXIS2_PLACEMENT_3D('',#16466,#13783,#13784);
#10353=AXIS2_PLACEMENT_3D('',#16468,#13785,#13786);
#10354=AXIS2_PLACEMENT_3D('',#16469,#13787,#13788);
#10355=AXIS2_PLACEMENT_3D('',#16471,#13789,#13790);
#10356=AXIS2_PLACEMENT_3D('',#16473,#13791,#13792);
#10357=AXIS2_PLACEMENT_3D('',#16475,#13793,#13794);
#10358=AXIS2_PLACEMENT_3D('',#16476,#13795,#13796);
#10359=AXIS2_PLACEMENT_3D('',#16478,#13797,#13798);
#10360=AXIS2_PLACEMENT_3D('',#16480,#13799,#13800);
#10361=AXIS2_PLACEMENT_3D('',#16482,#13801,#13802);
#10362=AXIS2_PLACEMENT_3D('',#16483,#13803,#13804);
#10363=AXIS2_PLACEMENT_3D('',#16485,#13805,#13806);
#10364=AXIS2_PLACEMENT_3D('',#16487,#13807,#13808);
#10365=AXIS2_PLACEMENT_3D('',#16489,#13809,#13810);
#10366=AXIS2_PLACEMENT_3D('',#16490,#13811,#13812);
#10367=AXIS2_PLACEMENT_3D('',#16492,#13813,#13814);
#10368=AXIS2_PLACEMENT_3D('',#16493,#13815,#13816);
#10369=AXIS2_PLACEMENT_3D('',#16494,#13817,#13818);
#10370=AXIS2_PLACEMENT_3D('',#16495,#13819,#13820);
#10371=AXIS2_PLACEMENT_3D('',#16496,#13821,#13822);
#10372=AXIS2_PLACEMENT_3D('',#16497,#13823,#13824);
#10373=AXIS2_PLACEMENT_3D('',#16498,#13825,#13826);
#10374=AXIS2_PLACEMENT_3D('',#16499,#13827,#13828);
#10375=DIRECTION('',(0.,0.,1.));
#10376=DIRECTION('',(1.,0.,0.));
#10377=DIRECTION('',(0.,0.,1.));
#10378=DIRECTION('',(1.,0.,0.));
#10379=DIRECTION('',(0.,0.,1.));
#10380=DIRECTION('',(1.,0.,0.));
#10381=DIRECTION('',(0.,0.,1.));
#10382=DIRECTION('',(1.,0.,0.));
#10383=DIRECTION('',(0.,0.,1.));
#10384=DIRECTION('',(1.,0.,0.));
#10385=DIRECTION('',(0.,0.,1.));
#10386=DIRECTION('',(1.,0.,0.));
#10387=DIRECTION('',(-1.,0.,0.));
#10388=DIRECTION('',(0.,0.,1.));
#10389=DIRECTION('',(1.,0.,0.));
#10390=DIRECTION('',(1.86279030977375E-16,-1.,0.));
#10391=DIRECTION('',(0.,0.,1.));
#10392=DIRECTION('',(1.,0.,0.));
#10393=DIRECTION('',(-1.,0.,0.));
#10394=DIRECTION('',(0.,0.,1.));
#10395=DIRECTION('',(1.,0.,0.));
#10396=DIRECTION('',(1.86279030977375E-16,-1.,0.));
#10397=DIRECTION('',(0.,0.,1.));
#10398=DIRECTION('',(1.,0.,0.));
#10399=DIRECTION('',(0.,-6.12323399573677E-17,-1.));
#10400=DIRECTION('',(0.,1.,-6.12323399573677E-17));
#10401=DIRECTION('',(0.,-6.12323399573677E-17,-1.));
#10402=DIRECTION('',(0.,1.,-6.12323399573677E-17));
#10403=DIRECTION('',(0.,0.,1.));
#10404=DIRECTION('',(1.,0.,0.));
#10405=DIRECTION('',(0.,-6.12323399573677E-17,-1.));
#10406=DIRECTION('',(0.,1.,-6.12323399573677E-17));
#10407=DIRECTION('',(0.,-6.12323399573677E-17,-1.));
#10408=DIRECTION('',(0.,1.,-6.12323399573677E-17));
#10409=DIRECTION('',(0.,0.,1.));
#10410=DIRECTION('',(1.,0.,0.));
#10411=DIRECTION('',(0.,-6.12323399573677E-17,-1.));
#10412=DIRECTION('',(0.,1.,-6.12323399573677E-17));
#10413=DIRECTION('',(0.,-6.12323399573677E-17,-1.));
#10414=DIRECTION('',(0.,1.,-6.12323399573677E-17));
#10415=DIRECTION('',(0.,0.,1.));
#10416=DIRECTION('',(1.,0.,0.));
#10417=DIRECTION('',(0.,-6.12323399573677E-17,-1.));
#10418=DIRECTION('',(0.,1.,-6.12323399573677E-17));
#10419=DIRECTION('',(0.,-6.12323399573677E-17,-1.));
#10420=DIRECTION('',(0.,1.,-6.12323399573677E-17));
#10421=DIRECTION('',(0.,0.,1.));
#10422=DIRECTION('',(1.,0.,0.));
#10423=DIRECTION('',(0.,-6.12323399573677E-17,-1.));
#10424=DIRECTION('',(0.,1.,-6.12323399573677E-17));
#10425=DIRECTION('',(0.,-6.12323399573677E-17,-1.));
#10426=DIRECTION('',(0.,1.,-6.12323399573677E-17));
#10427=DIRECTION('',(0.,0.,1.));
#10428=DIRECTION('',(1.,0.,0.));
#10429=DIRECTION('',(0.,-6.12323399573677E-17,-1.));
#10430=DIRECTION('',(0.,1.,-6.12323399573677E-17));
#10431=DIRECTION('',(0.,-6.12323399573677E-17,-1.));
#10432=DIRECTION('',(0.,1.,-6.12323399573677E-17));
#10433=DIRECTION('',(0.,0.,1.));
#10434=DIRECTION('',(1.,0.,0.));
#10435=DIRECTION('',(0.,-6.12323399573677E-17,-1.));
#10436=DIRECTION('',(0.,1.,-6.12323399573677E-17));
#10437=DIRECTION('',(0.,-6.12323399573677E-17,-1.));
#10438=DIRECTION('',(0.,1.,-6.12323399573677E-17));
#10439=DIRECTION('',(0.,0.,1.));
#10440=DIRECTION('',(1.,0.,0.));
#10441=DIRECTION('',(0.,-6.12323399573677E-17,-1.));
#10442=DIRECTION('',(0.,1.,-6.12323399573677E-17));
#10443=DIRECTION('',(0.,-6.12323399573677E-17,-1.));
#10444=DIRECTION('',(0.,1.,-6.12323399573677E-17));
#10445=DIRECTION('',(0.,0.,1.));
#10446=DIRECTION('',(1.,0.,0.));
#10447=DIRECTION('',(0.,-6.12323399573677E-17,-1.));
#10448=DIRECTION('',(0.,1.,-6.12323399573677E-17));
#10449=DIRECTION('',(0.,-6.12323399573677E-17,-1.));
#10450=DIRECTION('',(0.,1.,-6.12323399573677E-17));
#10451=DIRECTION('',(0.,0.,1.));
#10452=DIRECTION('',(1.,0.,0.));
#10453=DIRECTION('',(0.,-6.12323399573677E-17,-1.));
#10454=DIRECTION('',(0.,1.,-6.12323399573677E-17));
#10455=DIRECTION('',(0.,-6.12323399573677E-17,-1.));
#10456=DIRECTION('',(0.,1.,-6.12323399573677E-17));
#10457=DIRECTION('',(0.,0.,1.));
#10458=DIRECTION('',(1.,0.,0.));
#10459=DIRECTION('',(0.,-6.12323399573677E-17,-1.));
#10460=DIRECTION('',(0.,1.,-6.12323399573677E-17));
#10461=DIRECTION('',(0.,-6.12323399573677E-17,-1.));
#10462=DIRECTION('',(0.,1.,-6.12323399573677E-17));
#10463=DIRECTION('',(0.,0.,1.));
#10464=DIRECTION('',(1.,0.,0.));
#10465=DIRECTION('',(0.,-6.12323399573677E-17,-1.));
#10466=DIRECTION('',(0.,1.,-6.12323399573677E-17));
#10467=DIRECTION('',(0.,-6.12323399573677E-17,-1.));
#10468=DIRECTION('',(0.,1.,-6.12323399573677E-17));
#10469=DIRECTION('',(0.,0.,1.));
#10470=DIRECTION('',(1.,0.,0.));
#10471=DIRECTION('',(0.,-6.12323399573677E-17,-1.));
#10472=DIRECTION('',(0.,1.,-6.12323399573677E-17));
#10473=DIRECTION('',(0.,-6.12323399573677E-17,-1.));
#10474=DIRECTION('',(0.,1.,-6.12323399573677E-17));
#10475=DIRECTION('',(0.,0.,1.));
#10476=DIRECTION('',(1.,0.,0.));
#10477=DIRECTION('',(0.,-6.12323399573677E-17,-1.));
#10478=DIRECTION('',(0.,1.,-6.12323399573677E-17));
#10479=DIRECTION('',(0.,-6.12323399573677E-17,-1.));
#10480=DIRECTION('',(0.,1.,-6.12323399573677E-17));
#10481=DIRECTION('',(0.,0.,1.));
#10482=DIRECTION('',(1.,0.,0.));
#10483=DIRECTION('',(0.,-6.12323399573677E-17,-1.));
#10484=DIRECTION('',(0.,1.,-6.12323399573677E-17));
#10485=DIRECTION('',(0.,-6.12323399573677E-17,-1.));
#10486=DIRECTION('',(0.,1.,-6.12323399573677E-17));
#10487=DIRECTION('',(0.,0.,1.));
#10488=DIRECTION('',(1.,0.,0.));
#10489=DIRECTION('',(0.,-6.12323399573677E-17,-1.));
#10490=DIRECTION('',(0.,1.,-6.12323399573677E-17));
#10491=DIRECTION('',(0.,-6.12323399573677E-17,-1.));
#10492=DIRECTION('',(0.,1.,-6.12323399573677E-17));
#10493=DIRECTION('',(0.,0.,1.));
#10494=DIRECTION('',(1.,0.,0.));
#10495=DIRECTION('',(0.,-6.12323399573677E-17,-1.));
#10496=DIRECTION('',(0.,1.,-6.12323399573677E-17));
#10497=DIRECTION('',(0.,-6.12323399573677E-17,-1.));
#10498=DIRECTION('',(0.,1.,-6.12323399573677E-17));
#10499=DIRECTION('',(0.,0.,1.));
#10500=DIRECTION('',(1.,0.,0.));
#10501=DIRECTION('',(0.,-6.12323399573677E-17,-1.));
#10502=DIRECTION('',(0.,1.,-6.12323399573677E-17));
#10503=DIRECTION('',(0.,-6.12323399573677E-17,-1.));
#10504=DIRECTION('',(0.,1.,-6.12323399573677E-17));
#10505=DIRECTION('',(0.,0.,1.));
#10506=DIRECTION('',(1.,0.,0.));
#10507=DIRECTION('',(0.,-6.12323399573677E-17,-1.));
#10508=DIRECTION('',(0.,1.,-6.12323399573677E-17));
#10509=DIRECTION('',(0.,-6.12323399573677E-17,-1.));
#10510=DIRECTION('',(0.,1.,-6.12323399573677E-17));
#10511=DIRECTION('',(0.,0.,1.));
#10512=DIRECTION('',(1.,0.,0.));
#10513=DIRECTION('',(0.,-6.12323399573677E-17,-1.));
#10514=DIRECTION('',(0.,1.,-6.12323399573677E-17));
#10515=DIRECTION('',(0.,-6.12323399573677E-17,-1.));
#10516=DIRECTION('',(0.,1.,-6.12323399573677E-17));
#10517=DIRECTION('',(0.,0.,1.));
#10518=DIRECTION('',(1.,0.,0.));
#10519=DIRECTION('',(0.,-6.12323399573677E-17,-1.));
#10520=DIRECTION('',(0.,1.,-6.12323399573677E-17));
#10521=DIRECTION('',(0.,-6.12323399573677E-17,-1.));
#10522=DIRECTION('',(0.,1.,-6.12323399573677E-17));
#10523=DIRECTION('',(0.,0.,1.));
#10524=DIRECTION('',(1.,0.,0.));
#10525=DIRECTION('',(0.,-6.12323399573677E-17,-1.));
#10526=DIRECTION('',(0.,1.,-6.12323399573677E-17));
#10527=DIRECTION('',(0.,-6.12323399573677E-17,-1.));
#10528=DIRECTION('',(0.,1.,-6.12323399573677E-17));
#10529=DIRECTION('',(0.,0.,1.));
#10530=DIRECTION('',(1.,0.,0.));
#10531=DIRECTION('',(0.,-6.12323399573677E-17,-1.));
#10532=DIRECTION('',(0.,1.,-6.12323399573677E-17));
#10533=DIRECTION('',(0.,-6.12323399573677E-17,-1.));
#10534=DIRECTION('',(0.,1.,-6.12323399573677E-17));
#10535=DIRECTION('',(0.,0.,1.));
#10536=DIRECTION('',(1.,0.,0.));
#10537=DIRECTION('',(0.,-6.12323399573677E-17,-1.));
#10538=DIRECTION('',(0.,1.,-6.12323399573677E-17));
#10539=DIRECTION('',(0.,-6.12323399573677E-17,-1.));
#10540=DIRECTION('',(0.,1.,-6.12323399573677E-17));
#10541=DIRECTION('',(0.,0.,1.));
#10542=DIRECTION('',(1.,0.,0.));
#10543=DIRECTION('',(0.,-6.12323399573677E-17,-1.));
#10544=DIRECTION('',(0.,1.,-6.12323399573677E-17));
#10545=DIRECTION('',(0.,-6.12323399573677E-17,-1.));
#10546=DIRECTION('',(0.,1.,-6.12323399573677E-17));
#10547=DIRECTION('',(0.,0.,1.));
#10548=DIRECTION('',(1.,0.,0.));
#10549=DIRECTION('',(0.,-6.12323399573677E-17,-1.));
#10550=DIRECTION('',(0.,1.,-6.12323399573677E-17));
#10551=DIRECTION('',(0.,-6.12323399573677E-17,-1.));
#10552=DIRECTION('',(0.,1.,-6.12323399573677E-17));
#10553=DIRECTION('',(0.,0.,1.));
#10554=DIRECTION('',(1.,0.,0.));
#10555=DIRECTION('',(0.,-6.12323399573677E-17,-1.));
#10556=DIRECTION('',(0.,1.,-6.12323399573677E-17));
#10557=DIRECTION('',(0.,-6.12323399573677E-17,-1.));
#10558=DIRECTION('',(0.,1.,-6.12323399573677E-17));
#10559=DIRECTION('',(0.,0.,1.));
#10560=DIRECTION('',(1.,0.,0.));
#10561=DIRECTION('',(0.,-6.12323399573677E-17,-1.));
#10562=DIRECTION('',(0.,1.,-6.12323399573677E-17));
#10563=DIRECTION('',(0.,-6.12323399573677E-17,-1.));
#10564=DIRECTION('',(0.,1.,-6.12323399573677E-17));
#10565=DIRECTION('',(0.,0.,1.));
#10566=DIRECTION('',(1.,0.,0.));
#10567=DIRECTION('',(0.,-6.12323399573677E-17,-1.));
#10568=DIRECTION('',(0.,1.,-6.12323399573677E-17));
#10569=DIRECTION('',(0.,-6.12323399573677E-17,-1.));
#10570=DIRECTION('',(0.,1.,-6.12323399573677E-17));
#10571=DIRECTION('',(0.,0.,1.));
#10572=DIRECTION('',(1.,0.,0.));
#10573=DIRECTION('',(0.,-6.12323399573677E-17,-1.));
#10574=DIRECTION('',(0.,1.,-6.12323399573677E-17));
#10575=DIRECTION('',(0.,-6.12323399573677E-17,-1.));
#10576=DIRECTION('',(0.,1.,-6.12323399573677E-17));
#10577=DIRECTION('',(0.,0.,1.));
#10578=DIRECTION('',(1.,0.,0.));
#10579=DIRECTION('',(0.,-6.12323399573677E-17,-1.));
#10580=DIRECTION('',(0.,1.,-6.12323399573677E-17));
#10581=DIRECTION('',(0.,-6.12323399573677E-17,-1.));
#10582=DIRECTION('',(0.,1.,-6.12323399573677E-17));
#10583=DIRECTION('',(0.,0.,1.));
#10584=DIRECTION('',(1.,0.,0.));
#10585=DIRECTION('',(0.,-6.12323399573677E-17,-1.));
#10586=DIRECTION('',(0.,1.,-6.12323399573677E-17));
#10587=DIRECTION('',(0.,-6.12323399573677E-17,-1.));
#10588=DIRECTION('',(0.,1.,-6.12323399573677E-17));
#10589=DIRECTION('',(0.,0.,1.));
#10590=DIRECTION('',(1.,0.,0.));
#10591=DIRECTION('',(1.,1.86279030977375E-16,0.));
#10592=DIRECTION('',(-1.86279030977375E-16,1.,0.));
#10593=DIRECTION('',(0.,0.,-1.));
#10594=DIRECTION('',(1.86279030977375E-16,-1.,0.));
#10595=DIRECTION('',(0.,0.,-1.));
#10596=DIRECTION('',(0.,-1.,0.));
#10597=DIRECTION('',(0.,0.,-1.));
#10598=DIRECTION('',(-1.,0.,0.));
#10599=DIRECTION('',(0.,0.,-1.));
#10600=DIRECTION('',(0.,0.,-1.));
#10601=DIRECTION('',(1.,1.86279030977375E-16,0.));
#10602=DIRECTION('',(-1.86279030977375E-16,1.,0.));
#10603=DIRECTION('',(0.,0.,-1.));
#10604=DIRECTION('',(1.86279030977375E-16,-1.,0.));
#10605=DIRECTION('',(0.,0.,-1.));
#10606=DIRECTION('',(0.,-1.,0.));
#10607=DIRECTION('',(0.,0.,-1.));
#10608=DIRECTION('',(0.,0.,-1.));
#10609=DIRECTION('',(-1.,0.,0.));
#10610=DIRECTION('',(0.,0.,-1.));
#10611=DIRECTION('',(0.,0.,1.));
#10612=DIRECTION('',(1.,0.,0.));
#10613=DIRECTION('',(0.,0.,1.));
#10614=DIRECTION('',(1.,0.,0.));
#10615=DIRECTION('',(0.,0.,1.));
#10616=DIRECTION('',(1.,0.,0.));
#10617=DIRECTION('',(0.,0.,1.));
#10618=DIRECTION('',(1.,0.,0.));
#10619=DIRECTION('',(0.,0.,1.));
#10620=DIRECTION('',(1.,0.,0.));
#10621=DIRECTION('',(-1.,0.,0.));
#10622=DIRECTION('',(0.,-1.,6.12323399573677E-17));
#10623=DIRECTION('',(1.,0.,0.));
#10624=DIRECTION('',(0.,1.,-6.12323399573677E-17));
#10625=DIRECTION('',(-1.,0.,0.));
#10626=DIRECTION('',(0.,-1.,6.12323399573677E-17));
#10627=DIRECTION('',(1.,0.,0.));
#10628=DIRECTION('',(0.,1.,-6.12323399573677E-17));
#10629=DIRECTION('',(0.,-6.12323399573677E-17,-1.));
#10630=DIRECTION('',(0.,1.,-6.12323399573677E-17));
#10631=DIRECTION('',(0.,6.12323399573677E-17,1.));
#10632=DIRECTION('',(0.,1.,-6.12323399573677E-17));
#10633=DIRECTION('',(0.,-6.12323399573677E-17,-1.));
#10634=DIRECTION('',(0.,1.,-6.12323399573677E-17));
#10635=DIRECTION('',(0.,-6.12323399573677E-17,-1.));
#10636=DIRECTION('',(0.,1.,-6.12323399573677E-17));
#10637=DIRECTION('',(0.,-6.12323399573677E-17,-1.));
#10638=DIRECTION('',(0.,1.,-6.12323399573677E-17));
#10639=DIRECTION('',(0.,6.12323399573677E-17,1.));
#10640=DIRECTION('',(6.93889390390722E-16,1.,-6.12323399573677E-17));
#10641=DIRECTION('',(0.,-6.12323399573677E-17,-1.));
#10642=DIRECTION('',(0.,1.,-6.12323399573677E-17));
#10643=DIRECTION('',(0.,-6.12323399573677E-17,-1.));
#10644=DIRECTION('',(0.,1.,-6.12323399573677E-17));
#10645=DIRECTION('',(0.,-6.12323399573677E-17,-1.));
#10646=DIRECTION('',(0.,1.,-6.12323399573677E-17));
#10647=DIRECTION('',(0.,6.12323399573677E-17,1.));
#10648=DIRECTION('',(2.08166817117216E-15,1.,-6.12323399573677E-17));
#10649=DIRECTION('',(0.,-6.12323399573677E-17,-1.));
#10650=DIRECTION('',(0.,1.,-6.12323399573677E-17));
#10651=DIRECTION('',(0.,-6.12323399573677E-17,-1.));
#10652=DIRECTION('',(0.,1.,-6.12323399573677E-17));
#10653=DIRECTION('',(0.,-6.12323399573677E-17,-1.));
#10654=DIRECTION('',(0.,1.,-6.12323399573677E-17));
#10655=DIRECTION('',(0.,6.12323399573677E-17,1.));
#10656=DIRECTION('',(6.93889390390722E-16,1.,-6.12323399573677E-17));
#10657=DIRECTION('',(0.,-6.12323399573677E-17,-1.));
#10658=DIRECTION('',(0.,1.,-6.12323399573677E-17));
#10659=DIRECTION('',(0.,-6.12323399573677E-17,-1.));
#10660=DIRECTION('',(0.,1.,-6.12323399573677E-17));
#10661=DIRECTION('',(0.,-6.12323399573677E-17,-1.));
#10662=DIRECTION('',(0.,1.,-6.12323399573677E-17));
#10663=DIRECTION('',(0.,-6.12323399573677E-17,-1.));
#10664=DIRECTION('',(0.,1.,-6.12323399573677E-17));
#10665=DIRECTION('',(0.,6.12323399573677E-17,1.));
#10666=DIRECTION('',(-2.77555756156289E-15,1.,-6.12323399573677E-17));
#10667=DIRECTION('',(0.,-6.12323399573677E-17,-1.));
#10668=DIRECTION('',(0.,1.,-6.12323399573677E-17));
#10669=DIRECTION('',(0.,-6.12323399573677E-17,-1.));
#10670=DIRECTION('',(0.,1.,-6.12323399573677E-17));
#10671=DIRECTION('',(0.,-6.12323399573677E-17,-1.));
#10672=DIRECTION('',(0.,1.,-6.12323399573677E-17));
#10673=DIRECTION('',(0.,6.12323399573677E-17,1.));
#10674=DIRECTION('',(6.93889390390722E-16,1.,-6.12323399573677E-17));
#10675=DIRECTION('',(0.,-6.12323399573677E-17,-1.));
#10676=DIRECTION('',(0.,1.,-6.12323399573677E-17));
#10677=DIRECTION('',(0.,-6.12323399573677E-17,-1.));
#10678=DIRECTION('',(0.,1.,-6.12323399573677E-17));
#10679=DIRECTION('',(0.,-6.12323399573677E-17,-1.));
#10680=DIRECTION('',(0.,1.,-6.12323399573677E-17));
#10681=DIRECTION('',(0.,6.12323399573677E-17,1.));
#10682=DIRECTION('',(2.08166817117216E-15,1.,-6.12323399573677E-17));
#10683=DIRECTION('',(0.,-6.12323399573677E-17,-1.));
#10684=DIRECTION('',(0.,1.,-6.12323399573677E-17));
#10685=DIRECTION('',(0.,-6.12323399573677E-17,-1.));
#10686=DIRECTION('',(0.,1.,-6.12323399573677E-17));
#10687=DIRECTION('',(0.,-6.12323399573677E-17,-1.));
#10688=DIRECTION('',(0.,1.,-6.12323399573677E-17));
#10689=DIRECTION('',(0.,6.12323399573677E-17,1.));
#10690=DIRECTION('',(0.,1.,-6.12323399573677E-17));
#10691=DIRECTION('',(0.,-6.12323399573677E-17,-1.));
#10692=DIRECTION('',(0.,1.,-6.12323399573677E-17));
#10693=DIRECTION('',(0.,-6.12323399573677E-17,-1.));
#10694=DIRECTION('',(0.,1.,-6.12323399573677E-17));
#10695=DIRECTION('',(0.,-6.12323399573677E-17,-1.));
#10696=DIRECTION('',(0.,1.,-6.12323399573677E-17));
#10697=DIRECTION('',(0.,-6.12323399573677E-17,-1.));
#10698=DIRECTION('',(0.,1.,-6.12323399573677E-17));
#10699=DIRECTION('',(0.,6.12323399573677E-17,1.));
#10700=DIRECTION('',(0.,1.,-6.12323399573677E-17));
#10701=DIRECTION('',(0.,-6.12323399573677E-17,-1.));
#10702=DIRECTION('',(0.,1.,-6.12323399573677E-17));
#10703=DIRECTION('',(0.,-6.12323399573677E-17,-1.));
#10704=DIRECTION('',(0.,1.,-6.12323399573677E-17));
#10705=DIRECTION('',(0.,-6.12323399573677E-17,-1.));
#10706=DIRECTION('',(0.,1.,-6.12323399573677E-17));
#10707=DIRECTION('',(0.,6.12323399573677E-17,1.));
#10708=DIRECTION('',(6.93889390390722E-16,1.,-6.12323399573677E-17));
#10709=DIRECTION('',(0.,-6.12323399573677E-17,-1.));
#10710=DIRECTION('',(0.,1.,-6.12323399573677E-17));
#10711=DIRECTION('',(0.,-6.12323399573677E-17,-1.));
#10712=DIRECTION('',(0.,1.,-6.12323399573677E-17));
#10713=DIRECTION('',(0.,-6.12323399573677E-17,-1.));
#10714=DIRECTION('',(0.,1.,-6.12323399573677E-17));
#10715=DIRECTION('',(0.,6.12323399573677E-17,1.));
#10716=DIRECTION('',(2.08166817117216E-15,1.,-6.12323399573677E-17));
#10717=DIRECTION('',(0.,-6.12323399573677E-17,-1.));
#10718=DIRECTION('',(0.,1.,-6.12323399573677E-17));
#10719=DIRECTION('',(0.,-6.12323399573677E-17,-1.));
#10720=DIRECTION('',(0.,1.,-6.12323399573677E-17));
#10721=DIRECTION('',(0.,-6.12323399573677E-17,-1.));
#10722=DIRECTION('',(0.,1.,-6.12323399573677E-17));
#10723=DIRECTION('',(0.,6.12323399573677E-17,1.));
#10724=DIRECTION('',(6.93889390390722E-16,1.,-6.12323399573677E-17));
#10725=DIRECTION('',(0.,-6.12323399573677E-17,-1.));
#10726=DIRECTION('',(0.,1.,-6.12323399573677E-17));
#10727=DIRECTION('',(0.,-6.12323399573677E-17,-1.));
#10728=DIRECTION('',(0.,1.,-6.12323399573677E-17));
#10729=DIRECTION('',(0.,-6.12323399573677E-17,-1.));
#10730=DIRECTION('',(0.,1.,-6.12323399573677E-17));
#10731=DIRECTION('',(0.,-6.12323399573677E-17,-1.));
#10732=DIRECTION('',(0.,1.,-6.12323399573677E-17));
#10733=DIRECTION('',(0.,6.12323399573677E-17,1.));
#10734=DIRECTION('',(-2.77555756156289E-15,1.,-6.12323399573677E-17));
#10735=DIRECTION('',(0.,-6.12323399573677E-17,-1.));
#10736=DIRECTION('',(0.,1.,-6.12323399573677E-17));
#10737=DIRECTION('',(0.,-6.12323399573677E-17,-1.));
#10738=DIRECTION('',(0.,1.,-6.12323399573677E-17));
#10739=DIRECTION('',(0.,-6.12323399573677E-17,-1.));
#10740=DIRECTION('',(0.,1.,-6.12323399573677E-17));
#10741=DIRECTION('',(0.,6.12323399573677E-17,1.));
#10742=DIRECTION('',(6.93889390390722E-16,1.,-6.12323399573677E-17));
#10743=DIRECTION('',(0.,-6.12323399573677E-17,-1.));
#10744=DIRECTION('',(0.,1.,-6.12323399573677E-17));
#10745=DIRECTION('',(0.,-6.12323399573677E-17,-1.));
#10746=DIRECTION('',(0.,1.,-6.12323399573677E-17));
#10747=DIRECTION('',(0.,-6.12323399573677E-17,-1.));
#10748=DIRECTION('',(0.,1.,-6.12323399573677E-17));
#10749=DIRECTION('',(0.,6.12323399573677E-17,1.));
#10750=DIRECTION('',(0.,1.,-6.12323399573677E-17));
#10751=DIRECTION('',(0.,-6.12323399573677E-17,-1.));
#10752=DIRECTION('',(0.,1.,-6.12323399573677E-17));
#10753=DIRECTION('',(0.,-6.12323399573677E-17,-1.));
#10754=DIRECTION('',(0.,1.,-6.12323399573677E-17));
#10755=DIRECTION('',(0.,-6.12323399573677E-17,-1.));
#10756=DIRECTION('',(0.,1.,-6.12323399573677E-17));
#10757=DIRECTION('',(0.,6.12323399573677E-17,1.));
#10758=DIRECTION('',(0.,1.,-6.12323399573677E-17));
#10759=DIRECTION('',(0.,-6.12323399573677E-17,-1.));
#10760=DIRECTION('',(0.,1.,-6.12323399573677E-17));
#10761=DIRECTION('',(0.,-6.12323399573677E-17,-1.));
#10762=DIRECTION('',(0.,1.,-6.12323399573677E-17));
#10763=DIRECTION('',(0.,-6.12323399573677E-17,-1.));
#10764=DIRECTION('',(0.,1.,-6.12323399573677E-17));
#10765=DIRECTION('',(0.,-6.12323399573677E-17,-1.));
#10766=DIRECTION('',(0.,1.,-6.12323399573677E-17));
#10767=DIRECTION('',(0.,6.12323399573677E-17,1.));
#10768=DIRECTION('',(-2.7755575615629E-15,1.,-6.12323399573677E-17));
#10769=DIRECTION('',(0.,-6.12323399573677E-17,-1.));
#10770=DIRECTION('',(0.,1.,-6.12323399573677E-17));
#10771=DIRECTION('',(0.,-6.12323399573677E-17,-1.));
#10772=DIRECTION('',(0.,1.,-6.12323399573677E-17));
#10773=DIRECTION('',(0.,-6.12323399573677E-17,-1.));
#10774=DIRECTION('',(0.,1.,-6.12323399573677E-17));
#10775=DIRECTION('',(0.,6.12323399573677E-17,1.));
#10776=DIRECTION('',(6.93889390390722E-16,1.,-6.12323399573677E-17));
#10777=DIRECTION('',(0.,-6.12323399573677E-17,-1.));
#10778=DIRECTION('',(0.,1.,-6.12323399573677E-17));
#10779=DIRECTION('',(0.,-6.12323399573677E-17,-1.));
#10780=DIRECTION('',(0.,1.,-6.12323399573677E-17));
#10781=DIRECTION('',(0.,-6.12323399573677E-17,-1.));
#10782=DIRECTION('',(0.,1.,-6.12323399573677E-17));
#10783=DIRECTION('',(0.,6.12323399573677E-17,1.));
#10784=DIRECTION('',(0.,1.,-6.12323399573677E-17));
#10785=DIRECTION('',(0.,-6.12323399573677E-17,-1.));
#10786=DIRECTION('',(0.,1.,-6.12323399573677E-17));
#10787=DIRECTION('',(0.,-6.12323399573677E-17,-1.));
#10788=DIRECTION('',(0.,1.,-6.12323399573677E-17));
#10789=DIRECTION('',(0.,-6.12323399573677E-17,-1.));
#10790=DIRECTION('',(0.,1.,-6.12323399573677E-17));
#10791=DIRECTION('',(0.,6.12323399573677E-17,1.));
#10792=DIRECTION('',(0.,1.,-6.12323399573677E-17));
#10793=DIRECTION('',(0.,-6.12323399573677E-17,-1.));
#10794=DIRECTION('',(0.,1.,-6.12323399573677E-17));
#10795=DIRECTION('',(0.,-6.12323399573677E-17,-1.));
#10796=DIRECTION('',(0.,1.,-6.12323399573677E-17));
#10797=DIRECTION('',(0.,-6.12323399573677E-17,-1.));
#10798=DIRECTION('',(0.,1.,-6.12323399573677E-17));
#10799=DIRECTION('',(0.,-6.12323399573677E-17,-1.));
#10800=DIRECTION('',(0.,1.,-6.12323399573677E-17));
#10801=DIRECTION('',(0.,-6.12323399573677E-17,-1.));
#10802=DIRECTION('',(0.,1.,-6.12323399573677E-17));
#10803=DIRECTION('',(0.,-6.12323399573677E-17,-1.));
#10804=DIRECTION('',(0.,1.,-6.12323399573677E-17));
#10805=DIRECTION('',(0.,6.12323399573677E-17,1.));
#10806=DIRECTION('',(6.93889390390722E-16,1.,-6.12323399573677E-17));
#10807=DIRECTION('',(0.,-6.12323399573677E-17,-1.));
#10808=DIRECTION('',(0.,1.,-6.12323399573677E-17));
#10809=DIRECTION('',(0.,-6.12323399573677E-17,-1.));
#10810=DIRECTION('',(0.,1.,-6.12323399573677E-17));
#10811=DIRECTION('',(0.,-6.12323399573677E-17,-1.));
#10812=DIRECTION('',(0.,1.,-6.12323399573677E-17));
#10813=DIRECTION('',(0.,6.12323399573677E-17,1.));
#10814=DIRECTION('',(2.08166817117217E-15,1.,-6.12323399573677E-17));
#10815=DIRECTION('',(0.,-6.12323399573677E-17,-1.));
#10816=DIRECTION('',(0.,1.,-6.12323399573677E-17));
#10817=DIRECTION('',(0.,-6.12323399573677E-17,-1.));
#10818=DIRECTION('',(0.,1.,-6.12323399573677E-17));
#10819=DIRECTION('',(0.,-6.12323399573677E-17,-1.));
#10820=DIRECTION('',(0.,1.,-6.12323399573677E-17));
#10821=DIRECTION('',(0.,6.12323399573677E-17,1.));
#10822=DIRECTION('',(0.,1.,-6.12323399573677E-17));
#10823=DIRECTION('',(0.,-6.12323399573677E-17,-1.));
#10824=DIRECTION('',(0.,1.,-6.12323399573677E-17));
#10825=DIRECTION('',(0.,-6.12323399573677E-17,-1.));
#10826=DIRECTION('',(0.,1.,-6.12323399573677E-17));
#10827=DIRECTION('',(0.,-6.12323399573677E-17,-1.));
#10828=DIRECTION('',(0.,1.,-6.12323399573677E-17));
#10829=DIRECTION('',(0.,6.12323399573677E-17,1.));
#10830=DIRECTION('',(-2.7755575615629E-15,1.,-6.12323399573677E-17));
#10831=DIRECTION('',(0.,-6.12323399573677E-17,-1.));
#10832=DIRECTION('',(0.,1.,-6.12323399573677E-17));
#10833=DIRECTION('',(0.,-6.12323399573677E-17,-1.));
#10834=DIRECTION('',(0.,1.,-6.12323399573677E-17));
#10835=DIRECTION('',(0.,6.12323399573677E-17,1.));
#10836=DIRECTION('',(6.93889390390723E-16,1.,-6.12323399573677E-17));
#10837=DIRECTION('',(0.,-6.12323399573677E-17,-1.));
#10838=DIRECTION('',(0.,1.,-6.12323399573677E-17));
#10839=DIRECTION('',(0.,-6.12323399573677E-17,-1.));
#10840=DIRECTION('',(0.,1.,-6.12323399573677E-17));
#10841=DIRECTION('',(0.,-6.12323399573677E-17,-1.));
#10842=DIRECTION('',(0.,1.,-6.12323399573677E-17));
#10843=DIRECTION('',(0.,6.12323399573677E-17,1.));
#10844=DIRECTION('',(6.93889390390723E-16,1.,-6.12323399573677E-17));
#10845=DIRECTION('',(0.,-6.12323399573677E-17,-1.));
#10846=DIRECTION('',(0.,1.,-6.12323399573677E-17));
#10847=DIRECTION('',(0.,-6.12323399573677E-17,-1.));
#10848=DIRECTION('',(0.,1.,-6.12323399573677E-17));
#10849=DIRECTION('',(0.,-6.12323399573677E-17,-1.));
#10850=DIRECTION('',(0.,1.,-6.12323399573677E-17));
#10851=DIRECTION('',(0.,6.12323399573677E-17,1.));
#10852=DIRECTION('',(2.08166817117217E-15,1.,-6.12323399573677E-17));
#10853=DIRECTION('',(0.,-6.12323399573677E-17,-1.));
#10854=DIRECTION('',(0.,1.,-6.12323399573677E-17));
#10855=DIRECTION('',(0.,-6.12323399573677E-17,-1.));
#10856=DIRECTION('',(0.,1.,-6.12323399573677E-17));
#10857=DIRECTION('',(0.,-6.12323399573677E-17,-1.));
#10858=DIRECTION('',(0.,1.,-6.12323399573677E-17));
#10859=DIRECTION('',(0.,6.12323399573677E-17,1.));
#10860=DIRECTION('',(0.,1.,-6.12323399573677E-17));
#10861=DIRECTION('',(0.,-6.12323399573677E-17,-1.));
#10862=DIRECTION('',(0.,1.,-6.12323399573677E-17));
#10863=DIRECTION('',(0.,-6.12323399573677E-17,-1.));
#10864=DIRECTION('',(0.,1.,-6.12323399573677E-17));
#10865=DIRECTION('',(0.,-6.12323399573677E-17,-1.));
#10866=DIRECTION('',(0.,1.,-6.12323399573677E-17));
#10867=DIRECTION('',(0.,-6.12323399573677E-17,-1.));
#10868=DIRECTION('',(0.,1.,-6.12323399573677E-17));
#10869=DIRECTION('',(0.,-6.12323399573677E-17,-1.));
#10870=DIRECTION('',(0.,-6.12323399573677E-17,-1.));
#10871=DIRECTION('',(0.,1.,-6.12323399573677E-17));
#10872=DIRECTION('',(0.,6.12323399573677E-17,1.));
#10873=DIRECTION('',(0.,-6.12323399573677E-17,-1.));
#10874=DIRECTION('',(0.,1.,-6.12323399573677E-17));
#10875=DIRECTION('',(0.,6.12323399573677E-17,1.));
#10876=DIRECTION('',(-2.16840434497102E-14,1.,-6.12323399573677E-17));
#10877=DIRECTION('',(0.,-6.12323399573677E-17,-1.));
#10878=DIRECTION('',(0.,-6.12323399573677E-17,-1.));
#10879=DIRECTION('',(0.,1.,-6.12323399573677E-17));
#10880=DIRECTION('',(0.,6.12323399573677E-17,1.));
#10881=DIRECTION('',(0.,1.,-6.12323399573677E-17));
#10882=DIRECTION('',(0.,6.12323399573677E-17,1.));
#10883=DIRECTION('',(0.,-6.12323399573677E-17,-1.));
#10884=DIRECTION('',(0.,1.,-6.12323399573677E-17));
#10885=DIRECTION('',(0.,6.12323399573677E-17,1.));
#10886=DIRECTION('',(4.33680868994205E-15,1.,-6.12323399573677E-17));
#10887=DIRECTION('',(0.,-6.12323399573677E-17,-1.));
#10888=DIRECTION('',(0.,-6.12323399573677E-17,-1.));
#10889=DIRECTION('',(0.,1.,-6.12323399573677E-17));
#10890=DIRECTION('',(0.,-6.12323399573677E-17,-1.));
#10891=DIRECTION('',(0.,1.,-6.12323399573677E-17));
#10892=DIRECTION('',(0.,6.12323399573677E-17,1.));
#10893=DIRECTION('',(0.,-6.12323399573677E-17,-1.));
#10894=DIRECTION('',(0.,1.,-6.12323399573677E-17));
#10895=DIRECTION('',(0.,6.12323399573677E-17,1.));
#10896=DIRECTION('',(2.86229373536175E-13,1.,-6.12323399573677E-17));
#10897=DIRECTION('',(0.,-6.12323399573677E-17,-1.));
#10898=DIRECTION('',(0.,-6.12323399573677E-17,-1.));
#10899=DIRECTION('',(0.,1.,-6.12323399573677E-17));
#10900=DIRECTION('',(0.,6.12323399573677E-17,1.));
#10901=DIRECTION('',(0.,1.,-6.12323399573677E-17));
#10902=DIRECTION('',(0.,6.12323399573677E-17,1.));
#10903=DIRECTION('',(0.,-6.12323399573677E-17,-1.));
#10904=DIRECTION('',(0.,1.,-6.12323399573677E-17));
#10905=DIRECTION('',(0.,6.12323399573677E-17,1.));
#10906=DIRECTION('',(-6.93889390390727E-14,1.,-6.12323399573677E-17));
#10907=DIRECTION('',(0.,-6.12323399573677E-17,-1.));
#10908=DIRECTION('',(0.,-6.12323399573677E-17,-1.));
#10909=DIRECTION('',(0.,1.,-6.12323399573677E-17));
#10910=DIRECTION('',(0.,-6.12323399573677E-17,-1.));
#10911=DIRECTION('',(0.,1.,-6.12323399573677E-17));
#10912=DIRECTION('',(0.,6.12323399573677E-17,1.));
#10913=DIRECTION('',(0.,-6.12323399573677E-17,-1.));
#10914=DIRECTION('',(0.,1.,-6.12323399573677E-17));
#10915=DIRECTION('',(0.,6.12323399573677E-17,1.));
#10916=DIRECTION('',(-8.67361737988409E-15,1.,-6.12323399573677E-17));
#10917=DIRECTION('',(0.,-6.12323399573677E-17,-1.));
#10918=DIRECTION('',(0.,-6.12323399573677E-17,-1.));
#10919=DIRECTION('',(0.,1.,-6.12323399573677E-17));
#10920=DIRECTION('',(0.,6.12323399573677E-17,1.));
#10921=DIRECTION('',(0.,1.,-6.12323399573677E-17));
#10922=DIRECTION('',(0.,6.12323399573677E-17,1.));
#10923=DIRECTION('',(0.,-6.12323399573677E-17,-1.));
#10924=DIRECTION('',(0.,1.,-6.12323399573677E-17));
#10925=DIRECTION('',(0.,6.12323399573677E-17,1.));
#10926=DIRECTION('',(-6.07153216591886E-14,1.,-6.12323399573677E-17));
#10927=DIRECTION('',(0.,-6.12323399573677E-17,-1.));
#10928=DIRECTION('',(0.,-6.12323399573677E-17,-1.));
#10929=DIRECTION('',(0.,1.,-6.12323399573677E-17));
#10930=DIRECTION('',(0.,-6.12323399573677E-17,-1.));
#10931=DIRECTION('',(0.,1.,-6.12323399573677E-17));
#10932=DIRECTION('',(0.,6.12323399573677E-17,1.));
#10933=DIRECTION('',(0.,-6.12323399573677E-17,-1.));
#10934=DIRECTION('',(0.,1.,-6.12323399573677E-17));
#10935=DIRECTION('',(0.,6.12323399573677E-17,1.));
#10936=DIRECTION('',(1.08420217248551E-13,1.,-6.12323399573677E-17));
#10937=DIRECTION('',(0.,-6.12323399573677E-17,-1.));
#10938=DIRECTION('',(0.,-6.12323399573677E-17,-1.));
#10939=DIRECTION('',(0.,1.,-6.12323399573677E-17));
#10940=DIRECTION('',(0.,6.12323399573677E-17,1.));
#10941=DIRECTION('',(-1.06527480968009E-14,1.,-6.12323399573677E-17));
#10942=DIRECTION('',(0.,6.12323399573677E-17,1.));
#10943=DIRECTION('',(0.,-6.12323399573677E-17,-1.));
#10944=DIRECTION('',(0.,1.,-6.12323399573677E-17));
#10945=DIRECTION('',(0.,6.12323399573677E-17,1.));
#10946=DIRECTION('',(0.,1.,-6.12323399573677E-17));
#10947=DIRECTION('',(0.,-6.12323399573677E-17,-1.));
#10948=DIRECTION('',(0.,1.,-6.12323399573677E-17));
#10949=DIRECTION('',(0.,-6.12323399573677E-17,-1.));
#10950=DIRECTION('',(0.,-6.12323399573677E-17,-1.));
#10951=DIRECTION('',(0.,1.,-6.12323399573677E-17));
#10952=DIRECTION('',(0.,6.12323399573677E-17,1.));
#10953=DIRECTION('',(0.,-6.12323399573677E-17,-1.));
#10954=DIRECTION('',(0.,1.,-6.12323399573677E-17));
#10955=DIRECTION('',(0.,6.12323399573677E-17,1.));
#10956=DIRECTION('',(-5.20417042793045E-14,1.,-6.12323399573677E-17));
#10957=DIRECTION('',(0.,-6.12323399573677E-17,-1.));
#10958=DIRECTION('',(0.,-6.12323399573677E-17,-1.));
#10959=DIRECTION('',(0.,1.,-6.12323399573677E-17));
#10960=DIRECTION('',(0.,6.12323399573677E-17,1.));
#10961=DIRECTION('',(0.,1.,-6.12323399573677E-17));
#10962=DIRECTION('',(0.,6.12323399573677E-17,1.));
#10963=DIRECTION('',(0.,-6.12323399573677E-17,-1.));
#10964=DIRECTION('',(0.,1.,-6.12323399573677E-17));
#10965=DIRECTION('',(0.,6.12323399573677E-17,1.));
#10966=DIRECTION('',(0.,1.,-6.12323399573677E-17));
#10967=DIRECTION('',(0.,-6.12323399573677E-17,-1.));
#10968=DIRECTION('',(0.,-6.12323399573677E-17,-1.));
#10969=DIRECTION('',(0.,1.,-6.12323399573677E-17));
#10970=DIRECTION('',(0.,-6.12323399573677E-17,-1.));
#10971=DIRECTION('',(0.,1.,-6.12323399573677E-17));
#10972=DIRECTION('',(0.,6.12323399573677E-17,1.));
#10973=DIRECTION('',(0.,-6.12323399573677E-17,-1.));
#10974=DIRECTION('',(0.,1.,-6.12323399573677E-17));
#10975=DIRECTION('',(0.,6.12323399573677E-17,1.));
#10976=DIRECTION('',(2.60208521396523E-14,1.,-6.12323399573677E-17));
#10977=DIRECTION('',(0.,-6.12323399573677E-17,-1.));
#10978=DIRECTION('',(0.,-6.12323399573677E-17,-1.));
#10979=DIRECTION('',(0.,1.,-6.12323399573677E-17));
#10980=DIRECTION('',(0.,6.12323399573677E-17,1.));
#10981=DIRECTION('',(0.,1.,-6.12323399573677E-17));
#10982=DIRECTION('',(0.,6.12323399573677E-17,1.));
#10983=DIRECTION('',(0.,-6.12323399573677E-17,-1.));
#10984=DIRECTION('',(0.,1.,-6.12323399573677E-17));
#10985=DIRECTION('',(0.,6.12323399573677E-17,1.));
#10986=DIRECTION('',(-6.93889390390727E-14,1.,-6.12323399573677E-17));
#10987=DIRECTION('',(0.,-6.12323399573677E-17,-1.));
#10988=DIRECTION('',(0.,-6.12323399573677E-17,-1.));
#10989=DIRECTION('',(0.,1.,-6.12323399573677E-17));
#10990=DIRECTION('',(0.,-6.12323399573677E-17,-1.));
#10991=DIRECTION('',(0.,1.,-6.12323399573677E-17));
#10992=DIRECTION('',(0.,6.12323399573677E-17,1.));
#10993=DIRECTION('',(0.,-6.12323399573677E-17,-1.));
#10994=DIRECTION('',(0.,1.,-6.12323399573677E-17));
#10995=DIRECTION('',(0.,6.12323399573677E-17,1.));
#10996=DIRECTION('',(-8.67361737988409E-15,1.,-6.12323399573677E-17));
#10997=DIRECTION('',(0.,-6.12323399573677E-17,-1.));
#10998=DIRECTION('',(0.,-6.12323399573677E-17,-1.));
#10999=DIRECTION('',(0.,1.,-6.12323399573677E-17));
#11000=DIRECTION('',(0.,6.12323399573677E-17,1.));
#11001=DIRECTION('',(0.,1.,-6.12323399573677E-17));
#11002=DIRECTION('',(0.,6.12323399573677E-17,1.));
#11003=DIRECTION('',(0.,-6.12323399573677E-17,-1.));
#11004=DIRECTION('',(0.,1.,-6.12323399573677E-17));
#11005=DIRECTION('',(0.,6.12323399573677E-17,1.));
#11006=DIRECTION('',(-6.07153216591886E-14,1.,-6.12323399573677E-17));
#11007=DIRECTION('',(0.,-6.12323399573677E-17,-1.));
#11008=DIRECTION('',(0.,-6.12323399573677E-17,-1.));
#11009=DIRECTION('',(0.,1.,-6.12323399573677E-17));
#11010=DIRECTION('',(0.,-6.12323399573677E-17,-1.));
#11011=DIRECTION('',(0.,1.,-6.12323399573677E-17));
#11012=DIRECTION('',(0.,6.12323399573677E-17,1.));
#11013=DIRECTION('',(0.,-6.12323399573677E-17,-1.));
#11014=DIRECTION('',(0.,1.,-6.12323399573677E-17));
#11015=DIRECTION('',(0.,6.12323399573677E-17,1.));
#11016=DIRECTION('',(-3.90312782094784E-14,1.,-6.12323399573677E-17));
#11017=DIRECTION('',(0.,-6.12323399573677E-17,-1.));
#11018=DIRECTION('',(0.,-6.12323399573677E-17,-1.));
#11019=DIRECTION('',(0.,1.,-6.12323399573677E-17));
#11020=DIRECTION('',(0.,6.12323399573677E-17,1.));
#11021=DIRECTION('',(1.06527480968009E-14,1.,-6.12323399573677E-17));
#11022=DIRECTION('',(0.,6.12323399573677E-17,1.));
#11023=DIRECTION('',(0.,-6.12323399573677E-17,-1.));
#11024=DIRECTION('',(0.,1.,-6.12323399573677E-17));
#11025=DIRECTION('',(0.,6.12323399573677E-17,1.));
#11026=DIRECTION('',(-1.38777878078145E-13,1.,-6.12323399573677E-17));
#11027=DIRECTION('',(0.,-6.12323399573677E-17,-1.));
#11028=DIRECTION('',(0.,1.,-6.12323399573677E-17));
#11029=DIRECTION('',(0.,-6.12323399573677E-17,-1.));
#11030=DIRECTION('',(0.,-6.12323399573677E-17,-1.));
#11031=DIRECTION('',(0.,1.,-6.12323399573677E-17));
#11032=DIRECTION('',(0.,6.12323399573677E-17,1.));
#11033=DIRECTION('',(0.,-6.12323399573677E-17,-1.));
#11034=DIRECTION('',(0.,1.,-6.12323399573677E-17));
#11035=DIRECTION('',(0.,6.12323399573677E-17,1.));
#11036=DIRECTION('',(-2.16840434497102E-14,1.,-6.12323399573677E-17));
#11037=DIRECTION('',(0.,-6.12323399573677E-17,-1.));
#11038=DIRECTION('',(0.,-6.12323399573677E-17,-1.));
#11039=DIRECTION('',(0.,1.,-6.12323399573677E-17));
#11040=DIRECTION('',(0.,6.12323399573677E-17,1.));
#11041=DIRECTION('',(0.,1.,-6.12323399573677E-17));
#11042=DIRECTION('',(0.,6.12323399573677E-17,1.));
#11043=DIRECTION('',(0.,-6.12323399573677E-17,-1.));
#11044=DIRECTION('',(0.,1.,-6.12323399573677E-17));
#11045=DIRECTION('',(0.,6.12323399573677E-17,1.));
#11046=DIRECTION('',(4.33680868994205E-15,1.,-6.12323399573677E-17));
#11047=DIRECTION('',(0.,-6.12323399573677E-17,-1.));
#11048=DIRECTION('',(0.,-6.12323399573677E-17,-1.));
#11049=DIRECTION('',(0.,1.,-6.12323399573677E-17));
#11050=DIRECTION('',(0.,-6.12323399573677E-17,-1.));
#11051=DIRECTION('',(0.,1.,-6.12323399573677E-17));
#11052=DIRECTION('',(0.,6.12323399573677E-17,1.));
#11053=DIRECTION('',(0.,-6.12323399573677E-17,-1.));
#11054=DIRECTION('',(0.,1.,-6.12323399573677E-17));
#11055=DIRECTION('',(0.,6.12323399573677E-17,1.));
#11056=DIRECTION('',(2.86229373536175E-13,1.,-6.12323399573677E-17));
#11057=DIRECTION('',(0.,-6.12323399573677E-17,-1.));
#11058=DIRECTION('',(0.,-6.12323399573677E-17,-1.));
#11059=DIRECTION('',(0.,1.,-6.12323399573677E-17));
#11060=DIRECTION('',(0.,6.12323399573677E-17,1.));
#11061=DIRECTION('',(0.,1.,-6.12323399573677E-17));
#11062=DIRECTION('',(0.,6.12323399573677E-17,1.));
#11063=DIRECTION('',(0.,-6.12323399573677E-17,-1.));
#11064=DIRECTION('',(0.,1.,-6.12323399573677E-17));
#11065=DIRECTION('',(0.,6.12323399573677E-17,1.));
#11066=DIRECTION('',(-6.93889390390727E-14,1.,-6.12323399573677E-17));
#11067=DIRECTION('',(0.,-6.12323399573677E-17,-1.));
#11068=DIRECTION('',(0.,-6.12323399573677E-17,-1.));
#11069=DIRECTION('',(0.,1.,-6.12323399573677E-17));
#11070=DIRECTION('',(0.,-6.12323399573677E-17,-1.));
#11071=DIRECTION('',(0.,1.,-6.12323399573677E-17));
#11072=DIRECTION('',(0.,6.12323399573677E-17,1.));
#11073=DIRECTION('',(0.,-6.12323399573677E-17,-1.));
#11074=DIRECTION('',(0.,1.,-6.12323399573677E-17));
#11075=DIRECTION('',(0.,6.12323399573677E-17,1.));
#11076=DIRECTION('',(-8.67361737988409E-15,1.,-6.12323399573677E-17));
#11077=DIRECTION('',(0.,-6.12323399573677E-17,-1.));
#11078=DIRECTION('',(0.,-6.12323399573677E-17,-1.));
#11079=DIRECTION('',(0.,1.,-6.12323399573677E-17));
#11080=DIRECTION('',(0.,6.12323399573677E-17,1.));
#11081=DIRECTION('',(0.,1.,-6.12323399573677E-17));
#11082=DIRECTION('',(0.,6.12323399573677E-17,1.));
#11083=DIRECTION('',(0.,-6.12323399573677E-17,-1.));
#11084=DIRECTION('',(0.,1.,-6.12323399573677E-17));
#11085=DIRECTION('',(0.,6.12323399573677E-17,1.));
#11086=DIRECTION('',(-6.07153216591886E-14,1.,-6.12323399573677E-17));
#11087=DIRECTION('',(0.,-6.12323399573677E-17,-1.));
#11088=DIRECTION('',(0.,-6.12323399573677E-17,-1.));
#11089=DIRECTION('',(0.,1.,-6.12323399573677E-17));
#11090=DIRECTION('',(0.,-6.12323399573677E-17,-1.));
#11091=DIRECTION('',(0.,1.,-6.12323399573677E-17));
#11092=DIRECTION('',(0.,6.12323399573677E-17,1.));
#11093=DIRECTION('',(0.,-6.12323399573677E-17,-1.));
#11094=DIRECTION('',(0.,1.,-6.12323399573677E-17));
#11095=DIRECTION('',(0.,6.12323399573677E-17,1.));
#11096=DIRECTION('',(1.08420217248551E-13,1.,-6.12323399573677E-17));
#11097=DIRECTION('',(0.,-6.12323399573677E-17,-1.));
#11098=DIRECTION('',(0.,-6.12323399573677E-17,-1.));
#11099=DIRECTION('',(0.,1.,-6.12323399573677E-17));
#11100=DIRECTION('',(0.,6.12323399573677E-17,1.));
#11101=DIRECTION('',(-1.06527480968009E-14,1.,-6.12323399573677E-17));
#11102=DIRECTION('',(0.,6.12323399573677E-17,1.));
#11103=DIRECTION('',(0.,-6.12323399573677E-17,-1.));
#11104=DIRECTION('',(0.,1.,-6.12323399573677E-17));
#11105=DIRECTION('',(0.,6.12323399573677E-17,1.));
#11106=DIRECTION('',(0.,1.,-6.12323399573677E-17));
#11107=DIRECTION('',(0.,-6.12323399573677E-17,-1.));
#11108=DIRECTION('',(0.,1.,-6.12323399573677E-17));
#11109=DIRECTION('',(0.,-6.12323399573677E-17,-1.));
#11110=DIRECTION('',(0.,-6.12323399573677E-17,-1.));
#11111=DIRECTION('',(0.,1.,-6.12323399573677E-17));
#11112=DIRECTION('',(0.,6.12323399573677E-17,1.));
#11113=DIRECTION('',(0.,-6.12323399573677E-17,-1.));
#11114=DIRECTION('',(0.,1.,-6.12323399573677E-17));
#11115=DIRECTION('',(0.,6.12323399573677E-17,1.));
#11116=DIRECTION('',(-5.20417042793045E-14,1.,-6.12323399573677E-17));
#11117=DIRECTION('',(0.,-6.12323399573677E-17,-1.));
#11118=DIRECTION('',(0.,-6.12323399573677E-17,-1.));
#11119=DIRECTION('',(0.,1.,-6.12323399573677E-17));
#11120=DIRECTION('',(0.,6.12323399573677E-17,1.));
#11121=DIRECTION('',(0.,1.,-6.12323399573677E-17));
#11122=DIRECTION('',(0.,6.12323399573677E-17,1.));
#11123=DIRECTION('',(0.,-6.12323399573677E-17,-1.));
#11124=DIRECTION('',(0.,1.,-6.12323399573677E-17));
#11125=DIRECTION('',(0.,6.12323399573677E-17,1.));
#11126=DIRECTION('',(0.,1.,-6.12323399573677E-17));
#11127=DIRECTION('',(0.,-6.12323399573677E-17,-1.));
#11128=DIRECTION('',(0.,-6.12323399573677E-17,-1.));
#11129=DIRECTION('',(0.,1.,-6.12323399573677E-17));
#11130=DIRECTION('',(0.,-6.12323399573677E-17,-1.));
#11131=DIRECTION('',(0.,1.,-6.12323399573677E-17));
#11132=DIRECTION('',(0.,6.12323399573677E-17,1.));
#11133=DIRECTION('',(0.,-6.12323399573677E-17,-1.));
#11134=DIRECTION('',(0.,1.,-6.12323399573677E-17));
#11135=DIRECTION('',(0.,6.12323399573677E-17,1.));
#11136=DIRECTION('',(2.60208521396523E-14,1.,-6.12323399573677E-17));
#11137=DIRECTION('',(0.,-6.12323399573677E-17,-1.));
#11138=DIRECTION('',(0.,-6.12323399573677E-17,-1.));
#11139=DIRECTION('',(0.,1.,-6.12323399573677E-17));
#11140=DIRECTION('',(0.,6.12323399573677E-17,1.));
#11141=DIRECTION('',(0.,1.,-6.12323399573677E-17));
#11142=DIRECTION('',(0.,6.12323399573677E-17,1.));
#11143=DIRECTION('',(0.,-6.12323399573677E-17,-1.));
#11144=DIRECTION('',(0.,1.,-6.12323399573677E-17));
#11145=DIRECTION('',(0.,6.12323399573677E-17,1.));
#11146=DIRECTION('',(-6.93889390390727E-14,1.,-6.12323399573677E-17));
#11147=DIRECTION('',(0.,-6.12323399573677E-17,-1.));
#11148=DIRECTION('',(0.,-6.12323399573677E-17,-1.));
#11149=DIRECTION('',(0.,1.,-6.12323399573677E-17));
#11150=DIRECTION('',(0.,-6.12323399573677E-17,-1.));
#11151=DIRECTION('',(0.,1.,-6.12323399573677E-17));
#11152=DIRECTION('',(0.,6.12323399573677E-17,1.));
#11153=DIRECTION('',(0.,-6.12323399573677E-17,-1.));
#11154=DIRECTION('',(0.,1.,-6.12323399573677E-17));
#11155=DIRECTION('',(0.,6.12323399573677E-17,1.));
#11156=DIRECTION('',(8.67361737988409E-15,1.,-6.12323399573677E-17));
#11157=DIRECTION('',(0.,-6.12323399573677E-17,-1.));
#11158=DIRECTION('',(0.,-6.12323399573677E-17,-1.));
#11159=DIRECTION('',(0.,1.,-6.12323399573677E-17));
#11160=DIRECTION('',(0.,6.12323399573677E-17,1.));
#11161=DIRECTION('',(0.,1.,-6.12323399573677E-17));
#11162=DIRECTION('',(0.,6.12323399573677E-17,1.));
#11163=DIRECTION('',(0.,-6.12323399573677E-17,-1.));
#11164=DIRECTION('',(0.,1.,-6.12323399573677E-17));
#11165=DIRECTION('',(0.,6.12323399573677E-17,1.));
#11166=DIRECTION('',(0.,1.,-6.12323399573677E-17));
#11167=DIRECTION('',(0.,-6.12323399573677E-17,-1.));
#11168=DIRECTION('',(0.,-6.12323399573677E-17,-1.));
#11169=DIRECTION('',(0.,1.,-6.12323399573677E-17));
#11170=DIRECTION('',(0.,-6.12323399573677E-17,-1.));
#11171=DIRECTION('',(0.,1.,-6.12323399573677E-17));
#11172=DIRECTION('',(0.,6.12323399573677E-17,1.));
#11173=DIRECTION('',(0.,-6.12323399573677E-17,-1.));
#11174=DIRECTION('',(0.,1.,-6.12323399573677E-17));
#11175=DIRECTION('',(0.,6.12323399573677E-17,1.));
#11176=DIRECTION('',(8.67361737988409E-15,1.,-6.12323399573677E-17));
#11177=DIRECTION('',(0.,-6.12323399573677E-17,-1.));
#11178=DIRECTION('',(0.,-6.12323399573677E-17,-1.));
#11179=DIRECTION('',(0.,1.,-6.12323399573677E-17));
#11180=DIRECTION('',(0.,6.12323399573677E-17,1.));
#11181=DIRECTION('',(-1.77761662770325E-14,1.,-6.12323399573677E-17));
#11182=DIRECTION('',(0.,6.12323399573677E-17,1.));
#11183=DIRECTION('',(0.,-6.12323399573677E-17,-1.));
#11184=DIRECTION('',(0.,1.,-6.12323399573677E-17));
#11185=DIRECTION('',(0.,6.12323399573677E-17,1.));
#11186=DIRECTION('',(6.07153216591886E-14,1.,-6.12323399573677E-17));
#11187=DIRECTION('',(0.,-6.12323399573677E-17,-1.));
#11188=DIRECTION('',(0.,1.,-6.12323399573677E-17));
#11189=DIRECTION('',(0.,-6.12323399573677E-17,-1.));
#11190=DIRECTION('',(0.,-6.12323399573677E-17,-1.));
#11191=DIRECTION('',(0.,1.,-6.12323399573677E-17));
#11192=DIRECTION('',(0.,6.12323399573677E-17,1.));
#11193=DIRECTION('',(0.,-6.12323399573677E-17,-1.));
#11194=DIRECTION('',(0.,1.,-6.12323399573677E-17));
#11195=DIRECTION('',(0.,6.12323399573677E-17,1.));
#11196=DIRECTION('',(0.,1.,-6.12323399573677E-17));
#11197=DIRECTION('',(0.,-6.12323399573677E-17,-1.));
#11198=DIRECTION('',(0.,-6.12323399573677E-17,-1.));
#11199=DIRECTION('',(0.,1.,-6.12323399573677E-17));
#11200=DIRECTION('',(0.,6.12323399573677E-17,1.));
#11201=DIRECTION('',(0.,1.,-6.12323399573677E-17));
#11202=DIRECTION('',(0.,6.12323399573677E-17,1.));
#11203=DIRECTION('',(0.,-6.12323399573677E-17,-1.));
#11204=DIRECTION('',(0.,1.,-6.12323399573677E-17));
#11205=DIRECTION('',(0.,6.12323399573677E-17,1.));
#11206=DIRECTION('',(0.,1.,-6.12323399573677E-17));
#11207=DIRECTION('',(0.,-6.12323399573677E-17,-1.));
#11208=DIRECTION('',(0.,-6.12323399573677E-17,-1.));
#11209=DIRECTION('',(0.,1.,-6.12323399573677E-17));
#11210=DIRECTION('',(0.,-6.12323399573677E-17,-1.));
#11211=DIRECTION('',(0.,1.,-6.12323399573677E-17));
#11212=DIRECTION('',(0.,6.12323399573677E-17,1.));
#11213=DIRECTION('',(0.,-6.12323399573677E-17,-1.));
#11214=DIRECTION('',(0.,1.,-6.12323399573677E-17));
#11215=DIRECTION('',(0.,6.12323399573677E-17,1.));
#11216=DIRECTION('',(1.12757025938493E-13,1.,-6.12323399573677E-17));
#11217=DIRECTION('',(0.,-6.12323399573677E-17,-1.));
#11218=DIRECTION('',(0.,-6.12323399573677E-17,-1.));
#11219=DIRECTION('',(0.,1.,-6.12323399573677E-17));
#11220=DIRECTION('',(0.,6.12323399573677E-17,1.));
#11221=DIRECTION('',(-6.21680132092939E-15,1.,-6.12323399573677E-17));
#11222=DIRECTION('',(0.,6.12323399573677E-17,1.));
#11223=DIRECTION('',(0.,-6.12323399573677E-17,-1.));
#11224=DIRECTION('',(0.,1.,-6.12323399573677E-17));
#11225=DIRECTION('',(0.,6.12323399573677E-17,1.));
#11226=DIRECTION('',(-6.93889390390727E-14,1.,-6.12323399573677E-17));
#11227=DIRECTION('',(0.,-6.12323399573677E-17,-1.));
#11228=DIRECTION('',(0.,-6.12323399573677E-17,-1.));
#11229=DIRECTION('',(0.,1.,-6.12323399573677E-17));
#11230=DIRECTION('',(0.,-6.12323399573677E-17,-1.));
#11231=DIRECTION('',(0.,1.,-6.12323399573677E-17));
#11232=DIRECTION('',(0.,6.12323399573677E-17,1.));
#11233=DIRECTION('',(0.,-6.12323399573677E-17,-1.));
#11234=DIRECTION('',(0.,1.,-6.12323399573677E-17));
#11235=DIRECTION('',(0.,6.12323399573677E-17,1.));
#11236=DIRECTION('',(8.67361737988409E-15,1.,-6.12323399573677E-17));
#11237=DIRECTION('',(0.,-6.12323399573677E-17,-1.));
#11238=DIRECTION('',(0.,-6.12323399573677E-17,-1.));
#11239=DIRECTION('',(0.,1.,-6.12323399573677E-17));
#11240=DIRECTION('',(0.,6.12323399573677E-17,1.));
#11241=DIRECTION('',(0.,1.,-6.12323399573677E-17));
#11242=DIRECTION('',(0.,6.12323399573677E-17,1.));
#11243=DIRECTION('',(0.,-6.12323399573677E-17,-1.));
#11244=DIRECTION('',(0.,1.,-6.12323399573677E-17));
#11245=DIRECTION('',(0.,6.12323399573677E-17,1.));
#11246=DIRECTION('',(0.,1.,-6.12323399573677E-17));
#11247=DIRECTION('',(0.,-6.12323399573677E-17,-1.));
#11248=DIRECTION('',(0.,-6.12323399573677E-17,-1.));
#11249=DIRECTION('',(0.,1.,-6.12323399573677E-17));
#11250=DIRECTION('',(0.,-6.12323399573677E-17,-1.));
#11251=DIRECTION('',(0.,1.,-6.12323399573677E-17));
#11252=DIRECTION('',(0.,6.12323399573677E-17,1.));
#11253=DIRECTION('',(0.,-6.12323399573677E-17,-1.));
#11254=DIRECTION('',(0.,1.,-6.12323399573677E-17));
#11255=DIRECTION('',(0.,6.12323399573677E-17,1.));
#11256=DIRECTION('',(8.67361737988409E-15,1.,-6.12323399573677E-17));
#11257=DIRECTION('',(0.,-6.12323399573677E-17,-1.));
#11258=DIRECTION('',(0.,-6.12323399573677E-17,-1.));
#11259=DIRECTION('',(0.,1.,-6.12323399573677E-17));
#11260=DIRECTION('',(0.,6.12323399573677E-17,1.));
#11261=DIRECTION('',(-1.77761662770325E-14,1.,-6.12323399573677E-17));
#11262=DIRECTION('',(0.,6.12323399573677E-17,1.));
#11263=DIRECTION('',(0.,-6.12323399573677E-17,-1.));
#11264=DIRECTION('',(0.,1.,-6.12323399573677E-17));
#11265=DIRECTION('',(0.,6.12323399573677E-17,1.));
#11266=DIRECTION('',(6.07153216591886E-14,1.,-6.12323399573677E-17));
#11267=DIRECTION('',(0.,-6.12323399573677E-17,-1.));
#11268=DIRECTION('',(0.,1.,-6.12323399573677E-17));
#11269=DIRECTION('',(0.,-6.12323399573677E-17,-1.));
#11270=DIRECTION('',(0.,-6.12323399573677E-17,-1.));
#11271=DIRECTION('',(0.,1.,-6.12323399573677E-17));
#11272=DIRECTION('',(0.,6.12323399573677E-17,1.));
#11273=DIRECTION('',(0.,-6.12323399573677E-17,-1.));
#11274=DIRECTION('',(0.,1.,-6.12323399573677E-17));
#11275=DIRECTION('',(0.,6.12323399573677E-17,1.));
#11276=DIRECTION('',(0.,1.,-6.12323399573677E-17));
#11277=DIRECTION('',(0.,-6.12323399573677E-17,-1.));
#11278=DIRECTION('',(0.,-6.12323399573677E-17,-1.));
#11279=DIRECTION('',(0.,1.,-6.12323399573677E-17));
#11280=DIRECTION('',(0.,6.12323399573677E-17,1.));
#11281=DIRECTION('',(0.,1.,-6.12323399573677E-17));
#11282=DIRECTION('',(0.,6.12323399573677E-17,1.));
#11283=DIRECTION('',(0.,-6.12323399573677E-17,-1.));
#11284=DIRECTION('',(0.,1.,-6.12323399573677E-17));
#11285=DIRECTION('',(0.,6.12323399573677E-17,1.));
#11286=DIRECTION('',(0.,1.,-6.12323399573677E-17));
#11287=DIRECTION('',(0.,-6.12323399573677E-17,-1.));
#11288=DIRECTION('',(0.,-6.12323399573677E-17,-1.));
#11289=DIRECTION('',(0.,1.,-6.12323399573677E-17));
#11290=DIRECTION('',(0.,-6.12323399573677E-17,-1.));
#11291=DIRECTION('',(0.,1.,-6.12323399573677E-17));
#11292=DIRECTION('',(0.,6.12323399573677E-17,1.));
#11293=DIRECTION('',(0.,-6.12323399573677E-17,-1.));
#11294=DIRECTION('',(0.,1.,-6.12323399573677E-17));
#11295=DIRECTION('',(0.,6.12323399573677E-17,1.));
#11296=DIRECTION('',(1.12757025938493E-13,1.,-6.12323399573677E-17));
#11297=DIRECTION('',(0.,-6.12323399573677E-17,-1.));
#11298=DIRECTION('',(0.,-6.12323399573677E-17,-1.));
#11299=DIRECTION('',(0.,1.,-6.12323399573677E-17));
#11300=DIRECTION('',(0.,6.12323399573677E-17,1.));
#11301=DIRECTION('',(-6.21680132092939E-15,1.,-6.12323399573677E-17));
#11302=DIRECTION('',(0.,6.12323399573677E-17,1.));
#11303=DIRECTION('',(0.,-6.12323399573677E-17,-1.));
#11304=DIRECTION('',(0.,1.,-6.12323399573677E-17));
#11305=DIRECTION('',(0.,6.12323399573677E-17,1.));
#11306=DIRECTION('',(-6.93889390390727E-14,1.,-6.12323399573677E-17));
#11307=DIRECTION('',(0.,-6.12323399573677E-17,-1.));
#11308=DIRECTION('',(0.,-6.12323399573677E-17,-1.));
#11309=DIRECTION('',(0.,1.,-6.12323399573677E-17));
#11310=DIRECTION('',(0.,-6.12323399573677E-17,-1.));
#11311=DIRECTION('',(0.,1.,-6.12323399573677E-17));
#11312=DIRECTION('',(0.,6.12323399573677E-17,1.));
#11313=DIRECTION('',(0.,-6.12323399573677E-17,-1.));
#11314=DIRECTION('',(0.,1.,-6.12323399573677E-17));
#11315=DIRECTION('',(0.,6.12323399573677E-17,1.));
#11316=DIRECTION('',(0.,1.,-6.12323399573677E-17));
#11317=DIRECTION('',(0.,-6.12323399573677E-17,-1.));
#11318=DIRECTION('',(0.,-6.12323399573677E-17,-1.));
#11319=DIRECTION('',(0.,1.,-6.12323399573677E-17));
#11320=DIRECTION('',(0.,6.12323399573677E-17,1.));
#11321=DIRECTION('',(7.77100165116174E-16,1.,-6.12323399573677E-17));
#11322=DIRECTION('',(0.,6.12323399573677E-17,1.));
#11323=DIRECTION('',(0.,-6.12323399573677E-17,-1.));
#11324=DIRECTION('',(0.,1.,-6.12323399573677E-17));
#11325=DIRECTION('',(0.,6.12323399573677E-17,1.));
#11326=DIRECTION('',(0.,1.,-6.12323399573677E-17));
#11327=DIRECTION('',(0.,-6.12323399573677E-17,-1.));
#11328=DIRECTION('',(0.,-6.12323399573677E-17,-1.));
#11329=DIRECTION('',(0.,1.,-6.12323399573677E-17));
#11330=DIRECTION('',(0.,-6.12323399573677E-17,-1.));
#11331=DIRECTION('',(0.,1.,-6.12323399573677E-17));
#11332=DIRECTION('',(0.,6.12323399573677E-17,1.));
#11333=DIRECTION('',(0.,-6.12323399573677E-17,-1.));
#11334=DIRECTION('',(0.,1.,-6.12323399573677E-17));
#11335=DIRECTION('',(0.,6.12323399573677E-17,1.));
#11336=DIRECTION('',(4.33680868994201E-15,1.,-6.12323399573677E-17));
#11337=DIRECTION('',(0.,-6.12323399573677E-17,-1.));
#11338=DIRECTION('',(0.,-6.12323399573677E-17,-1.));
#11339=DIRECTION('',(0.,1.,-6.12323399573677E-17));
#11340=DIRECTION('',(0.,6.12323399573677E-17,1.));
#11341=DIRECTION('',(0.,1.,-6.12323399573677E-17));
#11342=DIRECTION('',(0.,6.12323399573677E-17,1.));
#11343=DIRECTION('',(0.,-6.12323399573677E-17,-1.));
#11344=DIRECTION('',(0.,1.,-6.12323399573677E-17));
#11345=DIRECTION('',(0.,6.12323399573677E-17,1.));
#11346=DIRECTION('',(-1.3010426069826E-14,1.,-6.12323399573677E-17));
#11347=DIRECTION('',(0.,-6.12323399573677E-17,-1.));
#11348=DIRECTION('',(0.,1.,-6.12323399573677E-17));
#11349=DIRECTION('',(0.,-6.12323399573677E-17,-1.));
#11350=DIRECTION('',(0.,-6.12323399573677E-17,-1.));
#11351=DIRECTION('',(0.,1.,-6.12323399573677E-17));
#11352=DIRECTION('',(0.,6.12323399573677E-17,1.));
#11353=DIRECTION('',(0.,-6.12323399573677E-17,-1.));
#11354=DIRECTION('',(0.,1.,-6.12323399573677E-17));
#11355=DIRECTION('',(0.,6.12323399573677E-17,1.));
#11356=DIRECTION('',(0.,1.,-6.12323399573677E-17));
#11357=DIRECTION('',(0.,-6.12323399573677E-17,-1.));
#11358=DIRECTION('',(0.,-6.12323399573677E-17,-1.));
#11359=DIRECTION('',(0.,1.,-6.12323399573677E-17));
#11360=DIRECTION('',(0.,6.12323399573677E-17,1.));
#11361=DIRECTION('',(0.,1.,-6.12323399573677E-17));
#11362=DIRECTION('',(0.,6.12323399573677E-17,1.));
#11363=DIRECTION('',(0.,-6.12323399573677E-17,-1.));
#11364=DIRECTION('',(0.,1.,-6.12323399573677E-17));
#11365=DIRECTION('',(0.,6.12323399573677E-17,1.));
#11366=DIRECTION('',(0.,1.,-6.12323399573677E-17));
#11367=DIRECTION('',(0.,-6.12323399573677E-17,-1.));
#11368=DIRECTION('',(0.,-6.12323399573677E-17,-1.));
#11369=DIRECTION('',(0.,1.,-6.12323399573677E-17));
#11370=DIRECTION('',(0.,-6.12323399573677E-17,-1.));
#11371=DIRECTION('',(0.,1.,-6.12323399573677E-17));
#11372=DIRECTION('',(0.,6.12323399573677E-17,1.));
#11373=DIRECTION('',(0.,-6.12323399573677E-17,-1.));
#11374=DIRECTION('',(0.,1.,-6.12323399573677E-17));
#11375=DIRECTION('',(0.,6.12323399573677E-17,1.));
#11376=DIRECTION('',(-2.6020852139652E-14,1.,-6.12323399573677E-17));
#11377=DIRECTION('',(0.,-6.12323399573677E-17,-1.));
#11378=DIRECTION('',(0.,-6.12323399573677E-17,-1.));
#11379=DIRECTION('',(0.,1.,-6.12323399573677E-17));
#11380=DIRECTION('',(0.,6.12323399573677E-17,1.));
#11381=DIRECTION('',(-6.21680132092939E-15,1.,-6.12323399573677E-17));
#11382=DIRECTION('',(0.,6.12323399573677E-17,1.));
#11383=DIRECTION('',(0.,-6.12323399573677E-17,-1.));
#11384=DIRECTION('',(0.,1.,-6.12323399573677E-17));
#11385=DIRECTION('',(0.,6.12323399573677E-17,1.));
#11386=DIRECTION('',(-7.80625564189561E-14,1.,-6.12323399573677E-17));
#11387=DIRECTION('',(0.,-6.12323399573677E-17,-1.));
#11388=DIRECTION('',(0.,-6.12323399573677E-17,-1.));
#11389=DIRECTION('',(0.,1.,-6.12323399573677E-17));
#11390=DIRECTION('',(0.,-6.12323399573677E-17,-1.));
#11391=DIRECTION('',(0.,1.,-6.12323399573677E-17));
#11392=DIRECTION('',(0.,6.12323399573677E-17,1.));
#11393=DIRECTION('',(0.,-6.12323399573677E-17,-1.));
#11394=DIRECTION('',(0.,1.,-6.12323399573677E-17));
#11395=DIRECTION('',(0.,6.12323399573677E-17,1.));
#11396=DIRECTION('',(-6.93889390390724E-14,1.,-6.12323399573677E-17));
#11397=DIRECTION('',(0.,-6.12323399573677E-17,-1.));
#11398=DIRECTION('',(0.,-6.12323399573677E-17,-1.));
#11399=DIRECTION('',(0.,1.,-6.12323399573677E-17));
#11400=DIRECTION('',(0.,6.12323399573677E-17,1.));
#11401=DIRECTION('',(0.,1.,-6.12323399573677E-17));
#11402=DIRECTION('',(0.,6.12323399573677E-17,1.));
#11403=DIRECTION('',(0.,-6.12323399573677E-17,-1.));
#11404=DIRECTION('',(0.,1.,-6.12323399573677E-17));
#11405=DIRECTION('',(0.,6.12323399573677E-17,1.));
#11406=DIRECTION('',(-5.20417042793043E-14,1.,-6.12323399573677E-17));
#11407=DIRECTION('',(0.,-6.12323399573677E-17,-1.));
#11408=DIRECTION('',(0.,-6.12323399573677E-17,-1.));
#11409=DIRECTION('',(0.,1.,-6.12323399573677E-17));
#11410=DIRECTION('',(0.,-6.12323399573677E-17,-1.));
#11411=DIRECTION('',(0.,1.,-6.12323399573677E-17));
#11412=DIRECTION('',(0.,6.12323399573677E-17,1.));
#11413=DIRECTION('',(0.,-6.12323399573677E-17,-1.));
#11414=DIRECTION('',(0.,1.,-6.12323399573677E-17));
#11415=DIRECTION('',(0.,6.12323399573677E-17,1.));
#11416=DIRECTION('',(8.67361737988405E-15,1.,-6.12323399573677E-17));
#11417=DIRECTION('',(0.,-6.12323399573677E-17,-1.));
#11418=DIRECTION('',(0.,-6.12323399573677E-17,-1.));
#11419=DIRECTION('',(0.,1.,-6.12323399573677E-17));
#11420=DIRECTION('',(0.,6.12323399573677E-17,1.));
#11421=DIRECTION('',(7.09103900668509E-15,1.,-6.12323399573677E-17));
#11422=DIRECTION('',(0.,6.12323399573677E-17,1.));
#11423=DIRECTION('',(0.,-6.12323399573677E-17,-1.));
#11424=DIRECTION('',(0.,1.,-6.12323399573677E-17));
#11425=DIRECTION('',(0.,6.12323399573677E-17,1.));
#11426=DIRECTION('',(-8.67361737988405E-15,1.,-6.12323399573677E-17));
#11427=DIRECTION('',(0.,-6.12323399573677E-17,-1.));
#11428=DIRECTION('',(0.,1.,-6.12323399573677E-17));
#11429=DIRECTION('',(-0.504554016129942,-0.863380127642017,2.2410210271857E-15));
#11430=DIRECTION('',(-0.863380127642017,0.504554016129942,-3.08950230425238E-17));
#11431=DIRECTION('',(0.504554016129941,-0.863380127642018,5.28667854882115E-17));
#11432=DIRECTION('',(0.863380127642017,0.504554016129942,-3.08950230425238E-17));
#11433=DIRECTION('',(0.,6.12323399573677E-17,1.));
#11434=DIRECTION('',(1.92747052886312E-15,1.,-6.12323399573677E-17));
#11435=DIRECTION('',(0.,-6.12323399573677E-17,-1.));
#11436=DIRECTION('',(0.,1.,-6.12323399573677E-17));
#11437=DIRECTION('',(-0.764402097514768,-0.644739818310474,3.94789277388384E-17));
#11438=DIRECTION('',(0.644739818310472,-0.76440209751477,4.68061290991493E-17));
#11439=DIRECTION('',(0.,-6.12323399573677E-17,-1.));
#11440=DIRECTION('',(0.,1.,-6.12323399573677E-17));
#11441=DIRECTION('',(0.,-6.12323399573677E-17,-1.));
#11442=DIRECTION('',(0.,1.,-6.12323399573677E-17));
#11443=DIRECTION('',(-0.644739818310488,-0.764402097514756,-5.54542036450199E-15));
#11444=DIRECTION('',(-0.764402097514752,0.644739818310493,-9.88155828663653E-16));
#11445=DIRECTION('',(0.,-6.12323399573677E-17,-1.));
#11446=DIRECTION('',(0.,1.,-6.12323399573677E-17));
#11447=DIRECTION('',(0.,-6.12323399573677E-17,-1.));
#11448=DIRECTION('',(0.,1.,-6.12323399573677E-17));
#11449=DIRECTION('',(-0.863380127642014,-0.504554016129948,3.08950230425241E-17));
#11450=DIRECTION('',(0.504554016129948,-0.863380127642014,5.28667854882113E-17));
#11451=DIRECTION('',(0.,-6.12323399573677E-17,-1.));
#11452=DIRECTION('',(0.,1.,-6.12323399573677E-17));
#11453=DIRECTION('',(0.,-6.12323399573677E-17,-1.));
#11454=DIRECTION('',(0.,1.,-6.12323399573677E-17));
#11455=DIRECTION('',(0.,6.12323399573677E-17,1.));
#11456=DIRECTION('',(0.,1.,-6.12323399573677E-17));
#11457=DIRECTION('',(0.863380127642012,-0.504554016129951,3.08950230425243E-17));
#11458=DIRECTION('',(0.504554016129951,0.863380127642012,-5.28667854882112E-17));
#11459=DIRECTION('',(0.,-6.12323399573677E-17,-1.));
#11460=DIRECTION('',(0.,1.,-6.12323399573677E-17));
#11461=DIRECTION('',(0.,-6.12323399573677E-17,-1.));
#11462=DIRECTION('',(0.,1.,-6.12323399573677E-17));
#11463=DIRECTION('',(0.644739818310497,-0.764402097514749,4.6806129099148E-17));
#11464=DIRECTION('',(-0.764402097514749,-0.644739818310497,-1.72234960255011E-15));
#11465=DIRECTION('',(0.,-6.12323399573677E-17,-1.));
#11466=DIRECTION('',(0.,1.,-6.12323399573677E-17));
#11467=DIRECTION('',(0.,-6.12323399573677E-17,-1.));
#11468=DIRECTION('',(0.,1.,-6.12323399573677E-17));
#11469=DIRECTION('',(0.764402097514768,-0.644739818310474,-6.59065239048508E-15));
#11470=DIRECTION('',(0.644739818310474,0.764402097514768,-4.68061290991492E-17));
#11471=DIRECTION('',(0.,-6.12323399573677E-17,-1.));
#11472=DIRECTION('',(0.,1.,-6.12323399573677E-17));
#11473=DIRECTION('',(0.,-6.12323399573677E-17,-1.));
#11474=DIRECTION('',(0.,1.,-6.12323399573677E-17));
#11475=DIRECTION('',(0.504554016129941,-0.863380127642018,5.28667854882115E-17));
#11476=DIRECTION('',(-0.863380127642018,-0.504554016129941,-1.73093350724642E-15));
#11477=DIRECTION('',(0.,-6.12323399573677E-17,-1.));
#11478=DIRECTION('',(0.,1.,-6.12323399573677E-17));
#11479=DIRECTION('',(0.,6.12323399573677E-17,1.));
#11480=DIRECTION('',(-6.42490176287706E-16,1.,-6.12323399573677E-17));
#11481=DIRECTION('',(-0.504554016129941,-0.863380127642018,5.28667854882115E-17));
#11482=DIRECTION('',(0.863380127642018,-0.504554016129941,3.08950230425237E-17));
#11483=DIRECTION('',(0.,-6.12323399573677E-17,-1.));
#11484=DIRECTION('',(0.,1.,-6.12323399573677E-17));
#11485=DIRECTION('',(0.,-6.12323399573677E-17,-1.));
#11486=DIRECTION('',(0.,1.,-6.12323399573677E-17));
#11487=DIRECTION('',(-0.764402097514768,-0.644739818310474,3.94789277388384E-17));
#11488=DIRECTION('',(-0.644739818310474,0.764402097514768,-1.80863465938808E-15));
#11489=DIRECTION('',(0.,-6.12323399573677E-17,-1.));
#11490=DIRECTION('',(0.,1.,-6.12323399573677E-17));
#11491=DIRECTION('',(0.,-6.12323399573677E-17,-1.));
#11492=DIRECTION('',(0.,1.,-6.12323399573677E-17));
#11493=DIRECTION('',(-0.644739818310488,-0.764402097514756,5.63903262270029E-15));
#11494=DIRECTION('',(0.764402097514752,-0.644739818310493,3.94789277388395E-17));
#11495=DIRECTION('',(0.,-6.12323399573677E-17,-1.));
#11496=DIRECTION('',(0.,1.,-6.12323399573677E-17));
#11497=DIRECTION('',(0.,-6.12323399573677E-17,-1.));
#11498=DIRECTION('',(0.,1.,-6.12323399573677E-17));
#11499=DIRECTION('',(-0.863380127642016,-0.504554016129944,3.08950230425239E-17));
#11500=DIRECTION('',(-0.504554016129944,0.863380127642016,-1.81469531577716E-15));
#11501=DIRECTION('',(0.,-6.12323399573677E-17,-1.));
#11502=DIRECTION('',(0.,1.,-6.12323399573677E-17));
#11503=DIRECTION('',(0.,6.12323399573677E-17,1.));
#11504=DIRECTION('',(1.92747052886312E-15,1.,-6.12323399573677E-17));
#11505=DIRECTION('',(0.863380127642012,-0.504554016129951,3.08950230425243E-17));
#11506=DIRECTION('',(-0.504554016129951,-0.863380127642012,5.28667854882112E-17));
#11507=DIRECTION('',(0.,-6.12323399573677E-17,-1.));
#11508=DIRECTION('',(0.,1.,-6.12323399573677E-17));
#11509=DIRECTION('',(0.644739818310493,-0.764402097514753,4.68061290991483E-17));
#11510=DIRECTION('',(0.764402097514752,0.644739818310493,-3.94789277388395E-17));
#11511=DIRECTION('',(0.,-6.12323399573677E-17,-1.));
#11512=DIRECTION('',(0.,1.,-6.12323399573677E-17));
#11513=DIRECTION('',(0.,-6.12323399573677E-17,-1.));
#11514=DIRECTION('',(0.,1.,-6.12323399573677E-17));
#11515=DIRECTION('',(0.764402097514766,-0.644739818310476,9.98467590507468E-15));
#11516=DIRECTION('',(-0.644739818310474,-0.764402097514768,-9.01870771825663E-16));
#11517=DIRECTION('',(0.,-6.12323399573677E-17,-1.));
#11518=DIRECTION('',(0.,1.,-6.12323399573677E-17));
#11519=DIRECTION('',(0.,-6.12323399573677E-17,-1.));
#11520=DIRECTION('',(0.,1.,-6.12323399573677E-17));
#11521=DIRECTION('',(0.,-6.12323399573677E-17,-1.));
#11522=DIRECTION('',(0.,1.,-6.12323399573677E-17));
#11523=DIRECTION('',(0.,-6.12323399573677E-17,-1.));
#11524=DIRECTION('',(0.,1.,-6.12323399573677E-17));
#11525=DIRECTION('',(-0.504554016129944,-0.863380127642016,2.2410210271857E-15));
#11526=DIRECTION('',(-0.863380127642017,0.504554016129942,-3.08950230425238E-17));
#11527=DIRECTION('',(0.504554016129942,-0.863380127642017,5.28667854882115E-17));
#11528=DIRECTION('',(0.863380127642017,0.504554016129942,-3.08950230425238E-17));
#11529=DIRECTION('',(0.,6.12323399573677E-17,1.));
#11530=DIRECTION('',(6.42490176287706E-16,1.,-6.12323399573677E-17));
#11531=DIRECTION('',(0.,-6.12323399573677E-17,-1.));
#11532=DIRECTION('',(0.,1.,-6.12323399573677E-17));
#11533=DIRECTION('',(-0.76440209751477,-0.644739818310471,3.94789277388382E-17));
#11534=DIRECTION('',(0.644739818310472,-0.76440209751477,4.68061290991493E-17));
#11535=DIRECTION('',(0.,-6.12323399573677E-17,-1.));
#11536=DIRECTION('',(0.,1.,-6.12323399573677E-17));
#11537=DIRECTION('',(0.,-6.12323399573677E-17,-1.));
#11538=DIRECTION('',(0.,1.,-6.12323399573677E-17));
#11539=DIRECTION('',(-0.644739818310488,-0.764402097514756,-8.34153361130256E-15));
#11540=DIRECTION('',(-0.764402097514752,0.644739818310493,-3.94789277388395E-17));
#11541=DIRECTION('',(0.,-6.12323399573677E-17,-1.));
#11542=DIRECTION('',(0.,1.,-6.12323399573677E-17));
#11543=DIRECTION('',(0.,-6.12323399573677E-17,-1.));
#11544=DIRECTION('',(0.,1.,-6.12323399573677E-17));
#11545=DIRECTION('',(-0.863380127642012,-0.504554016129951,3.08950230425243E-17));
#11546=DIRECTION('',(0.504554016129951,-0.863380127642012,5.28667854882112E-17));
#11547=DIRECTION('',(0.,-6.12323399573677E-17,-1.));
#11548=DIRECTION('',(0.,1.,-6.12323399573677E-17));
#11549=DIRECTION('',(0.,-6.12323399573677E-17,-1.));
#11550=DIRECTION('',(0.,1.,-6.12323399573677E-17));
#11551=DIRECTION('',(0.,6.12323399573677E-17,1.));
#11552=DIRECTION('',(0.,1.,-6.12323399573677E-17));
#11553=DIRECTION('',(0.863380127642016,-0.504554016129944,3.08950230425239E-17));
#11554=DIRECTION('',(0.504554016129944,0.863380127642016,-5.28667854882114E-17));
#11555=DIRECTION('',(0.,-6.12323399573677E-17,-1.));
#11556=DIRECTION('',(0.,1.,-6.12323399573677E-17));
#11557=DIRECTION('',(0.,-6.12323399573677E-17,-1.));
#11558=DIRECTION('',(0.,1.,-6.12323399573677E-17));
#11559=DIRECTION('',(0.644739818310493,-0.764402097514753,4.68061290991483E-17));
#11560=DIRECTION('',(-0.764402097514752,-0.644739818310493,-1.7223496025501E-15));
#11561=DIRECTION('',(0.,-6.12323399573677E-17,-1.));
#11562=DIRECTION('',(0.,1.,-6.12323399573677E-17));
#11563=DIRECTION('',(0.,-6.12323399573677E-17,-1.));
#11564=DIRECTION('',(0.,1.,-6.12323399573677E-17));
#11565=DIRECTION('',(0.764402097514768,-0.644739818310474,-6.59065239048508E-15));
#11566=DIRECTION('',(0.644739818310474,0.764402097514768,-4.68061290991492E-17));
#11567=DIRECTION('',(0.,-6.12323399573677E-17,-1.));
#11568=DIRECTION('',(0.,1.,-6.12323399573677E-17));
#11569=DIRECTION('',(0.,-6.12323399573677E-17,-1.));
#11570=DIRECTION('',(0.,1.,-6.12323399573677E-17));
#11571=DIRECTION('',(0.504554016129941,-0.863380127642018,5.28667854882115E-17));
#11572=DIRECTION('',(-0.863380127642018,-0.504554016129941,-1.73093350724642E-15));
#11573=DIRECTION('',(0.,-6.12323399573677E-17,-1.));
#11574=DIRECTION('',(0.,1.,-6.12323399573677E-17));
#11575=DIRECTION('',(0.,6.12323399573677E-17,1.));
#11576=DIRECTION('',(-6.42490176287706E-16,1.,-6.12323399573677E-17));
#11577=DIRECTION('',(-0.504554016129941,-0.863380127642018,5.28667854882115E-17));
#11578=DIRECTION('',(0.863380127642018,-0.504554016129941,3.08950230425237E-17));
#11579=DIRECTION('',(0.,-6.12323399573677E-17,-1.));
#11580=DIRECTION('',(0.,1.,-6.12323399573677E-17));
#11581=DIRECTION('',(0.,-6.12323399573677E-17,-1.));
#11582=DIRECTION('',(0.,1.,-6.12323399573677E-17));
#11583=DIRECTION('',(-0.764402097514768,-0.644739818310474,3.94789277388384E-17));
#11584=DIRECTION('',(-0.644739818310474,0.764402097514768,-1.80863465938808E-15));
#11585=DIRECTION('',(0.,-6.12323399573677E-17,-1.));
#11586=DIRECTION('',(0.,1.,-6.12323399573677E-17));
#11587=DIRECTION('',(0.,-6.12323399573677E-17,-1.));
#11588=DIRECTION('',(0.,1.,-6.12323399573677E-17));
#11589=DIRECTION('',(-0.644739818310488,-0.764402097514756,5.63903262270029E-15));
#11590=DIRECTION('',(0.764402097514752,-0.644739818310493,3.94789277388395E-17));
#11591=DIRECTION('',(0.,-6.12323399573677E-17,-1.));
#11592=DIRECTION('',(0.,1.,-6.12323399573677E-17));
#11593=DIRECTION('',(0.,-6.12323399573677E-17,-1.));
#11594=DIRECTION('',(0.,1.,-6.12323399573677E-17));
#11595=DIRECTION('',(-0.863380127642016,-0.504554016129944,3.08950230425239E-17));
#11596=DIRECTION('',(-0.504554016129944,0.863380127642016,-1.81469531577716E-15));
#11597=DIRECTION('',(0.,-6.12323399573677E-17,-1.));
#11598=DIRECTION('',(0.,1.,-6.12323399573677E-17));
#11599=DIRECTION('',(0.,6.12323399573677E-17,1.));
#11600=DIRECTION('',(1.92747052886312E-15,1.,-6.12323399573677E-17));
#11601=DIRECTION('',(0.863380127642012,-0.504554016129951,-3.71341941723861E-15));
#11602=DIRECTION('',(-0.504554016129951,-0.863380127642012,-8.95810115436606E-16));
#11603=DIRECTION('',(0.,-6.12323399573677E-17,-1.));
#11604=DIRECTION('',(0.,1.,-6.12323399573677E-17));
#11605=DIRECTION('',(0.644739818310493,-0.764402097514753,4.68061290991483E-17));
#11606=DIRECTION('',(0.764402097514752,0.644739818310493,-3.94789277388395E-17));
#11607=DIRECTION('',(0.,-6.12323399573677E-17,-1.));
#11608=DIRECTION('',(0.,1.,-6.12323399573677E-17));
#11609=DIRECTION('',(0.,-6.12323399573677E-17,-1.));
#11610=DIRECTION('',(0.,1.,-6.12323399573677E-17));
#11611=DIRECTION('',(0.764402097514766,-0.644739818310476,3.35454458685079E-15));
#11612=DIRECTION('',(-0.644739818310474,-0.764402097514768,9.95483030023961E-16));
#11613=DIRECTION('',(0.,-6.12323399573677E-17,-1.));
#11614=DIRECTION('',(0.,1.,-6.12323399573677E-17));
#11615=DIRECTION('',(0.,-6.12323399573677E-17,-1.));
#11616=DIRECTION('',(0.,1.,-6.12323399573677E-17));
#11617=DIRECTION('',(0.,-6.12323399573677E-17,-1.));
#11618=DIRECTION('',(0.,1.,-6.12323399573677E-17));
#11619=DIRECTION('',(0.,-6.12323399573677E-17,-1.));
#11620=DIRECTION('',(0.,1.,-6.12323399573677E-17));
#11621=DIRECTION('',(-0.504554016129942,-0.863380127642017,2.2410210271857E-15));
#11622=DIRECTION('',(-0.863380127642017,0.504554016129942,-3.08950230425238E-17));
#11623=DIRECTION('',(0.504554016129941,-0.863380127642018,5.28667854882115E-17));
#11624=DIRECTION('',(0.863380127642017,0.504554016129942,-3.08950230425238E-17));
#11625=DIRECTION('',(0.,6.12323399573677E-17,1.));
#11626=DIRECTION('',(1.92747052886312E-15,1.,-6.12323399573677E-17));
#11627=DIRECTION('',(0.,-6.12323399573677E-17,-1.));
#11628=DIRECTION('',(0.,1.,-6.12323399573677E-17));
#11629=DIRECTION('',(-0.764402097514768,-0.644739818310474,3.94789277388384E-17));
#11630=DIRECTION('',(0.644739818310472,-0.76440209751477,4.68061290991493E-17));
#11631=DIRECTION('',(0.,-6.12323399573677E-17,-1.));
#11632=DIRECTION('',(0.,1.,-6.12323399573677E-17));
#11633=DIRECTION('',(0.,-6.12323399573677E-17,-1.));
#11634=DIRECTION('',(0.,1.,-6.12323399573677E-17));
#11635=DIRECTION('',(-0.644739818310488,-0.764402097514756,-5.54542036450199E-15));
#11636=DIRECTION('',(-0.764402097514752,0.644739818310493,-9.88155828663653E-16));
#11637=DIRECTION('',(0.,-6.12323399573677E-17,-1.));
#11638=DIRECTION('',(0.,1.,-6.12323399573677E-17));
#11639=DIRECTION('',(0.,-6.12323399573677E-17,-1.));
#11640=DIRECTION('',(0.,1.,-6.12323399573677E-17));
#11641=DIRECTION('',(-0.863380127642014,-0.504554016129948,3.08950230425241E-17));
#11642=DIRECTION('',(0.504554016129948,-0.863380127642014,5.28667854882113E-17));
#11643=DIRECTION('',(0.,-6.12323399573677E-17,-1.));
#11644=DIRECTION('',(0.,1.,-6.12323399573677E-17));
#11645=DIRECTION('',(0.,-6.12323399573677E-17,-1.));
#11646=DIRECTION('',(0.,1.,-6.12323399573677E-17));
#11647=DIRECTION('',(0.,6.12323399573677E-17,1.));
#11648=DIRECTION('',(0.,1.,-6.12323399573677E-17));
#11649=DIRECTION('',(0.863380127642012,-0.504554016129951,3.08950230425243E-17));
#11650=DIRECTION('',(0.504554016129951,0.863380127642012,-5.28667854882112E-17));
#11651=DIRECTION('',(0.,-6.12323399573677E-17,-1.));
#11652=DIRECTION('',(0.,1.,-6.12323399573677E-17));
#11653=DIRECTION('',(0.,-6.12323399573677E-17,-1.));
#11654=DIRECTION('',(0.,1.,-6.12323399573677E-17));
#11655=DIRECTION('',(0.644739818310497,-0.764402097514749,4.6806129099148E-17));
#11656=DIRECTION('',(-0.764402097514749,-0.644739818310497,-1.72234960255011E-15));
#11657=DIRECTION('',(0.,-6.12323399573677E-17,-1.));
#11658=DIRECTION('',(0.,1.,-6.12323399573677E-17));
#11659=DIRECTION('',(0.,-6.12323399573677E-17,-1.));
#11660=DIRECTION('',(0.,1.,-6.12323399573677E-17));
#11661=DIRECTION('',(0.764402097514768,-0.644739818310474,-6.59065239048508E-15));
#11662=DIRECTION('',(0.644739818310474,0.764402097514768,-4.68061290991492E-17));
#11663=DIRECTION('',(0.,-6.12323399573677E-17,-1.));
#11664=DIRECTION('',(0.,1.,-6.12323399573677E-17));
#11665=DIRECTION('',(0.,-6.12323399573677E-17,-1.));
#11666=DIRECTION('',(0.,1.,-6.12323399573677E-17));
#11667=DIRECTION('',(0.504554016129941,-0.863380127642018,5.28667854882115E-17));
#11668=DIRECTION('',(-0.863380127642018,-0.504554016129941,-1.73093350724642E-15));
#11669=DIRECTION('',(0.,-6.12323399573677E-17,-1.));
#11670=DIRECTION('',(0.,1.,-6.12323399573677E-17));
#11671=DIRECTION('',(0.,6.12323399573677E-17,1.));
#11672=DIRECTION('',(-6.42490176287706E-16,1.,-6.12323399573677E-17));
#11673=DIRECTION('',(-0.504554016129941,-0.863380127642018,5.28667854882115E-17));
#11674=DIRECTION('',(0.863380127642018,-0.504554016129941,3.08950230425237E-17));
#11675=DIRECTION('',(0.,-6.12323399573677E-17,-1.));
#11676=DIRECTION('',(0.,1.,-6.12323399573677E-17));
#11677=DIRECTION('',(0.,-6.12323399573677E-17,-1.));
#11678=DIRECTION('',(0.,1.,-6.12323399573677E-17));
#11679=DIRECTION('',(-0.764402097514768,-0.644739818310474,3.94789277388384E-17));
#11680=DIRECTION('',(-0.644739818310474,0.764402097514768,-1.80863465938808E-15));
#11681=DIRECTION('',(0.,-6.12323399573677E-17,-1.));
#11682=DIRECTION('',(0.,1.,-6.12323399573677E-17));
#11683=DIRECTION('',(0.,-6.12323399573677E-17,-1.));
#11684=DIRECTION('',(0.,1.,-6.12323399573677E-17));
#11685=DIRECTION('',(-0.644739818310488,-0.764402097514756,5.63903262270029E-15));
#11686=DIRECTION('',(0.764402097514752,-0.644739818310493,3.94789277388395E-17));
#11687=DIRECTION('',(0.,-6.12323399573677E-17,-1.));
#11688=DIRECTION('',(0.,1.,-6.12323399573677E-17));
#11689=DIRECTION('',(0.,-6.12323399573677E-17,-1.));
#11690=DIRECTION('',(0.,1.,-6.12323399573677E-17));
#11691=DIRECTION('',(-0.863380127642016,-0.504554016129944,3.08950230425239E-17));
#11692=DIRECTION('',(-0.504554016129944,0.863380127642016,-1.81469531577716E-15));
#11693=DIRECTION('',(0.,-6.12323399573677E-17,-1.));
#11694=DIRECTION('',(0.,1.,-6.12323399573677E-17));
#11695=DIRECTION('',(0.,6.12323399573677E-17,1.));
#11696=DIRECTION('',(1.92747052886312E-15,1.,-6.12323399573677E-17));
#11697=DIRECTION('',(0.863380127642012,-0.504554016129951,3.08950230425243E-17));
#11698=DIRECTION('',(-0.504554016129951,-0.863380127642012,5.28667854882112E-17));
#11699=DIRECTION('',(0.,-6.12323399573677E-17,-1.));
#11700=DIRECTION('',(0.,1.,-6.12323399573677E-17));
#11701=DIRECTION('',(0.644739818310493,-0.764402097514753,4.68061290991483E-17));
#11702=DIRECTION('',(0.764402097514752,0.644739818310493,-3.94789277388395E-17));
#11703=DIRECTION('',(0.,-6.12323399573677E-17,-1.));
#11704=DIRECTION('',(0.,1.,-6.12323399573677E-17));
#11705=DIRECTION('',(0.,-6.12323399573677E-17,-1.));
#11706=DIRECTION('',(0.,1.,-6.12323399573677E-17));
#11707=DIRECTION('',(0.764402097514766,-0.644739818310476,9.98467590507468E-15));
#11708=DIRECTION('',(-0.644739818310474,-0.764402097514768,-9.01870771825663E-16));
#11709=DIRECTION('',(0.,-6.12323399573677E-17,-1.));
#11710=DIRECTION('',(0.,1.,-6.12323399573677E-17));
#11711=DIRECTION('',(0.,-6.12323399573677E-17,-1.));
#11712=DIRECTION('',(0.,1.,-6.12323399573677E-17));
#11713=DIRECTION('',(0.,-6.12323399573677E-17,-1.));
#11714=DIRECTION('',(0.,1.,-6.12323399573677E-17));
#11715=DIRECTION('',(0.,-6.12323399573677E-17,-1.));
#11716=DIRECTION('',(0.,1.,-6.12323399573677E-17));
#11717=DIRECTION('',(-0.504554016129944,-0.863380127642016,2.2410210271857E-15));
#11718=DIRECTION('',(-0.863380127642017,0.504554016129942,-3.08950230425238E-17));
#11719=DIRECTION('',(0.504554016129941,-0.863380127642018,5.28667854882115E-17));
#11720=DIRECTION('',(0.863380127642017,0.504554016129942,-3.08950230425238E-17));
#11721=DIRECTION('',(0.,6.12323399573677E-17,1.));
#11722=DIRECTION('',(0.,1.,-6.12323399573677E-17));
#11723=DIRECTION('',(0.,-6.12323399573677E-17,-1.));
#11724=DIRECTION('',(0.,1.,-6.12323399573677E-17));
#11725=DIRECTION('',(-0.76440209751477,-0.644739818310471,3.94789277388382E-17));
#11726=DIRECTION('',(0.644739818310472,-0.76440209751477,4.68061290991493E-17));
#11727=DIRECTION('',(0.,-6.12323399573677E-17,-1.));
#11728=DIRECTION('',(0.,1.,-6.12323399573677E-17));
#11729=DIRECTION('',(0.,-6.12323399573677E-17,-1.));
#11730=DIRECTION('',(0.,1.,-6.12323399573677E-17));
#11731=DIRECTION('',(-0.644739818310488,-0.764402097514756,-8.34153361130256E-15));
#11732=DIRECTION('',(-0.764402097514752,0.644739818310493,-3.94789277388395E-17));
#11733=DIRECTION('',(0.,-6.12323399573677E-17,-1.));
#11734=DIRECTION('',(0.,1.,-6.12323399573677E-17));
#11735=DIRECTION('',(0.,-6.12323399573677E-17,-1.));
#11736=DIRECTION('',(0.,1.,-6.12323399573677E-17));
#11737=DIRECTION('',(-0.863380127642012,-0.504554016129951,3.08950230425243E-17));
#11738=DIRECTION('',(0.504554016129951,-0.863380127642012,5.28667854882112E-17));
#11739=DIRECTION('',(0.,-6.12323399573677E-17,-1.));
#11740=DIRECTION('',(0.,1.,-6.12323399573677E-17));
#11741=DIRECTION('',(0.,-6.12323399573677E-17,-1.));
#11742=DIRECTION('',(0.,1.,-6.12323399573677E-17));
#11743=DIRECTION('',(0.,6.12323399573677E-17,1.));
#11744=DIRECTION('',(0.,1.,-6.12323399573677E-17));
#11745=DIRECTION('',(0.863380127642016,-0.504554016129944,3.08950230425239E-17));
#11746=DIRECTION('',(0.504554016129944,0.863380127642016,-5.28667854882114E-17));
#11747=DIRECTION('',(0.,-6.12323399573677E-17,-1.));
#11748=DIRECTION('',(0.,1.,-6.12323399573677E-17));
#11749=DIRECTION('',(0.,-6.12323399573677E-17,-1.));
#11750=DIRECTION('',(0.,1.,-6.12323399573677E-17));
#11751=DIRECTION('',(0.644739818310493,-0.764402097514753,4.68061290991483E-17));
#11752=DIRECTION('',(-0.764402097514752,-0.644739818310493,-1.7223496025501E-15));
#11753=DIRECTION('',(0.,-6.12323399573677E-17,-1.));
#11754=DIRECTION('',(0.,1.,-6.12323399573677E-17));
#11755=DIRECTION('',(0.,-6.12323399573677E-17,-1.));
#11756=DIRECTION('',(0.,1.,-6.12323399573677E-17));
#11757=DIRECTION('',(0.764402097514768,-0.644739818310474,-6.59065239048508E-15));
#11758=DIRECTION('',(0.644739818310474,0.764402097514768,-4.68061290991492E-17));
#11759=DIRECTION('',(0.,-6.12323399573677E-17,-1.));
#11760=DIRECTION('',(0.,1.,-6.12323399573677E-17));
#11761=DIRECTION('',(0.,-6.12323399573677E-17,-1.));
#11762=DIRECTION('',(0.,1.,-6.12323399573677E-17));
#11763=DIRECTION('',(0.504554016129941,-0.863380127642018,5.28667854882115E-17));
#11764=DIRECTION('',(-0.863380127642018,-0.504554016129941,-1.73093350724642E-15));
#11765=DIRECTION('',(0.,-6.12323399573677E-17,-1.));
#11766=DIRECTION('',(0.,1.,-6.12323399573677E-17));
#11767=DIRECTION('',(0.,6.12323399573677E-17,1.));
#11768=DIRECTION('',(1.92747052886312E-15,1.,-6.12323399573677E-17));
#11769=DIRECTION('',(-0.504554016129944,-0.863380127642016,-4.32344169790678E-15));
#11770=DIRECTION('',(0.863380127642016,-0.504554016129944,3.08950230425239E-17));
#11771=DIRECTION('',(0.,-6.12323399573677E-17,-1.));
#11772=DIRECTION('',(0.,1.,-6.12323399573677E-17));
#11773=DIRECTION('',(0.,-6.12323399573677E-17,-1.));
#11774=DIRECTION('',(0.,1.,-6.12323399573677E-17));
#11775=DIRECTION('',(-0.764402097514768,-0.644739818310474,3.94789277388384E-17));
#11776=DIRECTION('',(-0.644739818310474,0.764402097514768,-1.80863465938808E-15));
#11777=DIRECTION('',(0.,-6.12323399573677E-17,-1.));
#11778=DIRECTION('',(0.,1.,-6.12323399573677E-17));
#11779=DIRECTION('',(0.,-6.12323399573677E-17,-1.));
#11780=DIRECTION('',(0.,1.,-6.12323399573677E-17));
#11781=DIRECTION('',(-0.644739818310478,-0.764402097514765,4.6806129099149E-17));
#11782=DIRECTION('',(0.764402097514765,-0.644739818310478,3.94789277388386E-17));
#11783=DIRECTION('',(0.,-6.12323399573677E-17,-1.));
#11784=DIRECTION('',(0.,1.,-6.12323399573677E-17));
#11785=DIRECTION('',(0.,-6.12323399573677E-17,-1.));
#11786=DIRECTION('',(0.,1.,-6.12323399573677E-17));
#11787=DIRECTION('',(-0.863380127642012,-0.504554016129951,3.08950230425243E-17));
#11788=DIRECTION('',(-0.504554016129951,0.863380127642012,-1.81469531577716E-15));
#11789=DIRECTION('',(0.,-6.12323399573677E-17,-1.));
#11790=DIRECTION('',(0.,1.,-6.12323399573677E-17));
#11791=DIRECTION('',(0.,6.12323399573677E-17,1.));
#11792=DIRECTION('',(0.,1.,-6.12323399573677E-17));
#11793=DIRECTION('',(0.863380127642012,-0.504554016129951,3.08950230425243E-17));
#11794=DIRECTION('',(-0.504554016129951,-0.863380127642012,5.28667854882112E-17));
#11795=DIRECTION('',(0.,-6.12323399573677E-17,-1.));
#11796=DIRECTION('',(0.,1.,-6.12323399573677E-17));
#11797=DIRECTION('',(0.644739818310478,-0.764402097514764,4.68061290991489E-17));
#11798=DIRECTION('',(0.764402097514765,0.644739818310478,-3.94789277388386E-17));
#11799=DIRECTION('',(0.,-6.12323399573677E-17,-1.));
#11800=DIRECTION('',(0.,1.,-6.12323399573677E-17));
#11801=DIRECTION('',(0.,-6.12323399573677E-17,-1.));
#11802=DIRECTION('',(0.,1.,-6.12323399573677E-17));
#11803=DIRECTION('',(0.764402097514766,-0.644739818310476,-1.19977708212738E-15));
#11804=DIRECTION('',(-0.644739818310474,-0.764402097514768,9.95483030023961E-16));
#11805=DIRECTION('',(0.,-6.12323399573677E-17,-1.));
#11806=DIRECTION('',(0.,1.,-6.12323399573677E-17));
#11807=DIRECTION('',(0.,-6.12323399573677E-17,-1.));
#11808=DIRECTION('',(0.,1.,-6.12323399573677E-17));
#11809=DIRECTION('',(0.,-6.12323399573677E-17,-1.));
#11810=DIRECTION('',(0.,1.,-6.12323399573677E-17));
#11811=DIRECTION('',(0.,-6.12323399573677E-17,-1.));
#11812=DIRECTION('',(0.,1.,-6.12323399573677E-17));
#11813=DIRECTION('',(-0.504554016129942,-0.863380127642017,2.2410210271857E-15));
#11814=DIRECTION('',(-0.863380127642017,0.504554016129942,-3.08950230425238E-17));
#11815=DIRECTION('',(0.504554016129941,-0.863380127642018,5.28667854882115E-17));
#11816=DIRECTION('',(0.863380127642017,0.504554016129942,-3.08950230425238E-17));
#11817=DIRECTION('',(0.,6.12323399573677E-17,1.));
#11818=DIRECTION('',(-6.42490176287706E-16,1.,-6.12323399573677E-17));
#11819=DIRECTION('',(0.,-6.12323399573677E-17,-1.));
#11820=DIRECTION('',(0.,1.,-6.12323399573677E-17));
#11821=DIRECTION('',(-0.764402097514763,-0.64473981831048,3.94789277388387E-17));
#11822=DIRECTION('',(0.644739818310477,-0.764402097514766,4.68061290991491E-17));
#11823=DIRECTION('',(0.,-6.12323399573677E-17,-1.));
#11824=DIRECTION('',(0.,1.,-6.12323399573677E-17));
#11825=DIRECTION('',(0.,-6.12323399573677E-17,-1.));
#11826=DIRECTION('',(0.,1.,-6.12323399573677E-17));
#11827=DIRECTION('',(-0.644739818310478,-0.764402097514765,4.6806129099149E-17));
#11828=DIRECTION('',(-0.764402097514765,0.644739818310478,-3.94789277388386E-17));
#11829=DIRECTION('',(0.,-6.12323399573677E-17,-1.));
#11830=DIRECTION('',(0.,1.,-6.12323399573677E-17));
#11831=DIRECTION('',(0.,-6.12323399573677E-17,-1.));
#11832=DIRECTION('',(0.,1.,-6.12323399573677E-17));
#11833=DIRECTION('',(-0.863380127642012,-0.504554016129951,3.08950230425243E-17));
#11834=DIRECTION('',(0.504554016129951,-0.863380127642012,5.28667854882112E-17));
#11835=DIRECTION('',(0.,-6.12323399573677E-17,-1.));
#11836=DIRECTION('',(0.,1.,-6.12323399573677E-17));
#11837=DIRECTION('',(0.,-6.12323399573677E-17,-1.));
#11838=DIRECTION('',(0.,1.,-6.12323399573677E-17));
#11839=DIRECTION('',(0.,6.12323399573677E-17,1.));
#11840=DIRECTION('',(0.,1.,-6.12323399573677E-17));
#11841=DIRECTION('',(0.863380127642016,-0.504554016129944,3.08950230425239E-17));
#11842=DIRECTION('',(0.504554016129944,0.863380127642016,-5.28667854882114E-17));
#11843=DIRECTION('',(0.,-6.12323399573677E-17,-1.));
#11844=DIRECTION('',(0.,1.,-6.12323399573677E-17));
#11845=DIRECTION('',(0.,-6.12323399573677E-17,-1.));
#11846=DIRECTION('',(0.,1.,-6.12323399573677E-17));
#11847=DIRECTION('',(0.644739818310478,-0.764402097514764,4.68061290991489E-17));
#11848=DIRECTION('',(-0.764402097514765,-0.644739818310478,-1.72234960255011E-15));
#11849=DIRECTION('',(0.,-6.12323399573677E-17,-1.));
#11850=DIRECTION('',(0.,1.,-6.12323399573677E-17));
#11851=DIRECTION('',(0.,-6.12323399573677E-17,-1.));
#11852=DIRECTION('',(0.,1.,-6.12323399573677E-17));
#11853=DIRECTION('',(0.764402097514768,-0.644739818310474,4.59380059671695E-15));
#11854=DIRECTION('',(0.644739818310474,0.764402097514768,-4.68061290991492E-17));
#11855=DIRECTION('',(0.,-6.12323399573677E-17,-1.));
#11856=DIRECTION('',(0.,1.,-6.12323399573677E-17));
#11857=DIRECTION('',(0.,-6.12323399573677E-17,-1.));
#11858=DIRECTION('',(0.,1.,-6.12323399573677E-17));
#11859=DIRECTION('',(0.504554016129941,-0.863380127642018,5.28667854882115E-17));
#11860=DIRECTION('',(-0.863380127642018,-0.504554016129941,-1.73093350724642E-15));
#11861=DIRECTION('',(0.,-6.12323399573677E-17,-1.));
#11862=DIRECTION('',(0.,1.,-6.12323399573677E-17));
#11863=DIRECTION('',(0.,6.12323399573677E-17,1.));
#11864=DIRECTION('',(1.92747052886312E-15,1.,-6.12323399573677E-17));
#11865=DIRECTION('',(-0.504554016129944,-0.863380127642016,-4.32344169790678E-15));
#11866=DIRECTION('',(0.863380127642016,-0.504554016129944,3.08950230425239E-17));
#11867=DIRECTION('',(0.,-6.12323399573677E-17,-1.));
#11868=DIRECTION('',(0.,1.,-6.12323399573677E-17));
#11869=DIRECTION('',(0.,-6.12323399573677E-17,-1.));
#11870=DIRECTION('',(0.,1.,-6.12323399573677E-17));
#11871=DIRECTION('',(-0.764402097514768,-0.644739818310474,3.94789277388384E-17));
#11872=DIRECTION('',(-0.644739818310474,0.764402097514768,-1.80863465938808E-15));
#11873=DIRECTION('',(0.,-6.12323399573677E-17,-1.));
#11874=DIRECTION('',(0.,1.,-6.12323399573677E-17));
#11875=DIRECTION('',(0.,-6.12323399573677E-17,-1.));
#11876=DIRECTION('',(0.,1.,-6.12323399573677E-17));
#11877=DIRECTION('',(-0.644739818310478,-0.764402097514765,4.6806129099149E-17));
#11878=DIRECTION('',(0.764402097514765,-0.644739818310478,3.94789277388386E-17));
#11879=DIRECTION('',(0.,-6.12323399573677E-17,-1.));
#11880=DIRECTION('',(0.,1.,-6.12323399573677E-17));
#11881=DIRECTION('',(0.,-6.12323399573677E-17,-1.));
#11882=DIRECTION('',(0.,1.,-6.12323399573677E-17));
#11883=DIRECTION('',(-0.863380127642012,-0.504554016129951,3.08950230425243E-17));
#11884=DIRECTION('',(-0.504554016129951,0.863380127642012,-1.81469531577716E-15));
#11885=DIRECTION('',(0.,-6.12323399573677E-17,-1.));
#11886=DIRECTION('',(0.,1.,-6.12323399573677E-17));
#11887=DIRECTION('',(0.,6.12323399573677E-17,1.));
#11888=DIRECTION('',(0.,1.,-6.12323399573677E-17));
#11889=DIRECTION('',(0.863380127642012,-0.504554016129951,3.08950230425243E-17));
#11890=DIRECTION('',(-0.504554016129951,-0.863380127642012,5.28667854882112E-17));
#11891=DIRECTION('',(0.,-6.12323399573677E-17,-1.));
#11892=DIRECTION('',(0.,1.,-6.12323399573677E-17));
#11893=DIRECTION('',(0.644739818310478,-0.764402097514764,4.68061290991489E-17));
#11894=DIRECTION('',(0.764402097514765,0.644739818310478,-3.94789277388386E-17));
#11895=DIRECTION('',(0.,-6.12323399573677E-17,-1.));
#11896=DIRECTION('',(0.,1.,-6.12323399573677E-17));
#11897=DIRECTION('',(0.,-6.12323399573677E-17,-1.));
#11898=DIRECTION('',(0.,1.,-6.12323399573677E-17));
#11899=DIRECTION('',(0.764402097514766,-0.644739818310476,-1.19977708212738E-15));
#11900=DIRECTION('',(-0.644739818310474,-0.764402097514768,9.95483030023961E-16));
#11901=DIRECTION('',(0.,-6.12323399573677E-17,-1.));
#11902=DIRECTION('',(0.,1.,-6.12323399573677E-17));
#11903=DIRECTION('',(0.,-6.12323399573677E-17,-1.));
#11904=DIRECTION('',(0.,1.,-6.12323399573677E-17));
#11905=DIRECTION('',(0.,-6.12323399573677E-17,-1.));
#11906=DIRECTION('',(0.,1.,-6.12323399573677E-17));
#11907=DIRECTION('',(0.,-6.12323399573677E-17,-1.));
#11908=DIRECTION('',(0.,1.,-6.12323399573677E-17));
#11909=DIRECTION('',(-0.504554016129942,-0.863380127642017,2.2410210271857E-15));
#11910=DIRECTION('',(-0.863380127642017,0.504554016129942,-3.08950230425238E-17));
#11911=DIRECTION('',(0.504554016129951,-0.863380127642012,5.28667854882112E-17));
#11912=DIRECTION('',(0.863380127642012,0.504554016129951,-3.08950230425243E-17));
#11913=DIRECTION('',(0.,6.12323399573677E-17,1.));
#11914=DIRECTION('',(-6.42490176287706E-16,1.,-6.12323399573677E-17));
#11915=DIRECTION('',(0.,-6.12323399573677E-17,-1.));
#11916=DIRECTION('',(0.,1.,-6.12323399573677E-17));
#11917=DIRECTION('',(-0.764402097514763,-0.64473981831048,3.94789277388387E-17));
#11918=DIRECTION('',(0.644739818310477,-0.764402097514766,4.68061290991491E-17));
#11919=DIRECTION('',(0.,-6.12323399573677E-17,-1.));
#11920=DIRECTION('',(0.,1.,-6.12323399573677E-17));
#11921=DIRECTION('',(0.,-6.12323399573677E-17,-1.));
#11922=DIRECTION('',(0.,1.,-6.12323399573677E-17));
#11923=DIRECTION('',(-0.644739818310478,-0.764402097514765,4.6806129099149E-17));
#11924=DIRECTION('',(-0.764402097514765,0.644739818310478,-3.94789277388386E-17));
#11925=DIRECTION('',(0.,-6.12323399573677E-17,-1.));
#11926=DIRECTION('',(0.,1.,-6.12323399573677E-17));
#11927=DIRECTION('',(0.,-6.12323399573677E-17,-1.));
#11928=DIRECTION('',(0.,1.,-6.12323399573677E-17));
#11929=DIRECTION('',(-0.863380127642012,-0.504554016129951,3.08950230425243E-17));
#11930=DIRECTION('',(0.504554016129951,-0.863380127642012,5.28667854882112E-17));
#11931=DIRECTION('',(0.,-6.12323399573677E-17,-1.));
#11932=DIRECTION('',(0.,1.,-6.12323399573677E-17));
#11933=DIRECTION('',(0.,-6.12323399573677E-17,-1.));
#11934=DIRECTION('',(0.,1.,-6.12323399573677E-17));
#11935=DIRECTION('',(0.,6.12323399573677E-17,1.));
#11936=DIRECTION('',(0.,1.,-6.12323399573677E-17));
#11937=DIRECTION('',(0.863380127642016,-0.504554016129944,3.08950230425239E-17));
#11938=DIRECTION('',(0.504554016129944,0.863380127642016,-5.28667854882114E-17));
#11939=DIRECTION('',(0.,-6.12323399573677E-17,-1.));
#11940=DIRECTION('',(0.,1.,-6.12323399573677E-17));
#11941=DIRECTION('',(0.,-6.12323399573677E-17,-1.));
#11942=DIRECTION('',(0.,1.,-6.12323399573677E-17));
#11943=DIRECTION('',(0.644739818310478,-0.764402097514764,4.68061290991489E-17));
#11944=DIRECTION('',(-0.764402097514765,-0.644739818310478,-1.72234960255011E-15));
#11945=DIRECTION('',(0.,-6.12323399573677E-17,-1.));
#11946=DIRECTION('',(0.,1.,-6.12323399573677E-17));
#11947=DIRECTION('',(0.,-6.12323399573677E-17,-1.));
#11948=DIRECTION('',(0.,1.,-6.12323399573677E-17));
#11949=DIRECTION('',(0.764402097514768,-0.644739818310474,4.59380059671695E-15));
#11950=DIRECTION('',(0.644739818310474,0.764402097514768,-4.68061290991492E-17));
#11951=DIRECTION('',(0.,-6.12323399573677E-17,-1.));
#11952=DIRECTION('',(0.,1.,-6.12323399573677E-17));
#11953=DIRECTION('',(0.,-6.12323399573677E-17,-1.));
#11954=DIRECTION('',(0.,1.,-6.12323399573677E-17));
#11955=DIRECTION('',(0.504554016129941,-0.863380127642018,5.28667854882115E-17));
#11956=DIRECTION('',(-0.863380127642018,-0.504554016129941,-1.73093350724642E-15));
#11957=DIRECTION('',(0.,-6.12323399573677E-17,-1.));
#11958=DIRECTION('',(0.,1.,-6.12323399573677E-17));
#11959=DIRECTION('',(0.,6.12323399573677E-17,1.));
#11960=DIRECTION('',(-6.42490176287706E-16,1.,-6.12323399573677E-17));
#11961=DIRECTION('',(-0.504554016129944,-0.863380127642016,-4.32344169790678E-15));
#11962=DIRECTION('',(0.863380127642016,-0.504554016129944,3.08950230425239E-17));
#11963=DIRECTION('',(0.,-6.12323399573677E-17,-1.));
#11964=DIRECTION('',(0.,1.,-6.12323399573677E-17));
#11965=DIRECTION('',(0.,-6.12323399573677E-17,-1.));
#11966=DIRECTION('',(0.,1.,-6.12323399573677E-17));
#11967=DIRECTION('',(-0.764402097514764,-0.644739818310478,3.94789277388386E-17));
#11968=DIRECTION('',(-0.644739818310478,0.764402097514765,-1.8086346593881E-15));
#11969=DIRECTION('',(0.,-6.12323399573677E-17,-1.));
#11970=DIRECTION('',(0.,1.,-6.12323399573677E-17));
#11971=DIRECTION('',(0.,-6.12323399573677E-17,-1.));
#11972=DIRECTION('',(0.,1.,-6.12323399573677E-17));
#11973=DIRECTION('',(-0.644739818310478,-0.764402097514765,4.6806129099149E-17));
#11974=DIRECTION('',(0.764402097514765,-0.644739818310478,3.94789277388386E-17));
#11975=DIRECTION('',(0.,-6.12323399573677E-17,-1.));
#11976=DIRECTION('',(0.,1.,-6.12323399573677E-17));
#11977=DIRECTION('',(0.,-6.12323399573677E-17,-1.));
#11978=DIRECTION('',(0.,1.,-6.12323399573677E-17));
#11979=DIRECTION('',(-0.863380127642015,-0.504554016129947,3.08950230425241E-17));
#11980=DIRECTION('',(-0.504554016129951,0.863380127642012,-1.81469531577716E-15));
#11981=DIRECTION('',(0.,-6.12323399573677E-17,-1.));
#11982=DIRECTION('',(0.,1.,-6.12323399573677E-17));
#11983=DIRECTION('',(0.,6.12323399573677E-17,1.));
#11984=DIRECTION('',(1.92747052886312E-15,1.,-6.12323399573677E-17));
#11985=DIRECTION('',(0.863380127642012,-0.504554016129951,3.08950230425243E-17));
#11986=DIRECTION('',(-0.504554016129951,-0.863380127642012,5.28667854882112E-17));
#11987=DIRECTION('',(0.,-6.12323399573677E-17,-1.));
#11988=DIRECTION('',(0.,1.,-6.12323399573677E-17));
#11989=DIRECTION('',(0.644739818310478,-0.764402097514764,4.68061290991489E-17));
#11990=DIRECTION('',(0.764402097514765,0.644739818310478,-3.94789277388386E-17));
#11991=DIRECTION('',(0.,-6.12323399573677E-17,-1.));
#11992=DIRECTION('',(0.,1.,-6.12323399573677E-17));
#11993=DIRECTION('',(0.,-6.12323399573677E-17,-1.));
#11994=DIRECTION('',(0.,1.,-6.12323399573677E-17));
#11995=DIRECTION('',(0.764402097514762,-0.644739818310481,3.35454458685078E-15));
#11996=DIRECTION('',(-0.644739818310481,-0.764402097514762,9.95483030023965E-16));
#11997=DIRECTION('',(0.,-6.12323399573677E-17,-1.));
#11998=DIRECTION('',(0.,1.,-6.12323399573677E-17));
#11999=DIRECTION('',(0.,-6.12323399573677E-17,-1.));
#12000=DIRECTION('',(0.,1.,-6.12323399573677E-17));
#12001=DIRECTION('',(0.,-6.12323399573677E-17,-1.));
#12002=DIRECTION('',(0.,1.,-6.12323399573677E-17));
#12003=DIRECTION('',(0.,-6.12323399573677E-17,-1.));
#12004=DIRECTION('',(0.,1.,-6.12323399573677E-17));
#12005=DIRECTION('',(-0.504554016129942,-0.863380127642017,5.28667854882115E-17));
#12006=DIRECTION('',(-0.863380127642017,0.504554016129942,-3.08950230425238E-17));
#12007=DIRECTION('',(0.504554016129949,-0.863380127642013,5.28667854882112E-17));
#12008=DIRECTION('',(0.863380127642012,0.504554016129951,-3.08950230425243E-17));
#12009=DIRECTION('',(0.,6.12323399573677E-17,1.));
#12010=DIRECTION('',(0.,1.,-6.12323399573677E-17));
#12011=DIRECTION('',(0.,-6.12323399573677E-17,-1.));
#12012=DIRECTION('',(0.,1.,-6.12323399573677E-17));
#12013=DIRECTION('',(-0.764402097514764,-0.644739818310478,3.94789277388386E-17));
#12014=DIRECTION('',(0.644739818310478,-0.764402097514765,4.6806129099149E-17));
#12015=DIRECTION('',(0.,-6.12323399573677E-17,-1.));
#12016=DIRECTION('',(0.,1.,-6.12323399573677E-17));
#12017=DIRECTION('',(0.,-6.12323399573677E-17,-1.));
#12018=DIRECTION('',(0.,1.,-6.12323399573677E-17));
#12019=DIRECTION('',(-0.644739818310478,-0.764402097514765,4.6806129099149E-17));
#12020=DIRECTION('',(-0.764402097514765,0.644739818310478,-3.94789277388386E-17));
#12021=DIRECTION('',(0.,-6.12323399573677E-17,-1.));
#12022=DIRECTION('',(0.,1.,-6.12323399573677E-17));
#12023=DIRECTION('',(0.,-6.12323399573677E-17,-1.));
#12024=DIRECTION('',(0.,1.,-6.12323399573677E-17));
#12025=DIRECTION('',(-0.863380127642015,-0.504554016129947,3.08950230425241E-17));
#12026=DIRECTION('',(0.504554016129948,-0.863380127642014,5.28667854882113E-17));
#12027=DIRECTION('',(0.,-6.12323399573677E-17,-1.));
#12028=DIRECTION('',(0.,1.,-6.12323399573677E-17));
#12029=DIRECTION('',(0.,-6.12323399573677E-17,-1.));
#12030=DIRECTION('',(0.,1.,-6.12323399573677E-17));
#12031=DIRECTION('',(0.,6.12323399573677E-17,1.));
#12032=DIRECTION('',(0.,1.,-6.12323399573677E-17));
#12033=DIRECTION('',(0.863380127642016,-0.504554016129944,-4.34541346035247E-15));
#12034=DIRECTION('',(0.504554016129944,0.863380127642016,-5.28667854882114E-17));
#12035=DIRECTION('',(0.,-6.12323399573677E-17,-1.));
#12036=DIRECTION('',(0.,1.,-6.12323399573677E-17));
#12037=DIRECTION('',(0.,-6.12323399573677E-17,-1.));
#12038=DIRECTION('',(0.,1.,-6.12323399573677E-17));
#12039=DIRECTION('',(0.644739818310478,-0.764402097514764,4.68061290991489E-17));
#12040=DIRECTION('',(-0.764402097514765,-0.644739818310478,-1.72234960255011E-15));
#12041=DIRECTION('',(0.,-6.12323399573677E-17,-1.));
#12042=DIRECTION('',(0.,1.,-6.12323399573677E-17));
#12043=DIRECTION('',(0.,-6.12323399573677E-17,-1.));
#12044=DIRECTION('',(0.,1.,-6.12323399573677E-17));
#12045=DIRECTION('',(0.764402097514765,-0.644739818310478,3.94789277388386E-17));
#12046=DIRECTION('',(0.644739818310478,0.764402097514765,-4.6806129099149E-17));
#12047=DIRECTION('',(0.,-6.12323399573677E-17,-1.));
#12048=DIRECTION('',(0.,1.,-6.12323399573677E-17));
#12049=DIRECTION('',(0.,-6.12323399573677E-17,-1.));
#12050=DIRECTION('',(0.,1.,-6.12323399573677E-17));
#12051=DIRECTION('',(0.504554016129941,-0.863380127642018,5.28667854882115E-17));
#12052=DIRECTION('',(-0.863380127642018,-0.504554016129941,-1.73093350724642E-15));
#12053=DIRECTION('',(0.,-6.12323399573677E-17,-1.));
#12054=DIRECTION('',(0.,1.,-6.12323399573677E-17));
#12055=DIRECTION('',(0.,6.12323399573677E-17,1.));
#12056=DIRECTION('',(-6.42490176287706E-16,1.,-6.12323399573677E-17));
#12057=DIRECTION('',(-0.504554016129948,-0.863380127642014,5.28667854882113E-17));
#12058=DIRECTION('',(0.863380127642014,-0.504554016129948,3.08950230425241E-17));
#12059=DIRECTION('',(0.,-6.12323399573677E-17,-1.));
#12060=DIRECTION('',(0.,1.,-6.12323399573677E-17));
#12061=DIRECTION('',(0.,-6.12323399573677E-17,-1.));
#12062=DIRECTION('',(0.,1.,-6.12323399573677E-17));
#12063=DIRECTION('',(-0.764402097514764,-0.644739818310478,3.94789277388386E-17));
#12064=DIRECTION('',(-0.644739818310478,0.764402097514765,-1.8086346593881E-15));
#12065=DIRECTION('',(0.,-6.12323399573677E-17,-1.));
#12066=DIRECTION('',(0.,1.,-6.12323399573677E-17));
#12067=DIRECTION('',(0.,-6.12323399573677E-17,-1.));
#12068=DIRECTION('',(0.,1.,-6.12323399573677E-17));
#12069=DIRECTION('',(-0.644739818310481,-0.764402097514762,4.68061290991488E-17));
#12070=DIRECTION('',(0.764402097514762,-0.644739818310481,3.94789277388388E-17));
#12071=DIRECTION('',(0.,-6.12323399573677E-17,-1.));
#12072=DIRECTION('',(0.,1.,-6.12323399573677E-17));
#12073=DIRECTION('',(0.,-6.12323399573677E-17,-1.));
#12074=DIRECTION('',(0.,1.,-6.12323399573677E-17));
#12075=DIRECTION('',(-0.863380127642018,-0.504554016129941,3.08950230425237E-17));
#12076=DIRECTION('',(-0.504554016129942,0.863380127642017,-1.81469531577716E-15));
#12077=DIRECTION('',(0.,-6.12323399573677E-17,-1.));
#12078=DIRECTION('',(0.,1.,-6.12323399573677E-17));
#12079=DIRECTION('',(0.,6.12323399573677E-17,1.));
#12080=DIRECTION('',(1.92747052886312E-15,1.,-6.12323399573677E-17));
#12081=DIRECTION('',(0.863380127642012,-0.504554016129951,3.08950230425243E-17));
#12082=DIRECTION('',(-0.504554016129951,-0.863380127642012,5.28667854882112E-17));
#12083=DIRECTION('',(0.,-6.12323399573677E-17,-1.));
#12084=DIRECTION('',(0.,1.,-6.12323399573677E-17));
#12085=DIRECTION('',(0.644739818310481,-0.764402097514762,4.68061290991488E-17));
#12086=DIRECTION('',(0.764402097514762,0.644739818310481,-3.94789277388388E-17));
#12087=DIRECTION('',(0.,-6.12323399573677E-17,-1.));
#12088=DIRECTION('',(0.,1.,-6.12323399573677E-17));
#12089=DIRECTION('',(0.,-6.12323399573677E-17,-1.));
#12090=DIRECTION('',(0.,1.,-6.12323399573677E-17));
#12091=DIRECTION('',(0.764402097514762,-0.644739818310481,3.94789277388388E-17));
#12092=DIRECTION('',(-0.644739818310481,-0.764402097514762,4.68061290991488E-17));
#12093=DIRECTION('',(0.,-6.12323399573677E-17,-1.));
#12094=DIRECTION('',(0.,1.,-6.12323399573677E-17));
#12095=DIRECTION('',(0.,-6.12323399573677E-17,-1.));
#12096=DIRECTION('',(0.,1.,-6.12323399573677E-17));
#12097=DIRECTION('',(0.,-6.12323399573677E-17,-1.));
#12098=DIRECTION('',(0.,1.,-6.12323399573677E-17));
#12099=DIRECTION('',(0.,-6.12323399573677E-17,-1.));
#12100=DIRECTION('',(0.,1.,-6.12323399573677E-17));
#12101=DIRECTION('',(0.,-6.12323399573677E-17,-1.));
#12102=DIRECTION('',(0.,1.,-6.12323399573677E-17));
#12103=DIRECTION('',(0.,-6.12323399573677E-17,-1.));
#12104=DIRECTION('',(0.,1.,-6.12323399573677E-17));
#12105=DIRECTION('',(0.,-6.12323399573677E-17,-1.));
#12106=DIRECTION('',(0.,1.,-6.12323399573677E-17));
#12107=DIRECTION('',(0.,-6.12323399573677E-17,-1.));
#12108=DIRECTION('',(0.,1.,-6.12323399573677E-17));
#12109=DIRECTION('',(0.,-6.12323399573677E-17,-1.));
#12110=DIRECTION('',(0.,1.,-6.12323399573677E-17));
#12111=DIRECTION('',(0.,-6.12323399573677E-17,-1.));
#12112=DIRECTION('',(0.,1.,-6.12323399573677E-17));
#12113=DIRECTION('',(0.,-6.12323399573677E-17,-1.));
#12114=DIRECTION('',(0.,1.,-6.12323399573677E-17));
#12115=DIRECTION('',(0.,-6.12323399573677E-17,-1.));
#12116=DIRECTION('',(0.,1.,-6.12323399573677E-17));
#12117=DIRECTION('',(0.,-6.12323399573677E-17,-1.));
#12118=DIRECTION('',(0.,1.,-6.12323399573677E-17));
#12119=DIRECTION('',(0.,-6.12323399573677E-17,-1.));
#12120=DIRECTION('',(0.,1.,-6.12323399573677E-17));
#12121=DIRECTION('',(0.,-6.12323399573677E-17,-1.));
#12122=DIRECTION('',(0.,1.,-6.12323399573677E-17));
#12123=DIRECTION('',(0.,-6.12323399573677E-17,-1.));
#12124=DIRECTION('',(0.,1.,-6.12323399573677E-17));
#12125=DIRECTION('',(0.,-6.12323399573677E-17,-1.));
#12126=DIRECTION('',(0.,1.,-6.12323399573677E-17));
#12127=DIRECTION('',(0.,-6.12323399573677E-17,-1.));
#12128=DIRECTION('',(0.,1.,-6.12323399573677E-17));
#12129=DIRECTION('',(0.,-6.12323399573677E-17,-1.));
#12130=DIRECTION('',(0.,1.,-6.12323399573677E-17));
#12131=DIRECTION('',(0.,-6.12323399573677E-17,-1.));
#12132=DIRECTION('',(0.,1.,-6.12323399573677E-17));
#12133=DIRECTION('',(0.,-6.12323399573677E-17,-1.));
#12134=DIRECTION('',(0.,1.,-6.12323399573677E-17));
#12135=DIRECTION('',(0.,-6.12323399573677E-17,-1.));
#12136=DIRECTION('',(0.,1.,-6.12323399573677E-17));
#12137=DIRECTION('',(0.,-6.12323399573677E-17,-1.));
#12138=DIRECTION('',(0.,1.,-6.12323399573677E-17));
#12139=DIRECTION('',(0.,-6.12323399573677E-17,-1.));
#12140=DIRECTION('',(0.,1.,-6.12323399573677E-17));
#12141=DIRECTION('',(0.,-6.12323399573677E-17,-1.));
#12142=DIRECTION('',(0.,1.,-6.12323399573677E-17));
#12143=DIRECTION('',(0.,-6.12323399573677E-17,-1.));
#12144=DIRECTION('',(0.,1.,-6.12323399573677E-17));
#12145=DIRECTION('',(0.,-6.12323399573677E-17,-1.));
#12146=DIRECTION('',(0.,1.,-6.12323399573677E-17));
#12147=DIRECTION('',(0.,-6.12323399573677E-17,-1.));
#12148=DIRECTION('',(0.,1.,-6.12323399573677E-17));
#12149=DIRECTION('',(0.,-6.12323399573677E-17,-1.));
#12150=DIRECTION('',(0.,1.,-6.12323399573677E-17));
#12151=DIRECTION('',(0.,-6.12323399573677E-17,-1.));
#12152=DIRECTION('',(0.,1.,-6.12323399573677E-17));
#12153=DIRECTION('',(0.,-6.12323399573677E-17,-1.));
#12154=DIRECTION('',(0.,1.,-6.12323399573677E-17));
#12155=DIRECTION('',(0.,-6.12323399573677E-17,-1.));
#12156=DIRECTION('',(0.,1.,-6.12323399573677E-17));
#12157=DIRECTION('',(0.,-1.,6.12323399573677E-17));
#12158=DIRECTION('',(-1.,0.,0.));
#12159=DIRECTION('',(0.,1.,-6.12323399573677E-17));
#12160=DIRECTION('',(1.,0.,0.));
#12161=DIRECTION('',(-1.,0.,0.));
#12162=DIRECTION('',(0.,-1.,6.12323399573677E-17));
#12163=DIRECTION('',(0.,-6.12323399573677E-17,-1.));
#12164=DIRECTION('',(0.,-6.12323399573677E-17,-1.));
#12165=DIRECTION('',(0.,1.,-6.12323399573677E-17));
#12166=DIRECTION('',(-1.,0.,0.));
#12167=DIRECTION('',(0.,-6.12323399573677E-17,-1.));
#12168=DIRECTION('',(1.,0.,0.));
#12169=DIRECTION('',(0.,1.,-6.12323399573677E-17));
#12170=DIRECTION('',(0.,-6.12323399573677E-17,-1.));
#12171=DIRECTION('',(0.,-1.,6.12323399573677E-17));
#12172=DIRECTION('',(1.,0.,0.));
#12173=DIRECTION('',(0.,-6.12323399573677E-17,-1.));
#12174=DIRECTION('',(0.,1.,-6.12323399573677E-17));
#12175=DIRECTION('',(0.,6.12323399573677E-17,1.));
#12176=DIRECTION('',(0.,1.,-6.12323399573677E-17));
#12177=DIRECTION('',(0.,-6.12323399573677E-17,-1.));
#12178=DIRECTION('',(0.,1.,-6.12323399573677E-17));
#12179=DIRECTION('',(0.,-6.12323399573677E-17,-1.));
#12180=DIRECTION('',(0.,1.,-6.12323399573677E-17));
#12181=DIRECTION('',(0.,-6.12323399573677E-17,-1.));
#12182=DIRECTION('',(0.,1.,-6.12323399573677E-17));
#12183=DIRECTION('',(0.,6.12323399573677E-17,1.));
#12184=DIRECTION('',(6.93889390390722E-16,1.,-6.12323399573677E-17));
#12185=DIRECTION('',(0.,-6.12323399573677E-17,-1.));
#12186=DIRECTION('',(0.,1.,-6.12323399573677E-17));
#12187=DIRECTION('',(0.,-6.12323399573677E-17,-1.));
#12188=DIRECTION('',(0.,1.,-6.12323399573677E-17));
#12189=DIRECTION('',(0.,-6.12323399573677E-17,-1.));
#12190=DIRECTION('',(0.,1.,-6.12323399573677E-17));
#12191=DIRECTION('',(0.,6.12323399573677E-17,1.));
#12192=DIRECTION('',(2.08166817117216E-15,1.,-6.12323399573677E-17));
#12193=DIRECTION('',(0.,-6.12323399573677E-17,-1.));
#12194=DIRECTION('',(0.,1.,-6.12323399573677E-17));
#12195=DIRECTION('',(0.,-6.12323399573677E-17,-1.));
#12196=DIRECTION('',(0.,1.,-6.12323399573677E-17));
#12197=DIRECTION('',(0.,-6.12323399573677E-17,-1.));
#12198=DIRECTION('',(0.,1.,-6.12323399573677E-17));
#12199=DIRECTION('',(0.,6.12323399573677E-17,1.));
#12200=DIRECTION('',(6.93889390390722E-16,1.,-6.12323399573677E-17));
#12201=DIRECTION('',(0.,-6.12323399573677E-17,-1.));
#12202=DIRECTION('',(0.,1.,-6.12323399573677E-17));
#12203=DIRECTION('',(0.,-6.12323399573677E-17,-1.));
#12204=DIRECTION('',(0.,1.,-6.12323399573677E-17));
#12205=DIRECTION('',(0.,-6.12323399573677E-17,-1.));
#12206=DIRECTION('',(0.,1.,-6.12323399573677E-17));
#12207=DIRECTION('',(0.,-6.12323399573677E-17,-1.));
#12208=DIRECTION('',(0.,1.,-6.12323399573677E-17));
#12209=DIRECTION('',(0.,6.12323399573677E-17,1.));
#12210=DIRECTION('',(-2.77555756156289E-15,1.,-6.12323399573677E-17));
#12211=DIRECTION('',(0.,-6.12323399573677E-17,-1.));
#12212=DIRECTION('',(0.,1.,-6.12323399573677E-17));
#12213=DIRECTION('',(0.,-6.12323399573677E-17,-1.));
#12214=DIRECTION('',(0.,1.,-6.12323399573677E-17));
#12215=DIRECTION('',(0.,-6.12323399573677E-17,-1.));
#12216=DIRECTION('',(0.,1.,-6.12323399573677E-17));
#12217=DIRECTION('',(0.,6.12323399573677E-17,1.));
#12218=DIRECTION('',(6.93889390390722E-16,1.,-6.12323399573677E-17));
#12219=DIRECTION('',(0.,-6.12323399573677E-17,-1.));
#12220=DIRECTION('',(0.,1.,-6.12323399573677E-17));
#12221=DIRECTION('',(0.,-6.12323399573677E-17,-1.));
#12222=DIRECTION('',(0.,1.,-6.12323399573677E-17));
#12223=DIRECTION('',(0.,-6.12323399573677E-17,-1.));
#12224=DIRECTION('',(0.,1.,-6.12323399573677E-17));
#12225=DIRECTION('',(0.,6.12323399573677E-17,1.));
#12226=DIRECTION('',(2.08166817117216E-15,1.,-6.12323399573677E-17));
#12227=DIRECTION('',(0.,-6.12323399573677E-17,-1.));
#12228=DIRECTION('',(0.,1.,-6.12323399573677E-17));
#12229=DIRECTION('',(0.,-6.12323399573677E-17,-1.));
#12230=DIRECTION('',(0.,1.,-6.12323399573677E-17));
#12231=DIRECTION('',(0.,-6.12323399573677E-17,-1.));
#12232=DIRECTION('',(0.,1.,-6.12323399573677E-17));
#12233=DIRECTION('',(0.,6.12323399573677E-17,1.));
#12234=DIRECTION('',(0.,1.,-6.12323399573677E-17));
#12235=DIRECTION('',(0.,-6.12323399573677E-17,-1.));
#12236=DIRECTION('',(0.,1.,-6.12323399573677E-17));
#12237=DIRECTION('',(0.,-6.12323399573677E-17,-1.));
#12238=DIRECTION('',(0.,1.,-6.12323399573677E-17));
#12239=DIRECTION('',(0.,-6.12323399573677E-17,-1.));
#12240=DIRECTION('',(0.,1.,-6.12323399573677E-17));
#12241=DIRECTION('',(0.,-6.12323399573677E-17,-1.));
#12242=DIRECTION('',(0.,1.,-6.12323399573677E-17));
#12243=DIRECTION('',(0.,6.12323399573677E-17,1.));
#12244=DIRECTION('',(0.,1.,-6.12323399573677E-17));
#12245=DIRECTION('',(0.,-6.12323399573677E-17,-1.));
#12246=DIRECTION('',(0.,1.,-6.12323399573677E-17));
#12247=DIRECTION('',(0.,-6.12323399573677E-17,-1.));
#12248=DIRECTION('',(0.,1.,-6.12323399573677E-17));
#12249=DIRECTION('',(0.,-6.12323399573677E-17,-1.));
#12250=DIRECTION('',(0.,1.,-6.12323399573677E-17));
#12251=DIRECTION('',(0.,6.12323399573677E-17,1.));
#12252=DIRECTION('',(6.93889390390722E-16,1.,-6.12323399573677E-17));
#12253=DIRECTION('',(0.,-6.12323399573677E-17,-1.));
#12254=DIRECTION('',(0.,1.,-6.12323399573677E-17));
#12255=DIRECTION('',(0.,-6.12323399573677E-17,-1.));
#12256=DIRECTION('',(0.,1.,-6.12323399573677E-17));
#12257=DIRECTION('',(0.,-6.12323399573677E-17,-1.));
#12258=DIRECTION('',(0.,1.,-6.12323399573677E-17));
#12259=DIRECTION('',(0.,6.12323399573677E-17,1.));
#12260=DIRECTION('',(2.08166817117216E-15,1.,-6.12323399573677E-17));
#12261=DIRECTION('',(0.,-6.12323399573677E-17,-1.));
#12262=DIRECTION('',(0.,1.,-6.12323399573677E-17));
#12263=DIRECTION('',(0.,-6.12323399573677E-17,-1.));
#12264=DIRECTION('',(0.,1.,-6.12323399573677E-17));
#12265=DIRECTION('',(0.,-6.12323399573677E-17,-1.));
#12266=DIRECTION('',(0.,1.,-6.12323399573677E-17));
#12267=DIRECTION('',(0.,6.12323399573677E-17,1.));
#12268=DIRECTION('',(6.93889390390722E-16,1.,-6.12323399573677E-17));
#12269=DIRECTION('',(0.,-6.12323399573677E-17,-1.));
#12270=DIRECTION('',(0.,1.,-6.12323399573677E-17));
#12271=DIRECTION('',(0.,-6.12323399573677E-17,-1.));
#12272=DIRECTION('',(0.,1.,-6.12323399573677E-17));
#12273=DIRECTION('',(0.,-6.12323399573677E-17,-1.));
#12274=DIRECTION('',(0.,1.,-6.12323399573677E-17));
#12275=DIRECTION('',(0.,-6.12323399573677E-17,-1.));
#12276=DIRECTION('',(0.,1.,-6.12323399573677E-17));
#12277=DIRECTION('',(0.,6.12323399573677E-17,1.));
#12278=DIRECTION('',(-2.77555756156289E-15,1.,-6.12323399573677E-17));
#12279=DIRECTION('',(0.,-6.12323399573677E-17,-1.));
#12280=DIRECTION('',(0.,1.,-6.12323399573677E-17));
#12281=DIRECTION('',(0.,-6.12323399573677E-17,-1.));
#12282=DIRECTION('',(0.,1.,-6.12323399573677E-17));
#12283=DIRECTION('',(0.,-6.12323399573677E-17,-1.));
#12284=DIRECTION('',(0.,1.,-6.12323399573677E-17));
#12285=DIRECTION('',(0.,6.12323399573677E-17,1.));
#12286=DIRECTION('',(6.93889390390722E-16,1.,-6.12323399573677E-17));
#12287=DIRECTION('',(0.,-6.12323399573677E-17,-1.));
#12288=DIRECTION('',(0.,1.,-6.12323399573677E-17));
#12289=DIRECTION('',(0.,-6.12323399573677E-17,-1.));
#12290=DIRECTION('',(0.,1.,-6.12323399573677E-17));
#12291=DIRECTION('',(0.,-6.12323399573677E-17,-1.));
#12292=DIRECTION('',(0.,1.,-6.12323399573677E-17));
#12293=DIRECTION('',(0.,6.12323399573677E-17,1.));
#12294=DIRECTION('',(0.,1.,-6.12323399573677E-17));
#12295=DIRECTION('',(0.,-6.12323399573677E-17,-1.));
#12296=DIRECTION('',(0.,1.,-6.12323399573677E-17));
#12297=DIRECTION('',(0.,-6.12323399573677E-17,-1.));
#12298=DIRECTION('',(0.,1.,-6.12323399573677E-17));
#12299=DIRECTION('',(0.,-6.12323399573677E-17,-1.));
#12300=DIRECTION('',(0.,1.,-6.12323399573677E-17));
#12301=DIRECTION('',(0.,6.12323399573677E-17,1.));
#12302=DIRECTION('',(0.,1.,-6.12323399573677E-17));
#12303=DIRECTION('',(0.,-6.12323399573677E-17,-1.));
#12304=DIRECTION('',(0.,1.,-6.12323399573677E-17));
#12305=DIRECTION('',(0.,-6.12323399573677E-17,-1.));
#12306=DIRECTION('',(0.,1.,-6.12323399573677E-17));
#12307=DIRECTION('',(0.,-6.12323399573677E-17,-1.));
#12308=DIRECTION('',(0.,1.,-6.12323399573677E-17));
#12309=DIRECTION('',(0.,-6.12323399573677E-17,-1.));
#12310=DIRECTION('',(0.,1.,-6.12323399573677E-17));
#12311=DIRECTION('',(0.,6.12323399573677E-17,1.));
#12312=DIRECTION('',(-2.7755575615629E-15,1.,-6.12323399573677E-17));
#12313=DIRECTION('',(0.,-6.12323399573677E-17,-1.));
#12314=DIRECTION('',(0.,1.,-6.12323399573677E-17));
#12315=DIRECTION('',(0.,-6.12323399573677E-17,-1.));
#12316=DIRECTION('',(0.,1.,-6.12323399573677E-17));
#12317=DIRECTION('',(0.,-6.12323399573677E-17,-1.));
#12318=DIRECTION('',(0.,1.,-6.12323399573677E-17));
#12319=DIRECTION('',(0.,6.12323399573677E-17,1.));
#12320=DIRECTION('',(6.93889390390722E-16,1.,-6.12323399573677E-17));
#12321=DIRECTION('',(0.,-6.12323399573677E-17,-1.));
#12322=DIRECTION('',(0.,1.,-6.12323399573677E-17));
#12323=DIRECTION('',(0.,-6.12323399573677E-17,-1.));
#12324=DIRECTION('',(0.,1.,-6.12323399573677E-17));
#12325=DIRECTION('',(0.,-6.12323399573677E-17,-1.));
#12326=DIRECTION('',(0.,1.,-6.12323399573677E-17));
#12327=DIRECTION('',(0.,6.12323399573677E-17,1.));
#12328=DIRECTION('',(0.,1.,-6.12323399573677E-17));
#12329=DIRECTION('',(0.,-6.12323399573677E-17,-1.));
#12330=DIRECTION('',(0.,1.,-6.12323399573677E-17));
#12331=DIRECTION('',(0.,-6.12323399573677E-17,-1.));
#12332=DIRECTION('',(0.,1.,-6.12323399573677E-17));
#12333=DIRECTION('',(0.,-6.12323399573677E-17,-1.));
#12334=DIRECTION('',(0.,1.,-6.12323399573677E-17));
#12335=DIRECTION('',(0.,6.12323399573677E-17,1.));
#12336=DIRECTION('',(0.,1.,-6.12323399573677E-17));
#12337=DIRECTION('',(0.,-6.12323399573677E-17,-1.));
#12338=DIRECTION('',(0.,1.,-6.12323399573677E-17));
#12339=DIRECTION('',(0.,-6.12323399573677E-17,-1.));
#12340=DIRECTION('',(0.,1.,-6.12323399573677E-17));
#12341=DIRECTION('',(0.,-6.12323399573677E-17,-1.));
#12342=DIRECTION('',(0.,1.,-6.12323399573677E-17));
#12343=DIRECTION('',(0.,-6.12323399573677E-17,-1.));
#12344=DIRECTION('',(0.,1.,-6.12323399573677E-17));
#12345=DIRECTION('',(0.,-6.12323399573677E-17,-1.));
#12346=DIRECTION('',(0.,1.,-6.12323399573677E-17));
#12347=DIRECTION('',(0.,-6.12323399573677E-17,-1.));
#12348=DIRECTION('',(0.,1.,-6.12323399573677E-17));
#12349=DIRECTION('',(0.,6.12323399573677E-17,1.));
#12350=DIRECTION('',(6.93889390390722E-16,1.,-6.12323399573677E-17));
#12351=DIRECTION('',(0.,-6.12323399573677E-17,-1.));
#12352=DIRECTION('',(0.,1.,-6.12323399573677E-17));
#12353=DIRECTION('',(0.,-6.12323399573677E-17,-1.));
#12354=DIRECTION('',(0.,1.,-6.12323399573677E-17));
#12355=DIRECTION('',(0.,-6.12323399573677E-17,-1.));
#12356=DIRECTION('',(0.,1.,-6.12323399573677E-17));
#12357=DIRECTION('',(0.,6.12323399573677E-17,1.));
#12358=DIRECTION('',(2.08166817117217E-15,1.,-6.12323399573677E-17));
#12359=DIRECTION('',(0.,-6.12323399573677E-17,-1.));
#12360=DIRECTION('',(0.,1.,-6.12323399573677E-17));
#12361=DIRECTION('',(0.,-6.12323399573677E-17,-1.));
#12362=DIRECTION('',(0.,1.,-6.12323399573677E-17));
#12363=DIRECTION('',(0.,-6.12323399573677E-17,-1.));
#12364=DIRECTION('',(0.,1.,-6.12323399573677E-17));
#12365=DIRECTION('',(0.,6.12323399573677E-17,1.));
#12366=DIRECTION('',(0.,1.,-6.12323399573677E-17));
#12367=DIRECTION('',(0.,-6.12323399573677E-17,-1.));
#12368=DIRECTION('',(0.,1.,-6.12323399573677E-17));
#12369=DIRECTION('',(0.,-6.12323399573677E-17,-1.));
#12370=DIRECTION('',(0.,1.,-6.12323399573677E-17));
#12371=DIRECTION('',(0.,-6.12323399573677E-17,-1.));
#12372=DIRECTION('',(0.,1.,-6.12323399573677E-17));
#12373=DIRECTION('',(0.,6.12323399573677E-17,1.));
#12374=DIRECTION('',(-2.7755575615629E-15,1.,-6.12323399573677E-17));
#12375=DIRECTION('',(0.,-6.12323399573677E-17,-1.));
#12376=DIRECTION('',(0.,1.,-6.12323399573677E-17));
#12377=DIRECTION('',(0.,-6.12323399573677E-17,-1.));
#12378=DIRECTION('',(0.,1.,-6.12323399573677E-17));
#12379=DIRECTION('',(0.,6.12323399573677E-17,1.));
#12380=DIRECTION('',(6.93889390390723E-16,1.,-6.12323399573677E-17));
#12381=DIRECTION('',(0.,-6.12323399573677E-17,-1.));
#12382=DIRECTION('',(0.,1.,-6.12323399573677E-17));
#12383=DIRECTION('',(0.,-6.12323399573677E-17,-1.));
#12384=DIRECTION('',(0.,1.,-6.12323399573677E-17));
#12385=DIRECTION('',(0.,-6.12323399573677E-17,-1.));
#12386=DIRECTION('',(0.,1.,-6.12323399573677E-17));
#12387=DIRECTION('',(0.,6.12323399573677E-17,1.));
#12388=DIRECTION('',(6.93889390390723E-16,1.,-6.12323399573677E-17));
#12389=DIRECTION('',(0.,-6.12323399573677E-17,-1.));
#12390=DIRECTION('',(0.,1.,-6.12323399573677E-17));
#12391=DIRECTION('',(0.,-6.12323399573677E-17,-1.));
#12392=DIRECTION('',(0.,1.,-6.12323399573677E-17));
#12393=DIRECTION('',(0.,-6.12323399573677E-17,-1.));
#12394=DIRECTION('',(0.,1.,-6.12323399573677E-17));
#12395=DIRECTION('',(0.,6.12323399573677E-17,1.));
#12396=DIRECTION('',(2.08166817117217E-15,1.,-6.12323399573677E-17));
#12397=DIRECTION('',(0.,-6.12323399573677E-17,-1.));
#12398=DIRECTION('',(0.,1.,-6.12323399573677E-17));
#12399=DIRECTION('',(0.,-6.12323399573677E-17,-1.));
#12400=DIRECTION('',(0.,1.,-6.12323399573677E-17));
#12401=DIRECTION('',(0.,-6.12323399573677E-17,-1.));
#12402=DIRECTION('',(0.,1.,-6.12323399573677E-17));
#12403=DIRECTION('',(0.,6.12323399573677E-17,1.));
#12404=DIRECTION('',(0.,1.,-6.12323399573677E-17));
#12405=DIRECTION('',(0.,-6.12323399573677E-17,-1.));
#12406=DIRECTION('',(0.,1.,-6.12323399573677E-17));
#12407=DIRECTION('',(0.,-6.12323399573677E-17,-1.));
#12408=DIRECTION('',(0.,1.,-6.12323399573677E-17));
#12409=DIRECTION('',(0.,-6.12323399573677E-17,-1.));
#12410=DIRECTION('',(0.,1.,-6.12323399573677E-17));
#12411=DIRECTION('',(0.,-6.12323399573677E-17,-1.));
#12412=DIRECTION('',(0.,1.,-6.12323399573677E-17));
#12413=DIRECTION('',(0.,-6.12323399573677E-17,-1.));
#12414=DIRECTION('',(0.,-6.12323399573677E-17,-1.));
#12415=DIRECTION('',(0.,1.,-6.12323399573677E-17));
#12416=DIRECTION('',(0.,6.12323399573677E-17,1.));
#12417=DIRECTION('',(0.,-6.12323399573677E-17,-1.));
#12418=DIRECTION('',(0.,1.,-6.12323399573677E-17));
#12419=DIRECTION('',(0.,6.12323399573677E-17,1.));
#12420=DIRECTION('',(-2.16840434497102E-14,1.,-6.12323399573677E-17));
#12421=DIRECTION('',(0.,-6.12323399573677E-17,-1.));
#12422=DIRECTION('',(0.,-6.12323399573677E-17,-1.));
#12423=DIRECTION('',(0.,1.,-6.12323399573677E-17));
#12424=DIRECTION('',(0.,6.12323399573677E-17,1.));
#12425=DIRECTION('',(0.,1.,-6.12323399573677E-17));
#12426=DIRECTION('',(0.,6.12323399573677E-17,1.));
#12427=DIRECTION('',(0.,-6.12323399573677E-17,-1.));
#12428=DIRECTION('',(0.,1.,-6.12323399573677E-17));
#12429=DIRECTION('',(0.,6.12323399573677E-17,1.));
#12430=DIRECTION('',(4.33680868994205E-15,1.,-6.12323399573677E-17));
#12431=DIRECTION('',(0.,-6.12323399573677E-17,-1.));
#12432=DIRECTION('',(0.,-6.12323399573677E-17,-1.));
#12433=DIRECTION('',(0.,1.,-6.12323399573677E-17));
#12434=DIRECTION('',(0.,-6.12323399573677E-17,-1.));
#12435=DIRECTION('',(0.,1.,-6.12323399573677E-17));
#12436=DIRECTION('',(0.,6.12323399573677E-17,1.));
#12437=DIRECTION('',(0.,-6.12323399573677E-17,-1.));
#12438=DIRECTION('',(0.,1.,-6.12323399573677E-17));
#12439=DIRECTION('',(0.,6.12323399573677E-17,1.));
#12440=DIRECTION('',(2.86229373536175E-13,1.,-6.12323399573677E-17));
#12441=DIRECTION('',(0.,-6.12323399573677E-17,-1.));
#12442=DIRECTION('',(0.,-6.12323399573677E-17,-1.));
#12443=DIRECTION('',(0.,1.,-6.12323399573677E-17));
#12444=DIRECTION('',(0.,6.12323399573677E-17,1.));
#12445=DIRECTION('',(0.,1.,-6.12323399573677E-17));
#12446=DIRECTION('',(0.,6.12323399573677E-17,1.));
#12447=DIRECTION('',(0.,-6.12323399573677E-17,-1.));
#12448=DIRECTION('',(0.,1.,-6.12323399573677E-17));
#12449=DIRECTION('',(0.,6.12323399573677E-17,1.));
#12450=DIRECTION('',(-6.93889390390727E-14,1.,-6.12323399573677E-17));
#12451=DIRECTION('',(0.,-6.12323399573677E-17,-1.));
#12452=DIRECTION('',(0.,-6.12323399573677E-17,-1.));
#12453=DIRECTION('',(0.,1.,-6.12323399573677E-17));
#12454=DIRECTION('',(0.,-6.12323399573677E-17,-1.));
#12455=DIRECTION('',(0.,1.,-6.12323399573677E-17));
#12456=DIRECTION('',(0.,6.12323399573677E-17,1.));
#12457=DIRECTION('',(0.,-6.12323399573677E-17,-1.));
#12458=DIRECTION('',(0.,1.,-6.12323399573677E-17));
#12459=DIRECTION('',(0.,6.12323399573677E-17,1.));
#12460=DIRECTION('',(-8.67361737988409E-15,1.,-6.12323399573677E-17));
#12461=DIRECTION('',(0.,-6.12323399573677E-17,-1.));
#12462=DIRECTION('',(0.,-6.12323399573677E-17,-1.));
#12463=DIRECTION('',(0.,1.,-6.12323399573677E-17));
#12464=DIRECTION('',(0.,6.12323399573677E-17,1.));
#12465=DIRECTION('',(0.,1.,-6.12323399573677E-17));
#12466=DIRECTION('',(0.,6.12323399573677E-17,1.));
#12467=DIRECTION('',(0.,-6.12323399573677E-17,-1.));
#12468=DIRECTION('',(0.,1.,-6.12323399573677E-17));
#12469=DIRECTION('',(0.,6.12323399573677E-17,1.));
#12470=DIRECTION('',(-6.07153216591886E-14,1.,-6.12323399573677E-17));
#12471=DIRECTION('',(0.,-6.12323399573677E-17,-1.));
#12472=DIRECTION('',(0.,-6.12323399573677E-17,-1.));
#12473=DIRECTION('',(0.,1.,-6.12323399573677E-17));
#12474=DIRECTION('',(0.,-6.12323399573677E-17,-1.));
#12475=DIRECTION('',(0.,1.,-6.12323399573677E-17));
#12476=DIRECTION('',(0.,6.12323399573677E-17,1.));
#12477=DIRECTION('',(0.,-6.12323399573677E-17,-1.));
#12478=DIRECTION('',(0.,1.,-6.12323399573677E-17));
#12479=DIRECTION('',(0.,6.12323399573677E-17,1.));
#12480=DIRECTION('',(1.08420217248551E-13,1.,-6.12323399573677E-17));
#12481=DIRECTION('',(0.,-6.12323399573677E-17,-1.));
#12482=DIRECTION('',(0.,-6.12323399573677E-17,-1.));
#12483=DIRECTION('',(0.,1.,-6.12323399573677E-17));
#12484=DIRECTION('',(0.,6.12323399573677E-17,1.));
#12485=DIRECTION('',(-1.06527480968009E-14,1.,-6.12323399573677E-17));
#12486=DIRECTION('',(0.,6.12323399573677E-17,1.));
#12487=DIRECTION('',(0.,-6.12323399573677E-17,-1.));
#12488=DIRECTION('',(0.,1.,-6.12323399573677E-17));
#12489=DIRECTION('',(0.,6.12323399573677E-17,1.));
#12490=DIRECTION('',(0.,1.,-6.12323399573677E-17));
#12491=DIRECTION('',(0.,-6.12323399573677E-17,-1.));
#12492=DIRECTION('',(0.,1.,-6.12323399573677E-17));
#12493=DIRECTION('',(0.,-6.12323399573677E-17,-1.));
#12494=DIRECTION('',(0.,-6.12323399573677E-17,-1.));
#12495=DIRECTION('',(0.,1.,-6.12323399573677E-17));
#12496=DIRECTION('',(0.,6.12323399573677E-17,1.));
#12497=DIRECTION('',(0.,-6.12323399573677E-17,-1.));
#12498=DIRECTION('',(0.,1.,-6.12323399573677E-17));
#12499=DIRECTION('',(0.,6.12323399573677E-17,1.));
#12500=DIRECTION('',(-5.20417042793045E-14,1.,-6.12323399573677E-17));
#12501=DIRECTION('',(0.,-6.12323399573677E-17,-1.));
#12502=DIRECTION('',(0.,-6.12323399573677E-17,-1.));
#12503=DIRECTION('',(0.,1.,-6.12323399573677E-17));
#12504=DIRECTION('',(0.,6.12323399573677E-17,1.));
#12505=DIRECTION('',(0.,1.,-6.12323399573677E-17));
#12506=DIRECTION('',(0.,6.12323399573677E-17,1.));
#12507=DIRECTION('',(0.,-6.12323399573677E-17,-1.));
#12508=DIRECTION('',(0.,1.,-6.12323399573677E-17));
#12509=DIRECTION('',(0.,6.12323399573677E-17,1.));
#12510=DIRECTION('',(0.,1.,-6.12323399573677E-17));
#12511=DIRECTION('',(0.,-6.12323399573677E-17,-1.));
#12512=DIRECTION('',(0.,-6.12323399573677E-17,-1.));
#12513=DIRECTION('',(0.,1.,-6.12323399573677E-17));
#12514=DIRECTION('',(0.,-6.12323399573677E-17,-1.));
#12515=DIRECTION('',(0.,1.,-6.12323399573677E-17));
#12516=DIRECTION('',(0.,6.12323399573677E-17,1.));
#12517=DIRECTION('',(0.,-6.12323399573677E-17,-1.));
#12518=DIRECTION('',(0.,1.,-6.12323399573677E-17));
#12519=DIRECTION('',(0.,6.12323399573677E-17,1.));
#12520=DIRECTION('',(2.60208521396523E-14,1.,-6.12323399573677E-17));
#12521=DIRECTION('',(0.,-6.12323399573677E-17,-1.));
#12522=DIRECTION('',(0.,-6.12323399573677E-17,-1.));
#12523=DIRECTION('',(0.,1.,-6.12323399573677E-17));
#12524=DIRECTION('',(0.,6.12323399573677E-17,1.));
#12525=DIRECTION('',(0.,1.,-6.12323399573677E-17));
#12526=DIRECTION('',(0.,6.12323399573677E-17,1.));
#12527=DIRECTION('',(0.,-6.12323399573677E-17,-1.));
#12528=DIRECTION('',(0.,1.,-6.12323399573677E-17));
#12529=DIRECTION('',(0.,6.12323399573677E-17,1.));
#12530=DIRECTION('',(-6.93889390390727E-14,1.,-6.12323399573677E-17));
#12531=DIRECTION('',(0.,-6.12323399573677E-17,-1.));
#12532=DIRECTION('',(0.,-6.12323399573677E-17,-1.));
#12533=DIRECTION('',(0.,1.,-6.12323399573677E-17));
#12534=DIRECTION('',(0.,-6.12323399573677E-17,-1.));
#12535=DIRECTION('',(0.,1.,-6.12323399573677E-17));
#12536=DIRECTION('',(0.,6.12323399573677E-17,1.));
#12537=DIRECTION('',(0.,-6.12323399573677E-17,-1.));
#12538=DIRECTION('',(0.,1.,-6.12323399573677E-17));
#12539=DIRECTION('',(0.,6.12323399573677E-17,1.));
#12540=DIRECTION('',(-8.67361737988409E-15,1.,-6.12323399573677E-17));
#12541=DIRECTION('',(0.,-6.12323399573677E-17,-1.));
#12542=DIRECTION('',(0.,-6.12323399573677E-17,-1.));
#12543=DIRECTION('',(0.,1.,-6.12323399573677E-17));
#12544=DIRECTION('',(0.,6.12323399573677E-17,1.));
#12545=DIRECTION('',(0.,1.,-6.12323399573677E-17));
#12546=DIRECTION('',(0.,6.12323399573677E-17,1.));
#12547=DIRECTION('',(0.,-6.12323399573677E-17,-1.));
#12548=DIRECTION('',(0.,1.,-6.12323399573677E-17));
#12549=DIRECTION('',(0.,6.12323399573677E-17,1.));
#12550=DIRECTION('',(-6.07153216591886E-14,1.,-6.12323399573677E-17));
#12551=DIRECTION('',(0.,-6.12323399573677E-17,-1.));
#12552=DIRECTION('',(0.,-6.12323399573677E-17,-1.));
#12553=DIRECTION('',(0.,1.,-6.12323399573677E-17));
#12554=DIRECTION('',(0.,-6.12323399573677E-17,-1.));
#12555=DIRECTION('',(0.,1.,-6.12323399573677E-17));
#12556=DIRECTION('',(0.,6.12323399573677E-17,1.));
#12557=DIRECTION('',(0.,-6.12323399573677E-17,-1.));
#12558=DIRECTION('',(0.,1.,-6.12323399573677E-17));
#12559=DIRECTION('',(0.,6.12323399573677E-17,1.));
#12560=DIRECTION('',(-3.90312782094784E-14,1.,-6.12323399573677E-17));
#12561=DIRECTION('',(0.,-6.12323399573677E-17,-1.));
#12562=DIRECTION('',(0.,-6.12323399573677E-17,-1.));
#12563=DIRECTION('',(0.,1.,-6.12323399573677E-17));
#12564=DIRECTION('',(0.,6.12323399573677E-17,1.));
#12565=DIRECTION('',(1.06527480968009E-14,1.,-6.12323399573677E-17));
#12566=DIRECTION('',(0.,6.12323399573677E-17,1.));
#12567=DIRECTION('',(0.,-6.12323399573677E-17,-1.));
#12568=DIRECTION('',(0.,1.,-6.12323399573677E-17));
#12569=DIRECTION('',(0.,6.12323399573677E-17,1.));
#12570=DIRECTION('',(-1.38777878078145E-13,1.,-6.12323399573677E-17));
#12571=DIRECTION('',(0.,-6.12323399573677E-17,-1.));
#12572=DIRECTION('',(0.,1.,-6.12323399573677E-17));
#12573=DIRECTION('',(0.,-6.12323399573677E-17,-1.));
#12574=DIRECTION('',(0.,-6.12323399573677E-17,-1.));
#12575=DIRECTION('',(0.,1.,-6.12323399573677E-17));
#12576=DIRECTION('',(0.,6.12323399573677E-17,1.));
#12577=DIRECTION('',(0.,-6.12323399573677E-17,-1.));
#12578=DIRECTION('',(0.,1.,-6.12323399573677E-17));
#12579=DIRECTION('',(0.,6.12323399573677E-17,1.));
#12580=DIRECTION('',(-2.16840434497102E-14,1.,-6.12323399573677E-17));
#12581=DIRECTION('',(0.,-6.12323399573677E-17,-1.));
#12582=DIRECTION('',(0.,-6.12323399573677E-17,-1.));
#12583=DIRECTION('',(0.,1.,-6.12323399573677E-17));
#12584=DIRECTION('',(0.,6.12323399573677E-17,1.));
#12585=DIRECTION('',(0.,1.,-6.12323399573677E-17));
#12586=DIRECTION('',(0.,6.12323399573677E-17,1.));
#12587=DIRECTION('',(0.,-6.12323399573677E-17,-1.));
#12588=DIRECTION('',(0.,1.,-6.12323399573677E-17));
#12589=DIRECTION('',(0.,6.12323399573677E-17,1.));
#12590=DIRECTION('',(4.33680868994205E-15,1.,-6.12323399573677E-17));
#12591=DIRECTION('',(0.,-6.12323399573677E-17,-1.));
#12592=DIRECTION('',(0.,-6.12323399573677E-17,-1.));
#12593=DIRECTION('',(0.,1.,-6.12323399573677E-17));
#12594=DIRECTION('',(0.,-6.12323399573677E-17,-1.));
#12595=DIRECTION('',(0.,1.,-6.12323399573677E-17));
#12596=DIRECTION('',(0.,6.12323399573677E-17,1.));
#12597=DIRECTION('',(0.,-6.12323399573677E-17,-1.));
#12598=DIRECTION('',(0.,1.,-6.12323399573677E-17));
#12599=DIRECTION('',(0.,6.12323399573677E-17,1.));
#12600=DIRECTION('',(2.86229373536175E-13,1.,-6.12323399573677E-17));
#12601=DIRECTION('',(0.,-6.12323399573677E-17,-1.));
#12602=DIRECTION('',(0.,-6.12323399573677E-17,-1.));
#12603=DIRECTION('',(0.,1.,-6.12323399573677E-17));
#12604=DIRECTION('',(0.,6.12323399573677E-17,1.));
#12605=DIRECTION('',(0.,1.,-6.12323399573677E-17));
#12606=DIRECTION('',(0.,6.12323399573677E-17,1.));
#12607=DIRECTION('',(0.,-6.12323399573677E-17,-1.));
#12608=DIRECTION('',(0.,1.,-6.12323399573677E-17));
#12609=DIRECTION('',(0.,6.12323399573677E-17,1.));
#12610=DIRECTION('',(-6.93889390390727E-14,1.,-6.12323399573677E-17));
#12611=DIRECTION('',(0.,-6.12323399573677E-17,-1.));
#12612=DIRECTION('',(0.,-6.12323399573677E-17,-1.));
#12613=DIRECTION('',(0.,1.,-6.12323399573677E-17));
#12614=DIRECTION('',(0.,-6.12323399573677E-17,-1.));
#12615=DIRECTION('',(0.,1.,-6.12323399573677E-17));
#12616=DIRECTION('',(0.,6.12323399573677E-17,1.));
#12617=DIRECTION('',(0.,-6.12323399573677E-17,-1.));
#12618=DIRECTION('',(0.,1.,-6.12323399573677E-17));
#12619=DIRECTION('',(0.,6.12323399573677E-17,1.));
#12620=DIRECTION('',(-8.67361737988409E-15,1.,-6.12323399573677E-17));
#12621=DIRECTION('',(0.,-6.12323399573677E-17,-1.));
#12622=DIRECTION('',(0.,-6.12323399573677E-17,-1.));
#12623=DIRECTION('',(0.,1.,-6.12323399573677E-17));
#12624=DIRECTION('',(0.,6.12323399573677E-17,1.));
#12625=DIRECTION('',(0.,1.,-6.12323399573677E-17));
#12626=DIRECTION('',(0.,6.12323399573677E-17,1.));
#12627=DIRECTION('',(0.,-6.12323399573677E-17,-1.));
#12628=DIRECTION('',(0.,1.,-6.12323399573677E-17));
#12629=DIRECTION('',(0.,6.12323399573677E-17,1.));
#12630=DIRECTION('',(-6.07153216591886E-14,1.,-6.12323399573677E-17));
#12631=DIRECTION('',(0.,-6.12323399573677E-17,-1.));
#12632=DIRECTION('',(0.,-6.12323399573677E-17,-1.));
#12633=DIRECTION('',(0.,1.,-6.12323399573677E-17));
#12634=DIRECTION('',(0.,-6.12323399573677E-17,-1.));
#12635=DIRECTION('',(0.,1.,-6.12323399573677E-17));
#12636=DIRECTION('',(0.,6.12323399573677E-17,1.));
#12637=DIRECTION('',(0.,-6.12323399573677E-17,-1.));
#12638=DIRECTION('',(0.,1.,-6.12323399573677E-17));
#12639=DIRECTION('',(0.,6.12323399573677E-17,1.));
#12640=DIRECTION('',(1.08420217248551E-13,1.,-6.12323399573677E-17));
#12641=DIRECTION('',(0.,-6.12323399573677E-17,-1.));
#12642=DIRECTION('',(0.,-6.12323399573677E-17,-1.));
#12643=DIRECTION('',(0.,1.,-6.12323399573677E-17));
#12644=DIRECTION('',(0.,6.12323399573677E-17,1.));
#12645=DIRECTION('',(-1.06527480968009E-14,1.,-6.12323399573677E-17));
#12646=DIRECTION('',(0.,6.12323399573677E-17,1.));
#12647=DIRECTION('',(0.,-6.12323399573677E-17,-1.));
#12648=DIRECTION('',(0.,1.,-6.12323399573677E-17));
#12649=DIRECTION('',(0.,6.12323399573677E-17,1.));
#12650=DIRECTION('',(0.,1.,-6.12323399573677E-17));
#12651=DIRECTION('',(0.,-6.12323399573677E-17,-1.));
#12652=DIRECTION('',(0.,1.,-6.12323399573677E-17));
#12653=DIRECTION('',(0.,-6.12323399573677E-17,-1.));
#12654=DIRECTION('',(0.,-6.12323399573677E-17,-1.));
#12655=DIRECTION('',(0.,1.,-6.12323399573677E-17));
#12656=DIRECTION('',(0.,6.12323399573677E-17,1.));
#12657=DIRECTION('',(0.,-6.12323399573677E-17,-1.));
#12658=DIRECTION('',(0.,1.,-6.12323399573677E-17));
#12659=DIRECTION('',(0.,6.12323399573677E-17,1.));
#12660=DIRECTION('',(-5.20417042793045E-14,1.,-6.12323399573677E-17));
#12661=DIRECTION('',(0.,-6.12323399573677E-17,-1.));
#12662=DIRECTION('',(0.,-6.12323399573677E-17,-1.));
#12663=DIRECTION('',(0.,1.,-6.12323399573677E-17));
#12664=DIRECTION('',(0.,6.12323399573677E-17,1.));
#12665=DIRECTION('',(0.,1.,-6.12323399573677E-17));
#12666=DIRECTION('',(0.,6.12323399573677E-17,1.));
#12667=DIRECTION('',(0.,-6.12323399573677E-17,-1.));
#12668=DIRECTION('',(0.,1.,-6.12323399573677E-17));
#12669=DIRECTION('',(0.,6.12323399573677E-17,1.));
#12670=DIRECTION('',(0.,1.,-6.12323399573677E-17));
#12671=DIRECTION('',(0.,-6.12323399573677E-17,-1.));
#12672=DIRECTION('',(0.,-6.12323399573677E-17,-1.));
#12673=DIRECTION('',(0.,1.,-6.12323399573677E-17));
#12674=DIRECTION('',(0.,-6.12323399573677E-17,-1.));
#12675=DIRECTION('',(0.,1.,-6.12323399573677E-17));
#12676=DIRECTION('',(0.,6.12323399573677E-17,1.));
#12677=DIRECTION('',(0.,-6.12323399573677E-17,-1.));
#12678=DIRECTION('',(0.,1.,-6.12323399573677E-17));
#12679=DIRECTION('',(0.,6.12323399573677E-17,1.));
#12680=DIRECTION('',(2.60208521396523E-14,1.,-6.12323399573677E-17));
#12681=DIRECTION('',(0.,-6.12323399573677E-17,-1.));
#12682=DIRECTION('',(0.,-6.12323399573677E-17,-1.));
#12683=DIRECTION('',(0.,1.,-6.12323399573677E-17));
#12684=DIRECTION('',(0.,6.12323399573677E-17,1.));
#12685=DIRECTION('',(0.,1.,-6.12323399573677E-17));
#12686=DIRECTION('',(0.,6.12323399573677E-17,1.));
#12687=DIRECTION('',(0.,-6.12323399573677E-17,-1.));
#12688=DIRECTION('',(0.,1.,-6.12323399573677E-17));
#12689=DIRECTION('',(0.,6.12323399573677E-17,1.));
#12690=DIRECTION('',(-6.93889390390727E-14,1.,-6.12323399573677E-17));
#12691=DIRECTION('',(0.,-6.12323399573677E-17,-1.));
#12692=DIRECTION('',(0.,-6.12323399573677E-17,-1.));
#12693=DIRECTION('',(0.,1.,-6.12323399573677E-17));
#12694=DIRECTION('',(0.,-6.12323399573677E-17,-1.));
#12695=DIRECTION('',(0.,1.,-6.12323399573677E-17));
#12696=DIRECTION('',(0.,6.12323399573677E-17,1.));
#12697=DIRECTION('',(0.,-6.12323399573677E-17,-1.));
#12698=DIRECTION('',(0.,1.,-6.12323399573677E-17));
#12699=DIRECTION('',(0.,6.12323399573677E-17,1.));
#12700=DIRECTION('',(8.67361737988409E-15,1.,-6.12323399573677E-17));
#12701=DIRECTION('',(0.,-6.12323399573677E-17,-1.));
#12702=DIRECTION('',(0.,-6.12323399573677E-17,-1.));
#12703=DIRECTION('',(0.,1.,-6.12323399573677E-17));
#12704=DIRECTION('',(0.,6.12323399573677E-17,1.));
#12705=DIRECTION('',(0.,1.,-6.12323399573677E-17));
#12706=DIRECTION('',(0.,6.12323399573677E-17,1.));
#12707=DIRECTION('',(0.,-6.12323399573677E-17,-1.));
#12708=DIRECTION('',(0.,1.,-6.12323399573677E-17));
#12709=DIRECTION('',(0.,6.12323399573677E-17,1.));
#12710=DIRECTION('',(0.,1.,-6.12323399573677E-17));
#12711=DIRECTION('',(0.,-6.12323399573677E-17,-1.));
#12712=DIRECTION('',(0.,-6.12323399573677E-17,-1.));
#12713=DIRECTION('',(0.,1.,-6.12323399573677E-17));
#12714=DIRECTION('',(0.,-6.12323399573677E-17,-1.));
#12715=DIRECTION('',(0.,1.,-6.12323399573677E-17));
#12716=DIRECTION('',(0.,6.12323399573677E-17,1.));
#12717=DIRECTION('',(0.,-6.12323399573677E-17,-1.));
#12718=DIRECTION('',(0.,1.,-6.12323399573677E-17));
#12719=DIRECTION('',(0.,6.12323399573677E-17,1.));
#12720=DIRECTION('',(8.67361737988409E-15,1.,-6.12323399573677E-17));
#12721=DIRECTION('',(0.,-6.12323399573677E-17,-1.));
#12722=DIRECTION('',(0.,-6.12323399573677E-17,-1.));
#12723=DIRECTION('',(0.,1.,-6.12323399573677E-17));
#12724=DIRECTION('',(0.,6.12323399573677E-17,1.));
#12725=DIRECTION('',(-1.77761662770325E-14,1.,-6.12323399573677E-17));
#12726=DIRECTION('',(0.,6.12323399573677E-17,1.));
#12727=DIRECTION('',(0.,-6.12323399573677E-17,-1.));
#12728=DIRECTION('',(0.,1.,-6.12323399573677E-17));
#12729=DIRECTION('',(0.,6.12323399573677E-17,1.));
#12730=DIRECTION('',(6.07153216591886E-14,1.,-6.12323399573677E-17));
#12731=DIRECTION('',(0.,-6.12323399573677E-17,-1.));
#12732=DIRECTION('',(0.,1.,-6.12323399573677E-17));
#12733=DIRECTION('',(0.,-6.12323399573677E-17,-1.));
#12734=DIRECTION('',(0.,-6.12323399573677E-17,-1.));
#12735=DIRECTION('',(0.,1.,-6.12323399573677E-17));
#12736=DIRECTION('',(0.,6.12323399573677E-17,1.));
#12737=DIRECTION('',(0.,-6.12323399573677E-17,-1.));
#12738=DIRECTION('',(0.,1.,-6.12323399573677E-17));
#12739=DIRECTION('',(0.,6.12323399573677E-17,1.));
#12740=DIRECTION('',(0.,1.,-6.12323399573677E-17));
#12741=DIRECTION('',(0.,-6.12323399573677E-17,-1.));
#12742=DIRECTION('',(0.,-6.12323399573677E-17,-1.));
#12743=DIRECTION('',(0.,1.,-6.12323399573677E-17));
#12744=DIRECTION('',(0.,6.12323399573677E-17,1.));
#12745=DIRECTION('',(0.,1.,-6.12323399573677E-17));
#12746=DIRECTION('',(0.,6.12323399573677E-17,1.));
#12747=DIRECTION('',(0.,-6.12323399573677E-17,-1.));
#12748=DIRECTION('',(0.,1.,-6.12323399573677E-17));
#12749=DIRECTION('',(0.,6.12323399573677E-17,1.));
#12750=DIRECTION('',(0.,1.,-6.12323399573677E-17));
#12751=DIRECTION('',(0.,-6.12323399573677E-17,-1.));
#12752=DIRECTION('',(0.,-6.12323399573677E-17,-1.));
#12753=DIRECTION('',(0.,1.,-6.12323399573677E-17));
#12754=DIRECTION('',(0.,-6.12323399573677E-17,-1.));
#12755=DIRECTION('',(0.,1.,-6.12323399573677E-17));
#12756=DIRECTION('',(0.,6.12323399573677E-17,1.));
#12757=DIRECTION('',(0.,-6.12323399573677E-17,-1.));
#12758=DIRECTION('',(0.,1.,-6.12323399573677E-17));
#12759=DIRECTION('',(0.,6.12323399573677E-17,1.));
#12760=DIRECTION('',(1.12757025938493E-13,1.,-6.12323399573677E-17));
#12761=DIRECTION('',(0.,-6.12323399573677E-17,-1.));
#12762=DIRECTION('',(0.,-6.12323399573677E-17,-1.));
#12763=DIRECTION('',(0.,1.,-6.12323399573677E-17));
#12764=DIRECTION('',(0.,6.12323399573677E-17,1.));
#12765=DIRECTION('',(-6.21680132092939E-15,1.,-6.12323399573677E-17));
#12766=DIRECTION('',(0.,6.12323399573677E-17,1.));
#12767=DIRECTION('',(0.,-6.12323399573677E-17,-1.));
#12768=DIRECTION('',(0.,1.,-6.12323399573677E-17));
#12769=DIRECTION('',(0.,6.12323399573677E-17,1.));
#12770=DIRECTION('',(-6.93889390390727E-14,1.,-6.12323399573677E-17));
#12771=DIRECTION('',(0.,-6.12323399573677E-17,-1.));
#12772=DIRECTION('',(0.,-6.12323399573677E-17,-1.));
#12773=DIRECTION('',(0.,1.,-6.12323399573677E-17));
#12774=DIRECTION('',(0.,-6.12323399573677E-17,-1.));
#12775=DIRECTION('',(0.,1.,-6.12323399573677E-17));
#12776=DIRECTION('',(0.,6.12323399573677E-17,1.));
#12777=DIRECTION('',(0.,-6.12323399573677E-17,-1.));
#12778=DIRECTION('',(0.,1.,-6.12323399573677E-17));
#12779=DIRECTION('',(0.,6.12323399573677E-17,1.));
#12780=DIRECTION('',(8.67361737988409E-15,1.,-6.12323399573677E-17));
#12781=DIRECTION('',(0.,-6.12323399573677E-17,-1.));
#12782=DIRECTION('',(0.,-6.12323399573677E-17,-1.));
#12783=DIRECTION('',(0.,1.,-6.12323399573677E-17));
#12784=DIRECTION('',(0.,6.12323399573677E-17,1.));
#12785=DIRECTION('',(0.,1.,-6.12323399573677E-17));
#12786=DIRECTION('',(0.,6.12323399573677E-17,1.));
#12787=DIRECTION('',(0.,-6.12323399573677E-17,-1.));
#12788=DIRECTION('',(0.,1.,-6.12323399573677E-17));
#12789=DIRECTION('',(0.,6.12323399573677E-17,1.));
#12790=DIRECTION('',(0.,1.,-6.12323399573677E-17));
#12791=DIRECTION('',(0.,-6.12323399573677E-17,-1.));
#12792=DIRECTION('',(0.,-6.12323399573677E-17,-1.));
#12793=DIRECTION('',(0.,1.,-6.12323399573677E-17));
#12794=DIRECTION('',(0.,-6.12323399573677E-17,-1.));
#12795=DIRECTION('',(0.,1.,-6.12323399573677E-17));
#12796=DIRECTION('',(0.,6.12323399573677E-17,1.));
#12797=DIRECTION('',(0.,-6.12323399573677E-17,-1.));
#12798=DIRECTION('',(0.,1.,-6.12323399573677E-17));
#12799=DIRECTION('',(0.,6.12323399573677E-17,1.));
#12800=DIRECTION('',(8.67361737988409E-15,1.,-6.12323399573677E-17));
#12801=DIRECTION('',(0.,-6.12323399573677E-17,-1.));
#12802=DIRECTION('',(0.,-6.12323399573677E-17,-1.));
#12803=DIRECTION('',(0.,1.,-6.12323399573677E-17));
#12804=DIRECTION('',(0.,6.12323399573677E-17,1.));
#12805=DIRECTION('',(-1.77761662770325E-14,1.,-6.12323399573677E-17));
#12806=DIRECTION('',(0.,6.12323399573677E-17,1.));
#12807=DIRECTION('',(0.,-6.12323399573677E-17,-1.));
#12808=DIRECTION('',(0.,1.,-6.12323399573677E-17));
#12809=DIRECTION('',(0.,6.12323399573677E-17,1.));
#12810=DIRECTION('',(6.07153216591886E-14,1.,-6.12323399573677E-17));
#12811=DIRECTION('',(0.,-6.12323399573677E-17,-1.));
#12812=DIRECTION('',(0.,1.,-6.12323399573677E-17));
#12813=DIRECTION('',(0.,-6.12323399573677E-17,-1.));
#12814=DIRECTION('',(0.,-6.12323399573677E-17,-1.));
#12815=DIRECTION('',(0.,1.,-6.12323399573677E-17));
#12816=DIRECTION('',(0.,6.12323399573677E-17,1.));
#12817=DIRECTION('',(0.,-6.12323399573677E-17,-1.));
#12818=DIRECTION('',(0.,1.,-6.12323399573677E-17));
#12819=DIRECTION('',(0.,6.12323399573677E-17,1.));
#12820=DIRECTION('',(0.,1.,-6.12323399573677E-17));
#12821=DIRECTION('',(0.,-6.12323399573677E-17,-1.));
#12822=DIRECTION('',(0.,-6.12323399573677E-17,-1.));
#12823=DIRECTION('',(0.,1.,-6.12323399573677E-17));
#12824=DIRECTION('',(0.,6.12323399573677E-17,1.));
#12825=DIRECTION('',(0.,1.,-6.12323399573677E-17));
#12826=DIRECTION('',(0.,6.12323399573677E-17,1.));
#12827=DIRECTION('',(0.,-6.12323399573677E-17,-1.));
#12828=DIRECTION('',(0.,1.,-6.12323399573677E-17));
#12829=DIRECTION('',(0.,6.12323399573677E-17,1.));
#12830=DIRECTION('',(0.,1.,-6.12323399573677E-17));
#12831=DIRECTION('',(0.,-6.12323399573677E-17,-1.));
#12832=DIRECTION('',(0.,-6.12323399573677E-17,-1.));
#12833=DIRECTION('',(0.,1.,-6.12323399573677E-17));
#12834=DIRECTION('',(0.,-6.12323399573677E-17,-1.));
#12835=DIRECTION('',(0.,1.,-6.12323399573677E-17));
#12836=DIRECTION('',(0.,6.12323399573677E-17,1.));
#12837=DIRECTION('',(0.,-6.12323399573677E-17,-1.));
#12838=DIRECTION('',(0.,1.,-6.12323399573677E-17));
#12839=DIRECTION('',(0.,6.12323399573677E-17,1.));
#12840=DIRECTION('',(1.12757025938493E-13,1.,-6.12323399573677E-17));
#12841=DIRECTION('',(0.,-6.12323399573677E-17,-1.));
#12842=DIRECTION('',(0.,-6.12323399573677E-17,-1.));
#12843=DIRECTION('',(0.,1.,-6.12323399573677E-17));
#12844=DIRECTION('',(0.,6.12323399573677E-17,1.));
#12845=DIRECTION('',(-6.21680132092939E-15,1.,-6.12323399573677E-17));
#12846=DIRECTION('',(0.,6.12323399573677E-17,1.));
#12847=DIRECTION('',(0.,-6.12323399573677E-17,-1.));
#12848=DIRECTION('',(0.,1.,-6.12323399573677E-17));
#12849=DIRECTION('',(0.,6.12323399573677E-17,1.));
#12850=DIRECTION('',(-6.93889390390727E-14,1.,-6.12323399573677E-17));
#12851=DIRECTION('',(0.,-6.12323399573677E-17,-1.));
#12852=DIRECTION('',(0.,-6.12323399573677E-17,-1.));
#12853=DIRECTION('',(0.,1.,-6.12323399573677E-17));
#12854=DIRECTION('',(0.,-6.12323399573677E-17,-1.));
#12855=DIRECTION('',(0.,1.,-6.12323399573677E-17));
#12856=DIRECTION('',(0.,6.12323399573677E-17,1.));
#12857=DIRECTION('',(0.,-6.12323399573677E-17,-1.));
#12858=DIRECTION('',(0.,1.,-6.12323399573677E-17));
#12859=DIRECTION('',(0.,6.12323399573677E-17,1.));
#12860=DIRECTION('',(0.,1.,-6.12323399573677E-17));
#12861=DIRECTION('',(0.,-6.12323399573677E-17,-1.));
#12862=DIRECTION('',(0.,-6.12323399573677E-17,-1.));
#12863=DIRECTION('',(0.,1.,-6.12323399573677E-17));
#12864=DIRECTION('',(0.,6.12323399573677E-17,1.));
#12865=DIRECTION('',(7.77100165116174E-16,1.,-6.12323399573677E-17));
#12866=DIRECTION('',(0.,6.12323399573677E-17,1.));
#12867=DIRECTION('',(0.,-6.12323399573677E-17,-1.));
#12868=DIRECTION('',(0.,1.,-6.12323399573677E-17));
#12869=DIRECTION('',(0.,6.12323399573677E-17,1.));
#12870=DIRECTION('',(0.,1.,-6.12323399573677E-17));
#12871=DIRECTION('',(0.,-6.12323399573677E-17,-1.));
#12872=DIRECTION('',(0.,-6.12323399573677E-17,-1.));
#12873=DIRECTION('',(0.,1.,-6.12323399573677E-17));
#12874=DIRECTION('',(0.,-6.12323399573677E-17,-1.));
#12875=DIRECTION('',(0.,1.,-6.12323399573677E-17));
#12876=DIRECTION('',(0.,6.12323399573677E-17,1.));
#12877=DIRECTION('',(0.,-6.12323399573677E-17,-1.));
#12878=DIRECTION('',(0.,1.,-6.12323399573677E-17));
#12879=DIRECTION('',(0.,6.12323399573677E-17,1.));
#12880=DIRECTION('',(4.33680868994201E-15,1.,-6.12323399573677E-17));
#12881=DIRECTION('',(0.,-6.12323399573677E-17,-1.));
#12882=DIRECTION('',(0.,-6.12323399573677E-17,-1.));
#12883=DIRECTION('',(0.,1.,-6.12323399573677E-17));
#12884=DIRECTION('',(0.,6.12323399573677E-17,1.));
#12885=DIRECTION('',(0.,1.,-6.12323399573677E-17));
#12886=DIRECTION('',(0.,6.12323399573677E-17,1.));
#12887=DIRECTION('',(0.,-6.12323399573677E-17,-1.));
#12888=DIRECTION('',(0.,1.,-6.12323399573677E-17));
#12889=DIRECTION('',(0.,6.12323399573677E-17,1.));
#12890=DIRECTION('',(-1.3010426069826E-14,1.,-6.12323399573677E-17));
#12891=DIRECTION('',(0.,-6.12323399573677E-17,-1.));
#12892=DIRECTION('',(0.,1.,-6.12323399573677E-17));
#12893=DIRECTION('',(0.,-6.12323399573677E-17,-1.));
#12894=DIRECTION('',(0.,-6.12323399573677E-17,-1.));
#12895=DIRECTION('',(0.,1.,-6.12323399573677E-17));
#12896=DIRECTION('',(0.,6.12323399573677E-17,1.));
#12897=DIRECTION('',(0.,-6.12323399573677E-17,-1.));
#12898=DIRECTION('',(0.,1.,-6.12323399573677E-17));
#12899=DIRECTION('',(0.,6.12323399573677E-17,1.));
#12900=DIRECTION('',(0.,1.,-6.12323399573677E-17));
#12901=DIRECTION('',(0.,-6.12323399573677E-17,-1.));
#12902=DIRECTION('',(0.,-6.12323399573677E-17,-1.));
#12903=DIRECTION('',(0.,1.,-6.12323399573677E-17));
#12904=DIRECTION('',(0.,6.12323399573677E-17,1.));
#12905=DIRECTION('',(0.,1.,-6.12323399573677E-17));
#12906=DIRECTION('',(0.,6.12323399573677E-17,1.));
#12907=DIRECTION('',(0.,-6.12323399573677E-17,-1.));
#12908=DIRECTION('',(0.,1.,-6.12323399573677E-17));
#12909=DIRECTION('',(0.,6.12323399573677E-17,1.));
#12910=DIRECTION('',(0.,1.,-6.12323399573677E-17));
#12911=DIRECTION('',(0.,-6.12323399573677E-17,-1.));
#12912=DIRECTION('',(0.,-6.12323399573677E-17,-1.));
#12913=DIRECTION('',(0.,1.,-6.12323399573677E-17));
#12914=DIRECTION('',(0.,-6.12323399573677E-17,-1.));
#12915=DIRECTION('',(0.,1.,-6.12323399573677E-17));
#12916=DIRECTION('',(0.,6.12323399573677E-17,1.));
#12917=DIRECTION('',(0.,-6.12323399573677E-17,-1.));
#12918=DIRECTION('',(0.,1.,-6.12323399573677E-17));
#12919=DIRECTION('',(0.,6.12323399573677E-17,1.));
#12920=DIRECTION('',(-2.6020852139652E-14,1.,-6.12323399573677E-17));
#12921=DIRECTION('',(0.,-6.12323399573677E-17,-1.));
#12922=DIRECTION('',(0.,-6.12323399573677E-17,-1.));
#12923=DIRECTION('',(0.,1.,-6.12323399573677E-17));
#12924=DIRECTION('',(0.,6.12323399573677E-17,1.));
#12925=DIRECTION('',(-6.21680132092939E-15,1.,-6.12323399573677E-17));
#12926=DIRECTION('',(0.,6.12323399573677E-17,1.));
#12927=DIRECTION('',(0.,-6.12323399573677E-17,-1.));
#12928=DIRECTION('',(0.,1.,-6.12323399573677E-17));
#12929=DIRECTION('',(0.,6.12323399573677E-17,1.));
#12930=DIRECTION('',(-7.80625564189561E-14,1.,-6.12323399573677E-17));
#12931=DIRECTION('',(0.,-6.12323399573677E-17,-1.));
#12932=DIRECTION('',(0.,-6.12323399573677E-17,-1.));
#12933=DIRECTION('',(0.,1.,-6.12323399573677E-17));
#12934=DIRECTION('',(0.,-6.12323399573677E-17,-1.));
#12935=DIRECTION('',(0.,1.,-6.12323399573677E-17));
#12936=DIRECTION('',(0.,6.12323399573677E-17,1.));
#12937=DIRECTION('',(0.,-6.12323399573677E-17,-1.));
#12938=DIRECTION('',(0.,1.,-6.12323399573677E-17));
#12939=DIRECTION('',(0.,6.12323399573677E-17,1.));
#12940=DIRECTION('',(-6.93889390390724E-14,1.,-6.12323399573677E-17));
#12941=DIRECTION('',(0.,-6.12323399573677E-17,-1.));
#12942=DIRECTION('',(0.,-6.12323399573677E-17,-1.));
#12943=DIRECTION('',(0.,1.,-6.12323399573677E-17));
#12944=DIRECTION('',(0.,6.12323399573677E-17,1.));
#12945=DIRECTION('',(0.,1.,-6.12323399573677E-17));
#12946=DIRECTION('',(0.,6.12323399573677E-17,1.));
#12947=DIRECTION('',(0.,-6.12323399573677E-17,-1.));
#12948=DIRECTION('',(0.,1.,-6.12323399573677E-17));
#12949=DIRECTION('',(0.,6.12323399573677E-17,1.));
#12950=DIRECTION('',(-5.20417042793043E-14,1.,-6.12323399573677E-17));
#12951=DIRECTION('',(0.,-6.12323399573677E-17,-1.));
#12952=DIRECTION('',(0.,-6.12323399573677E-17,-1.));
#12953=DIRECTION('',(0.,1.,-6.12323399573677E-17));
#12954=DIRECTION('',(0.,-6.12323399573677E-17,-1.));
#12955=DIRECTION('',(0.,1.,-6.12323399573677E-17));
#12956=DIRECTION('',(0.,6.12323399573677E-17,1.));
#12957=DIRECTION('',(0.,-6.12323399573677E-17,-1.));
#12958=DIRECTION('',(0.,1.,-6.12323399573677E-17));
#12959=DIRECTION('',(0.,6.12323399573677E-17,1.));
#12960=DIRECTION('',(8.67361737988405E-15,1.,-6.12323399573677E-17));
#12961=DIRECTION('',(0.,-6.12323399573677E-17,-1.));
#12962=DIRECTION('',(0.,-6.12323399573677E-17,-1.));
#12963=DIRECTION('',(0.,1.,-6.12323399573677E-17));
#12964=DIRECTION('',(0.,6.12323399573677E-17,1.));
#12965=DIRECTION('',(7.09103900668509E-15,1.,-6.12323399573677E-17));
#12966=DIRECTION('',(0.,6.12323399573677E-17,1.));
#12967=DIRECTION('',(0.,-6.12323399573677E-17,-1.));
#12968=DIRECTION('',(0.,1.,-6.12323399573677E-17));
#12969=DIRECTION('',(0.,6.12323399573677E-17,1.));
#12970=DIRECTION('',(-8.67361737988405E-15,1.,-6.12323399573677E-17));
#12971=DIRECTION('',(0.,-6.12323399573677E-17,-1.));
#12972=DIRECTION('',(0.,1.,-6.12323399573677E-17));
#12973=DIRECTION('',(-0.504554016129942,-0.863380127642017,2.2410210271857E-15));
#12974=DIRECTION('',(-0.863380127642017,0.504554016129942,-3.08950230425238E-17));
#12975=DIRECTION('',(0.504554016129941,-0.863380127642018,5.28667854882115E-17));
#12976=DIRECTION('',(0.863380127642017,0.504554016129942,-3.08950230425238E-17));
#12977=DIRECTION('',(0.,6.12323399573677E-17,1.));
#12978=DIRECTION('',(1.92747052886312E-15,1.,-6.12323399573677E-17));
#12979=DIRECTION('',(0.,-6.12323399573677E-17,-1.));
#12980=DIRECTION('',(0.,1.,-6.12323399573677E-17));
#12981=DIRECTION('',(-0.764402097514768,-0.644739818310474,3.94789277388384E-17));
#12982=DIRECTION('',(0.644739818310472,-0.76440209751477,4.68061290991493E-17));
#12983=DIRECTION('',(0.,-6.12323399573677E-17,-1.));
#12984=DIRECTION('',(0.,1.,-6.12323399573677E-17));
#12985=DIRECTION('',(0.,-6.12323399573677E-17,-1.));
#12986=DIRECTION('',(0.,1.,-6.12323399573677E-17));
#12987=DIRECTION('',(-0.644739818310488,-0.764402097514756,-5.54542036450199E-15));
#12988=DIRECTION('',(-0.764402097514752,0.644739818310493,-9.88155828663653E-16));
#12989=DIRECTION('',(0.,-6.12323399573677E-17,-1.));
#12990=DIRECTION('',(0.,1.,-6.12323399573677E-17));
#12991=DIRECTION('',(0.,-6.12323399573677E-17,-1.));
#12992=DIRECTION('',(0.,1.,-6.12323399573677E-17));
#12993=DIRECTION('',(-0.863380127642014,-0.504554016129948,3.08950230425241E-17));
#12994=DIRECTION('',(0.504554016129948,-0.863380127642014,5.28667854882113E-17));
#12995=DIRECTION('',(0.,-6.12323399573677E-17,-1.));
#12996=DIRECTION('',(0.,1.,-6.12323399573677E-17));
#12997=DIRECTION('',(0.,-6.12323399573677E-17,-1.));
#12998=DIRECTION('',(0.,1.,-6.12323399573677E-17));
#12999=DIRECTION('',(0.,6.12323399573677E-17,1.));
#13000=DIRECTION('',(0.,1.,-6.12323399573677E-17));
#13001=DIRECTION('',(0.863380127642012,-0.504554016129951,3.08950230425243E-17));
#13002=DIRECTION('',(0.504554016129951,0.863380127642012,-5.28667854882112E-17));
#13003=DIRECTION('',(0.,-6.12323399573677E-17,-1.));
#13004=DIRECTION('',(0.,1.,-6.12323399573677E-17));
#13005=DIRECTION('',(0.,-6.12323399573677E-17,-1.));
#13006=DIRECTION('',(0.,1.,-6.12323399573677E-17));
#13007=DIRECTION('',(0.644739818310497,-0.764402097514749,4.6806129099148E-17));
#13008=DIRECTION('',(-0.764402097514749,-0.644739818310497,-1.72234960255011E-15));
#13009=DIRECTION('',(0.,-6.12323399573677E-17,-1.));
#13010=DIRECTION('',(0.,1.,-6.12323399573677E-17));
#13011=DIRECTION('',(0.,-6.12323399573677E-17,-1.));
#13012=DIRECTION('',(0.,1.,-6.12323399573677E-17));
#13013=DIRECTION('',(0.764402097514768,-0.644739818310474,-6.59065239048508E-15));
#13014=DIRECTION('',(0.644739818310474,0.764402097514768,-4.68061290991492E-17));
#13015=DIRECTION('',(0.,-6.12323399573677E-17,-1.));
#13016=DIRECTION('',(0.,1.,-6.12323399573677E-17));
#13017=DIRECTION('',(0.,-6.12323399573677E-17,-1.));
#13018=DIRECTION('',(0.,1.,-6.12323399573677E-17));
#13019=DIRECTION('',(0.504554016129941,-0.863380127642018,5.28667854882115E-17));
#13020=DIRECTION('',(-0.863380127642018,-0.504554016129941,-1.73093350724642E-15));
#13021=DIRECTION('',(0.,-6.12323399573677E-17,-1.));
#13022=DIRECTION('',(0.,1.,-6.12323399573677E-17));
#13023=DIRECTION('',(0.,6.12323399573677E-17,1.));
#13024=DIRECTION('',(-6.42490176287706E-16,1.,-6.12323399573677E-17));
#13025=DIRECTION('',(-0.504554016129941,-0.863380127642018,5.28667854882115E-17));
#13026=DIRECTION('',(0.863380127642018,-0.504554016129941,3.08950230425237E-17));
#13027=DIRECTION('',(0.,-6.12323399573677E-17,-1.));
#13028=DIRECTION('',(0.,1.,-6.12323399573677E-17));
#13029=DIRECTION('',(0.,-6.12323399573677E-17,-1.));
#13030=DIRECTION('',(0.,1.,-6.12323399573677E-17));
#13031=DIRECTION('',(-0.764402097514768,-0.644739818310474,3.94789277388384E-17));
#13032=DIRECTION('',(-0.644739818310474,0.764402097514768,-1.80863465938808E-15));
#13033=DIRECTION('',(0.,-6.12323399573677E-17,-1.));
#13034=DIRECTION('',(0.,1.,-6.12323399573677E-17));
#13035=DIRECTION('',(0.,-6.12323399573677E-17,-1.));
#13036=DIRECTION('',(0.,1.,-6.12323399573677E-17));
#13037=DIRECTION('',(-0.644739818310488,-0.764402097514756,5.63903262270029E-15));
#13038=DIRECTION('',(0.764402097514752,-0.644739818310493,3.94789277388395E-17));
#13039=DIRECTION('',(0.,-6.12323399573677E-17,-1.));
#13040=DIRECTION('',(0.,1.,-6.12323399573677E-17));
#13041=DIRECTION('',(0.,-6.12323399573677E-17,-1.));
#13042=DIRECTION('',(0.,1.,-6.12323399573677E-17));
#13043=DIRECTION('',(-0.863380127642016,-0.504554016129944,3.08950230425239E-17));
#13044=DIRECTION('',(-0.504554016129944,0.863380127642016,-1.81469531577716E-15));
#13045=DIRECTION('',(0.,-6.12323399573677E-17,-1.));
#13046=DIRECTION('',(0.,1.,-6.12323399573677E-17));
#13047=DIRECTION('',(0.,6.12323399573677E-17,1.));
#13048=DIRECTION('',(1.92747052886312E-15,1.,-6.12323399573677E-17));
#13049=DIRECTION('',(0.863380127642012,-0.504554016129951,3.08950230425243E-17));
#13050=DIRECTION('',(-0.504554016129951,-0.863380127642012,5.28667854882112E-17));
#13051=DIRECTION('',(0.,-6.12323399573677E-17,-1.));
#13052=DIRECTION('',(0.,1.,-6.12323399573677E-17));
#13053=DIRECTION('',(0.644739818310493,-0.764402097514753,4.68061290991483E-17));
#13054=DIRECTION('',(0.764402097514752,0.644739818310493,-3.94789277388395E-17));
#13055=DIRECTION('',(0.,-6.12323399573677E-17,-1.));
#13056=DIRECTION('',(0.,1.,-6.12323399573677E-17));
#13057=DIRECTION('',(0.,-6.12323399573677E-17,-1.));
#13058=DIRECTION('',(0.,1.,-6.12323399573677E-17));
#13059=DIRECTION('',(0.764402097514766,-0.644739818310476,9.98467590507468E-15));
#13060=DIRECTION('',(-0.644739818310474,-0.764402097514768,-9.01870771825663E-16));
#13061=DIRECTION('',(0.,-6.12323399573677E-17,-1.));
#13062=DIRECTION('',(0.,1.,-6.12323399573677E-17));
#13063=DIRECTION('',(0.,-6.12323399573677E-17,-1.));
#13064=DIRECTION('',(0.,1.,-6.12323399573677E-17));
#13065=DIRECTION('',(0.,-6.12323399573677E-17,-1.));
#13066=DIRECTION('',(0.,1.,-6.12323399573677E-17));
#13067=DIRECTION('',(0.,-6.12323399573677E-17,-1.));
#13068=DIRECTION('',(0.,1.,-6.12323399573677E-17));
#13069=DIRECTION('',(-0.504554016129944,-0.863380127642016,2.2410210271857E-15));
#13070=DIRECTION('',(-0.863380127642017,0.504554016129942,-3.08950230425238E-17));
#13071=DIRECTION('',(0.504554016129942,-0.863380127642017,5.28667854882115E-17));
#13072=DIRECTION('',(0.863380127642017,0.504554016129942,-3.08950230425238E-17));
#13073=DIRECTION('',(0.,6.12323399573677E-17,1.));
#13074=DIRECTION('',(6.42490176287706E-16,1.,-6.12323399573677E-17));
#13075=DIRECTION('',(0.,-6.12323399573677E-17,-1.));
#13076=DIRECTION('',(0.,1.,-6.12323399573677E-17));
#13077=DIRECTION('',(-0.76440209751477,-0.644739818310471,3.94789277388382E-17));
#13078=DIRECTION('',(0.644739818310472,-0.76440209751477,4.68061290991493E-17));
#13079=DIRECTION('',(0.,-6.12323399573677E-17,-1.));
#13080=DIRECTION('',(0.,1.,-6.12323399573677E-17));
#13081=DIRECTION('',(0.,-6.12323399573677E-17,-1.));
#13082=DIRECTION('',(0.,1.,-6.12323399573677E-17));
#13083=DIRECTION('',(-0.644739818310488,-0.764402097514756,-8.34153361130256E-15));
#13084=DIRECTION('',(-0.764402097514752,0.644739818310493,-3.94789277388395E-17));
#13085=DIRECTION('',(0.,-6.12323399573677E-17,-1.));
#13086=DIRECTION('',(0.,1.,-6.12323399573677E-17));
#13087=DIRECTION('',(0.,-6.12323399573677E-17,-1.));
#13088=DIRECTION('',(0.,1.,-6.12323399573677E-17));
#13089=DIRECTION('',(-0.863380127642012,-0.504554016129951,3.08950230425243E-17));
#13090=DIRECTION('',(0.504554016129951,-0.863380127642012,5.28667854882112E-17));
#13091=DIRECTION('',(0.,-6.12323399573677E-17,-1.));
#13092=DIRECTION('',(0.,1.,-6.12323399573677E-17));
#13093=DIRECTION('',(0.,-6.12323399573677E-17,-1.));
#13094=DIRECTION('',(0.,1.,-6.12323399573677E-17));
#13095=DIRECTION('',(0.,6.12323399573677E-17,1.));
#13096=DIRECTION('',(0.,1.,-6.12323399573677E-17));
#13097=DIRECTION('',(0.863380127642016,-0.504554016129944,3.08950230425239E-17));
#13098=DIRECTION('',(0.504554016129944,0.863380127642016,-5.28667854882114E-17));
#13099=DIRECTION('',(0.,-6.12323399573677E-17,-1.));
#13100=DIRECTION('',(0.,1.,-6.12323399573677E-17));
#13101=DIRECTION('',(0.,-6.12323399573677E-17,-1.));
#13102=DIRECTION('',(0.,1.,-6.12323399573677E-17));
#13103=DIRECTION('',(0.644739818310493,-0.764402097514753,4.68061290991483E-17));
#13104=DIRECTION('',(-0.764402097514752,-0.644739818310493,-1.7223496025501E-15));
#13105=DIRECTION('',(0.,-6.12323399573677E-17,-1.));
#13106=DIRECTION('',(0.,1.,-6.12323399573677E-17));
#13107=DIRECTION('',(0.,-6.12323399573677E-17,-1.));
#13108=DIRECTION('',(0.,1.,-6.12323399573677E-17));
#13109=DIRECTION('',(0.764402097514768,-0.644739818310474,-6.59065239048508E-15));
#13110=DIRECTION('',(0.644739818310474,0.764402097514768,-4.68061290991492E-17));
#13111=DIRECTION('',(0.,-6.12323399573677E-17,-1.));
#13112=DIRECTION('',(0.,1.,-6.12323399573677E-17));
#13113=DIRECTION('',(0.,-6.12323399573677E-17,-1.));
#13114=DIRECTION('',(0.,1.,-6.12323399573677E-17));
#13115=DIRECTION('',(0.504554016129941,-0.863380127642018,5.28667854882115E-17));
#13116=DIRECTION('',(-0.863380127642018,-0.504554016129941,-1.73093350724642E-15));
#13117=DIRECTION('',(0.,-6.12323399573677E-17,-1.));
#13118=DIRECTION('',(0.,1.,-6.12323399573677E-17));
#13119=DIRECTION('',(0.,6.12323399573677E-17,1.));
#13120=DIRECTION('',(-6.42490176287706E-16,1.,-6.12323399573677E-17));
#13121=DIRECTION('',(-0.504554016129941,-0.863380127642018,5.28667854882115E-17));
#13122=DIRECTION('',(0.863380127642018,-0.504554016129941,3.08950230425237E-17));
#13123=DIRECTION('',(0.,-6.12323399573677E-17,-1.));
#13124=DIRECTION('',(0.,1.,-6.12323399573677E-17));
#13125=DIRECTION('',(0.,-6.12323399573677E-17,-1.));
#13126=DIRECTION('',(0.,1.,-6.12323399573677E-17));
#13127=DIRECTION('',(-0.764402097514768,-0.644739818310474,3.94789277388384E-17));
#13128=DIRECTION('',(-0.644739818310474,0.764402097514768,-1.80863465938808E-15));
#13129=DIRECTION('',(0.,-6.12323399573677E-17,-1.));
#13130=DIRECTION('',(0.,1.,-6.12323399573677E-17));
#13131=DIRECTION('',(0.,-6.12323399573677E-17,-1.));
#13132=DIRECTION('',(0.,1.,-6.12323399573677E-17));
#13133=DIRECTION('',(-0.644739818310488,-0.764402097514756,5.63903262270029E-15));
#13134=DIRECTION('',(0.764402097514752,-0.644739818310493,3.94789277388395E-17));
#13135=DIRECTION('',(0.,-6.12323399573677E-17,-1.));
#13136=DIRECTION('',(0.,1.,-6.12323399573677E-17));
#13137=DIRECTION('',(0.,-6.12323399573677E-17,-1.));
#13138=DIRECTION('',(0.,1.,-6.12323399573677E-17));
#13139=DIRECTION('',(-0.863380127642016,-0.504554016129944,3.08950230425239E-17));
#13140=DIRECTION('',(-0.504554016129944,0.863380127642016,-1.81469531577716E-15));
#13141=DIRECTION('',(0.,-6.12323399573677E-17,-1.));
#13142=DIRECTION('',(0.,1.,-6.12323399573677E-17));
#13143=DIRECTION('',(0.,6.12323399573677E-17,1.));
#13144=DIRECTION('',(1.92747052886312E-15,1.,-6.12323399573677E-17));
#13145=DIRECTION('',(0.863380127642012,-0.504554016129951,-3.71341941723861E-15));
#13146=DIRECTION('',(-0.504554016129951,-0.863380127642012,-8.95810115436606E-16));
#13147=DIRECTION('',(0.,-6.12323399573677E-17,-1.));
#13148=DIRECTION('',(0.,1.,-6.12323399573677E-17));
#13149=DIRECTION('',(0.644739818310493,-0.764402097514753,4.68061290991483E-17));
#13150=DIRECTION('',(0.764402097514752,0.644739818310493,-3.94789277388395E-17));
#13151=DIRECTION('',(0.,-6.12323399573677E-17,-1.));
#13152=DIRECTION('',(0.,1.,-6.12323399573677E-17));
#13153=DIRECTION('',(0.,-6.12323399573677E-17,-1.));
#13154=DIRECTION('',(0.,1.,-6.12323399573677E-17));
#13155=DIRECTION('',(0.764402097514766,-0.644739818310476,3.35454458685079E-15));
#13156=DIRECTION('',(-0.644739818310474,-0.764402097514768,9.95483030023961E-16));
#13157=DIRECTION('',(0.,-6.12323399573677E-17,-1.));
#13158=DIRECTION('',(0.,1.,-6.12323399573677E-17));
#13159=DIRECTION('',(0.,-6.12323399573677E-17,-1.));
#13160=DIRECTION('',(0.,1.,-6.12323399573677E-17));
#13161=DIRECTION('',(0.,-6.12323399573677E-17,-1.));
#13162=DIRECTION('',(0.,1.,-6.12323399573677E-17));
#13163=DIRECTION('',(0.,-6.12323399573677E-17,-1.));
#13164=DIRECTION('',(0.,1.,-6.12323399573677E-17));
#13165=DIRECTION('',(-0.504554016129942,-0.863380127642017,2.2410210271857E-15));
#13166=DIRECTION('',(-0.863380127642017,0.504554016129942,-3.08950230425238E-17));
#13167=DIRECTION('',(0.504554016129941,-0.863380127642018,5.28667854882115E-17));
#13168=DIRECTION('',(0.863380127642017,0.504554016129942,-3.08950230425238E-17));
#13169=DIRECTION('',(0.,6.12323399573677E-17,1.));
#13170=DIRECTION('',(1.92747052886312E-15,1.,-6.12323399573677E-17));
#13171=DIRECTION('',(0.,-6.12323399573677E-17,-1.));
#13172=DIRECTION('',(0.,1.,-6.12323399573677E-17));
#13173=DIRECTION('',(-0.764402097514768,-0.644739818310474,3.94789277388384E-17));
#13174=DIRECTION('',(0.644739818310472,-0.76440209751477,4.68061290991493E-17));
#13175=DIRECTION('',(0.,-6.12323399573677E-17,-1.));
#13176=DIRECTION('',(0.,1.,-6.12323399573677E-17));
#13177=DIRECTION('',(0.,-6.12323399573677E-17,-1.));
#13178=DIRECTION('',(0.,1.,-6.12323399573677E-17));
#13179=DIRECTION('',(-0.644739818310488,-0.764402097514756,-5.54542036450199E-15));
#13180=DIRECTION('',(-0.764402097514752,0.644739818310493,-9.88155828663653E-16));
#13181=DIRECTION('',(0.,-6.12323399573677E-17,-1.));
#13182=DIRECTION('',(0.,1.,-6.12323399573677E-17));
#13183=DIRECTION('',(0.,-6.12323399573677E-17,-1.));
#13184=DIRECTION('',(0.,1.,-6.12323399573677E-17));
#13185=DIRECTION('',(-0.863380127642014,-0.504554016129948,3.08950230425241E-17));
#13186=DIRECTION('',(0.504554016129948,-0.863380127642014,5.28667854882113E-17));
#13187=DIRECTION('',(0.,-6.12323399573677E-17,-1.));
#13188=DIRECTION('',(0.,1.,-6.12323399573677E-17));
#13189=DIRECTION('',(0.,-6.12323399573677E-17,-1.));
#13190=DIRECTION('',(0.,1.,-6.12323399573677E-17));
#13191=DIRECTION('',(0.,6.12323399573677E-17,1.));
#13192=DIRECTION('',(0.,1.,-6.12323399573677E-17));
#13193=DIRECTION('',(0.863380127642012,-0.504554016129951,3.08950230425243E-17));
#13194=DIRECTION('',(0.504554016129951,0.863380127642012,-5.28667854882112E-17));
#13195=DIRECTION('',(0.,-6.12323399573677E-17,-1.));
#13196=DIRECTION('',(0.,1.,-6.12323399573677E-17));
#13197=DIRECTION('',(0.,-6.12323399573677E-17,-1.));
#13198=DIRECTION('',(0.,1.,-6.12323399573677E-17));
#13199=DIRECTION('',(0.644739818310497,-0.764402097514749,4.6806129099148E-17));
#13200=DIRECTION('',(-0.764402097514749,-0.644739818310497,-1.72234960255011E-15));
#13201=DIRECTION('',(0.,-6.12323399573677E-17,-1.));
#13202=DIRECTION('',(0.,1.,-6.12323399573677E-17));
#13203=DIRECTION('',(0.,-6.12323399573677E-17,-1.));
#13204=DIRECTION('',(0.,1.,-6.12323399573677E-17));
#13205=DIRECTION('',(0.764402097514768,-0.644739818310474,-6.59065239048508E-15));
#13206=DIRECTION('',(0.644739818310474,0.764402097514768,-4.68061290991492E-17));
#13207=DIRECTION('',(0.,-6.12323399573677E-17,-1.));
#13208=DIRECTION('',(0.,1.,-6.12323399573677E-17));
#13209=DIRECTION('',(0.,-6.12323399573677E-17,-1.));
#13210=DIRECTION('',(0.,1.,-6.12323399573677E-17));
#13211=DIRECTION('',(0.504554016129941,-0.863380127642018,5.28667854882115E-17));
#13212=DIRECTION('',(-0.863380127642018,-0.504554016129941,-1.73093350724642E-15));
#13213=DIRECTION('',(0.,-6.12323399573677E-17,-1.));
#13214=DIRECTION('',(0.,1.,-6.12323399573677E-17));
#13215=DIRECTION('',(0.,6.12323399573677E-17,1.));
#13216=DIRECTION('',(-6.42490176287706E-16,1.,-6.12323399573677E-17));
#13217=DIRECTION('',(-0.504554016129941,-0.863380127642018,5.28667854882115E-17));
#13218=DIRECTION('',(0.863380127642018,-0.504554016129941,3.08950230425237E-17));
#13219=DIRECTION('',(0.,-6.12323399573677E-17,-1.));
#13220=DIRECTION('',(0.,1.,-6.12323399573677E-17));
#13221=DIRECTION('',(0.,-6.12323399573677E-17,-1.));
#13222=DIRECTION('',(0.,1.,-6.12323399573677E-17));
#13223=DIRECTION('',(-0.764402097514768,-0.644739818310474,3.94789277388384E-17));
#13224=DIRECTION('',(-0.644739818310474,0.764402097514768,-1.80863465938808E-15));
#13225=DIRECTION('',(0.,-6.12323399573677E-17,-1.));
#13226=DIRECTION('',(0.,1.,-6.12323399573677E-17));
#13227=DIRECTION('',(0.,-6.12323399573677E-17,-1.));
#13228=DIRECTION('',(0.,1.,-6.12323399573677E-17));
#13229=DIRECTION('',(-0.644739818310488,-0.764402097514756,5.63903262270029E-15));
#13230=DIRECTION('',(0.764402097514752,-0.644739818310493,3.94789277388395E-17));
#13231=DIRECTION('',(0.,-6.12323399573677E-17,-1.));
#13232=DIRECTION('',(0.,1.,-6.12323399573677E-17));
#13233=DIRECTION('',(0.,-6.12323399573677E-17,-1.));
#13234=DIRECTION('',(0.,1.,-6.12323399573677E-17));
#13235=DIRECTION('',(-0.863380127642016,-0.504554016129944,3.08950230425239E-17));
#13236=DIRECTION('',(-0.504554016129944,0.863380127642016,-1.81469531577716E-15));
#13237=DIRECTION('',(0.,-6.12323399573677E-17,-1.));
#13238=DIRECTION('',(0.,1.,-6.12323399573677E-17));
#13239=DIRECTION('',(0.,6.12323399573677E-17,1.));
#13240=DIRECTION('',(1.92747052886312E-15,1.,-6.12323399573677E-17));
#13241=DIRECTION('',(0.863380127642012,-0.504554016129951,3.08950230425243E-17));
#13242=DIRECTION('',(-0.504554016129951,-0.863380127642012,5.28667854882112E-17));
#13243=DIRECTION('',(0.,-6.12323399573677E-17,-1.));
#13244=DIRECTION('',(0.,1.,-6.12323399573677E-17));
#13245=DIRECTION('',(0.644739818310493,-0.764402097514753,4.68061290991483E-17));
#13246=DIRECTION('',(0.764402097514752,0.644739818310493,-3.94789277388395E-17));
#13247=DIRECTION('',(0.,-6.12323399573677E-17,-1.));
#13248=DIRECTION('',(0.,1.,-6.12323399573677E-17));
#13249=DIRECTION('',(0.,-6.12323399573677E-17,-1.));
#13250=DIRECTION('',(0.,1.,-6.12323399573677E-17));
#13251=DIRECTION('',(0.764402097514766,-0.644739818310476,9.98467590507468E-15));
#13252=DIRECTION('',(-0.644739818310474,-0.764402097514768,-9.01870771825663E-16));
#13253=DIRECTION('',(0.,-6.12323399573677E-17,-1.));
#13254=DIRECTION('',(0.,1.,-6.12323399573677E-17));
#13255=DIRECTION('',(0.,-6.12323399573677E-17,-1.));
#13256=DIRECTION('',(0.,1.,-6.12323399573677E-17));
#13257=DIRECTION('',(0.,-6.12323399573677E-17,-1.));
#13258=DIRECTION('',(0.,1.,-6.12323399573677E-17));
#13259=DIRECTION('',(0.,-6.12323399573677E-17,-1.));
#13260=DIRECTION('',(0.,1.,-6.12323399573677E-17));
#13261=DIRECTION('',(-0.504554016129944,-0.863380127642016,2.2410210271857E-15));
#13262=DIRECTION('',(-0.863380127642017,0.504554016129942,-3.08950230425238E-17));
#13263=DIRECTION('',(0.504554016129941,-0.863380127642018,5.28667854882115E-17));
#13264=DIRECTION('',(0.863380127642017,0.504554016129942,-3.08950230425238E-17));
#13265=DIRECTION('',(0.,6.12323399573677E-17,1.));
#13266=DIRECTION('',(0.,1.,-6.12323399573677E-17));
#13267=DIRECTION('',(0.,-6.12323399573677E-17,-1.));
#13268=DIRECTION('',(0.,1.,-6.12323399573677E-17));
#13269=DIRECTION('',(-0.76440209751477,-0.644739818310471,3.94789277388382E-17));
#13270=DIRECTION('',(0.644739818310472,-0.76440209751477,4.68061290991493E-17));
#13271=DIRECTION('',(0.,-6.12323399573677E-17,-1.));
#13272=DIRECTION('',(0.,1.,-6.12323399573677E-17));
#13273=DIRECTION('',(0.,-6.12323399573677E-17,-1.));
#13274=DIRECTION('',(0.,1.,-6.12323399573677E-17));
#13275=DIRECTION('',(-0.644739818310488,-0.764402097514756,-8.34153361130256E-15));
#13276=DIRECTION('',(-0.764402097514752,0.644739818310493,-3.94789277388395E-17));
#13277=DIRECTION('',(0.,-6.12323399573677E-17,-1.));
#13278=DIRECTION('',(0.,1.,-6.12323399573677E-17));
#13279=DIRECTION('',(0.,-6.12323399573677E-17,-1.));
#13280=DIRECTION('',(0.,1.,-6.12323399573677E-17));
#13281=DIRECTION('',(-0.863380127642012,-0.504554016129951,3.08950230425243E-17));
#13282=DIRECTION('',(0.504554016129951,-0.863380127642012,5.28667854882112E-17));
#13283=DIRECTION('',(0.,-6.12323399573677E-17,-1.));
#13284=DIRECTION('',(0.,1.,-6.12323399573677E-17));
#13285=DIRECTION('',(0.,-6.12323399573677E-17,-1.));
#13286=DIRECTION('',(0.,1.,-6.12323399573677E-17));
#13287=DIRECTION('',(0.,6.12323399573677E-17,1.));
#13288=DIRECTION('',(0.,1.,-6.12323399573677E-17));
#13289=DIRECTION('',(0.863380127642016,-0.504554016129944,3.08950230425239E-17));
#13290=DIRECTION('',(0.504554016129944,0.863380127642016,-5.28667854882114E-17));
#13291=DIRECTION('',(0.,-6.12323399573677E-17,-1.));
#13292=DIRECTION('',(0.,1.,-6.12323399573677E-17));
#13293=DIRECTION('',(0.,-6.12323399573677E-17,-1.));
#13294=DIRECTION('',(0.,1.,-6.12323399573677E-17));
#13295=DIRECTION('',(0.644739818310493,-0.764402097514753,4.68061290991483E-17));
#13296=DIRECTION('',(-0.764402097514752,-0.644739818310493,-1.7223496025501E-15));
#13297=DIRECTION('',(0.,-6.12323399573677E-17,-1.));
#13298=DIRECTION('',(0.,1.,-6.12323399573677E-17));
#13299=DIRECTION('',(0.,-6.12323399573677E-17,-1.));
#13300=DIRECTION('',(0.,1.,-6.12323399573677E-17));
#13301=DIRECTION('',(0.764402097514768,-0.644739818310474,-6.59065239048508E-15));
#13302=DIRECTION('',(0.644739818310474,0.764402097514768,-4.68061290991492E-17));
#13303=DIRECTION('',(0.,-6.12323399573677E-17,-1.));
#13304=DIRECTION('',(0.,1.,-6.12323399573677E-17));
#13305=DIRECTION('',(0.,-6.12323399573677E-17,-1.));
#13306=DIRECTION('',(0.,1.,-6.12323399573677E-17));
#13307=DIRECTION('',(0.504554016129941,-0.863380127642018,5.28667854882115E-17));
#13308=DIRECTION('',(-0.863380127642018,-0.504554016129941,-1.73093350724642E-15));
#13309=DIRECTION('',(0.,-6.12323399573677E-17,-1.));
#13310=DIRECTION('',(0.,1.,-6.12323399573677E-17));
#13311=DIRECTION('',(0.,6.12323399573677E-17,1.));
#13312=DIRECTION('',(1.92747052886312E-15,1.,-6.12323399573677E-17));
#13313=DIRECTION('',(-0.504554016129944,-0.863380127642016,-4.32344169790678E-15));
#13314=DIRECTION('',(0.863380127642016,-0.504554016129944,3.08950230425239E-17));
#13315=DIRECTION('',(0.,-6.12323399573677E-17,-1.));
#13316=DIRECTION('',(0.,1.,-6.12323399573677E-17));
#13317=DIRECTION('',(0.,-6.12323399573677E-17,-1.));
#13318=DIRECTION('',(0.,1.,-6.12323399573677E-17));
#13319=DIRECTION('',(-0.764402097514768,-0.644739818310474,3.94789277388384E-17));
#13320=DIRECTION('',(-0.644739818310474,0.764402097514768,-1.80863465938808E-15));
#13321=DIRECTION('',(0.,-6.12323399573677E-17,-1.));
#13322=DIRECTION('',(0.,1.,-6.12323399573677E-17));
#13323=DIRECTION('',(0.,-6.12323399573677E-17,-1.));
#13324=DIRECTION('',(0.,1.,-6.12323399573677E-17));
#13325=DIRECTION('',(-0.644739818310478,-0.764402097514765,4.6806129099149E-17));
#13326=DIRECTION('',(0.764402097514765,-0.644739818310478,3.94789277388386E-17));
#13327=DIRECTION('',(0.,-6.12323399573677E-17,-1.));
#13328=DIRECTION('',(0.,1.,-6.12323399573677E-17));
#13329=DIRECTION('',(0.,-6.12323399573677E-17,-1.));
#13330=DIRECTION('',(0.,1.,-6.12323399573677E-17));
#13331=DIRECTION('',(-0.863380127642012,-0.504554016129951,3.08950230425243E-17));
#13332=DIRECTION('',(-0.504554016129951,0.863380127642012,-1.81469531577716E-15));
#13333=DIRECTION('',(0.,-6.12323399573677E-17,-1.));
#13334=DIRECTION('',(0.,1.,-6.12323399573677E-17));
#13335=DIRECTION('',(0.,6.12323399573677E-17,1.));
#13336=DIRECTION('',(0.,1.,-6.12323399573677E-17));
#13337=DIRECTION('',(0.863380127642012,-0.504554016129951,3.08950230425243E-17));
#13338=DIRECTION('',(-0.504554016129951,-0.863380127642012,5.28667854882112E-17));
#13339=DIRECTION('',(0.,-6.12323399573677E-17,-1.));
#13340=DIRECTION('',(0.,1.,-6.12323399573677E-17));
#13341=DIRECTION('',(0.644739818310478,-0.764402097514764,4.68061290991489E-17));
#13342=DIRECTION('',(0.764402097514765,0.644739818310478,-3.94789277388386E-17));
#13343=DIRECTION('',(0.,-6.12323399573677E-17,-1.));
#13344=DIRECTION('',(0.,1.,-6.12323399573677E-17));
#13345=DIRECTION('',(0.,-6.12323399573677E-17,-1.));
#13346=DIRECTION('',(0.,1.,-6.12323399573677E-17));
#13347=DIRECTION('',(0.764402097514766,-0.644739818310476,-1.19977708212738E-15));
#13348=DIRECTION('',(-0.644739818310474,-0.764402097514768,9.95483030023961E-16));
#13349=DIRECTION('',(0.,-6.12323399573677E-17,-1.));
#13350=DIRECTION('',(0.,1.,-6.12323399573677E-17));
#13351=DIRECTION('',(0.,-6.12323399573677E-17,-1.));
#13352=DIRECTION('',(0.,1.,-6.12323399573677E-17));
#13353=DIRECTION('',(0.,-6.12323399573677E-17,-1.));
#13354=DIRECTION('',(0.,1.,-6.12323399573677E-17));
#13355=DIRECTION('',(0.,-6.12323399573677E-17,-1.));
#13356=DIRECTION('',(0.,1.,-6.12323399573677E-17));
#13357=DIRECTION('',(-0.504554016129942,-0.863380127642017,2.2410210271857E-15));
#13358=DIRECTION('',(-0.863380127642017,0.504554016129942,-3.08950230425238E-17));
#13359=DIRECTION('',(0.504554016129941,-0.863380127642018,5.28667854882115E-17));
#13360=DIRECTION('',(0.863380127642017,0.504554016129942,-3.08950230425238E-17));
#13361=DIRECTION('',(0.,6.12323399573677E-17,1.));
#13362=DIRECTION('',(-6.42490176287706E-16,1.,-6.12323399573677E-17));
#13363=DIRECTION('',(0.,-6.12323399573677E-17,-1.));
#13364=DIRECTION('',(0.,1.,-6.12323399573677E-17));
#13365=DIRECTION('',(-0.764402097514763,-0.64473981831048,3.94789277388387E-17));
#13366=DIRECTION('',(0.644739818310477,-0.764402097514766,4.68061290991491E-17));
#13367=DIRECTION('',(0.,-6.12323399573677E-17,-1.));
#13368=DIRECTION('',(0.,1.,-6.12323399573677E-17));
#13369=DIRECTION('',(0.,-6.12323399573677E-17,-1.));
#13370=DIRECTION('',(0.,1.,-6.12323399573677E-17));
#13371=DIRECTION('',(-0.644739818310478,-0.764402097514765,4.6806129099149E-17));
#13372=DIRECTION('',(-0.764402097514765,0.644739818310478,-3.94789277388386E-17));
#13373=DIRECTION('',(0.,-6.12323399573677E-17,-1.));
#13374=DIRECTION('',(0.,1.,-6.12323399573677E-17));
#13375=DIRECTION('',(0.,-6.12323399573677E-17,-1.));
#13376=DIRECTION('',(0.,1.,-6.12323399573677E-17));
#13377=DIRECTION('',(-0.863380127642012,-0.504554016129951,3.08950230425243E-17));
#13378=DIRECTION('',(0.504554016129951,-0.863380127642012,5.28667854882112E-17));
#13379=DIRECTION('',(0.,-6.12323399573677E-17,-1.));
#13380=DIRECTION('',(0.,1.,-6.12323399573677E-17));
#13381=DIRECTION('',(0.,-6.12323399573677E-17,-1.));
#13382=DIRECTION('',(0.,1.,-6.12323399573677E-17));
#13383=DIRECTION('',(0.,6.12323399573677E-17,1.));
#13384=DIRECTION('',(0.,1.,-6.12323399573677E-17));
#13385=DIRECTION('',(0.863380127642016,-0.504554016129944,3.08950230425239E-17));
#13386=DIRECTION('',(0.504554016129944,0.863380127642016,-5.28667854882114E-17));
#13387=DIRECTION('',(0.,-6.12323399573677E-17,-1.));
#13388=DIRECTION('',(0.,1.,-6.12323399573677E-17));
#13389=DIRECTION('',(0.,-6.12323399573677E-17,-1.));
#13390=DIRECTION('',(0.,1.,-6.12323399573677E-17));
#13391=DIRECTION('',(0.644739818310478,-0.764402097514764,4.68061290991489E-17));
#13392=DIRECTION('',(-0.764402097514765,-0.644739818310478,-1.72234960255011E-15));
#13393=DIRECTION('',(0.,-6.12323399573677E-17,-1.));
#13394=DIRECTION('',(0.,1.,-6.12323399573677E-17));
#13395=DIRECTION('',(0.,-6.12323399573677E-17,-1.));
#13396=DIRECTION('',(0.,1.,-6.12323399573677E-17));
#13397=DIRECTION('',(0.764402097514768,-0.644739818310474,4.59380059671695E-15));
#13398=DIRECTION('',(0.644739818310474,0.764402097514768,-4.68061290991492E-17));
#13399=DIRECTION('',(0.,-6.12323399573677E-17,-1.));
#13400=DIRECTION('',(0.,1.,-6.12323399573677E-17));
#13401=DIRECTION('',(0.,-6.12323399573677E-17,-1.));
#13402=DIRECTION('',(0.,1.,-6.12323399573677E-17));
#13403=DIRECTION('',(0.504554016129941,-0.863380127642018,5.28667854882115E-17));
#13404=DIRECTION('',(-0.863380127642018,-0.504554016129941,-1.73093350724642E-15));
#13405=DIRECTION('',(0.,-6.12323399573677E-17,-1.));
#13406=DIRECTION('',(0.,1.,-6.12323399573677E-17));
#13407=DIRECTION('',(0.,6.12323399573677E-17,1.));
#13408=DIRECTION('',(1.92747052886312E-15,1.,-6.12323399573677E-17));
#13409=DIRECTION('',(-0.504554016129944,-0.863380127642016,-4.32344169790678E-15));
#13410=DIRECTION('',(0.863380127642016,-0.504554016129944,3.08950230425239E-17));
#13411=DIRECTION('',(0.,-6.12323399573677E-17,-1.));
#13412=DIRECTION('',(0.,1.,-6.12323399573677E-17));
#13413=DIRECTION('',(0.,-6.12323399573677E-17,-1.));
#13414=DIRECTION('',(0.,1.,-6.12323399573677E-17));
#13415=DIRECTION('',(-0.764402097514768,-0.644739818310474,3.94789277388384E-17));
#13416=DIRECTION('',(-0.644739818310474,0.764402097514768,-1.80863465938808E-15));
#13417=DIRECTION('',(0.,-6.12323399573677E-17,-1.));
#13418=DIRECTION('',(0.,1.,-6.12323399573677E-17));
#13419=DIRECTION('',(0.,-6.12323399573677E-17,-1.));
#13420=DIRECTION('',(0.,1.,-6.12323399573677E-17));
#13421=DIRECTION('',(-0.644739818310478,-0.764402097514765,4.6806129099149E-17));
#13422=DIRECTION('',(0.764402097514765,-0.644739818310478,3.94789277388386E-17));
#13423=DIRECTION('',(0.,-6.12323399573677E-17,-1.));
#13424=DIRECTION('',(0.,1.,-6.12323399573677E-17));
#13425=DIRECTION('',(0.,-6.12323399573677E-17,-1.));
#13426=DIRECTION('',(0.,1.,-6.12323399573677E-17));
#13427=DIRECTION('',(-0.863380127642012,-0.504554016129951,3.08950230425243E-17));
#13428=DIRECTION('',(-0.504554016129951,0.863380127642012,-1.81469531577716E-15));
#13429=DIRECTION('',(0.,-6.12323399573677E-17,-1.));
#13430=DIRECTION('',(0.,1.,-6.12323399573677E-17));
#13431=DIRECTION('',(0.,6.12323399573677E-17,1.));
#13432=DIRECTION('',(0.,1.,-6.12323399573677E-17));
#13433=DIRECTION('',(0.863380127642012,-0.504554016129951,3.08950230425243E-17));
#13434=DIRECTION('',(-0.504554016129951,-0.863380127642012,5.28667854882112E-17));
#13435=DIRECTION('',(0.,-6.12323399573677E-17,-1.));
#13436=DIRECTION('',(0.,1.,-6.12323399573677E-17));
#13437=DIRECTION('',(0.644739818310478,-0.764402097514764,4.68061290991489E-17));
#13438=DIRECTION('',(0.764402097514765,0.644739818310478,-3.94789277388386E-17));
#13439=DIRECTION('',(0.,-6.12323399573677E-17,-1.));
#13440=DIRECTION('',(0.,1.,-6.12323399573677E-17));
#13441=DIRECTION('',(0.,-6.12323399573677E-17,-1.));
#13442=DIRECTION('',(0.,1.,-6.12323399573677E-17));
#13443=DIRECTION('',(0.764402097514766,-0.644739818310476,-1.19977708212738E-15));
#13444=DIRECTION('',(-0.644739818310474,-0.764402097514768,9.95483030023961E-16));
#13445=DIRECTION('',(0.,-6.12323399573677E-17,-1.));
#13446=DIRECTION('',(0.,1.,-6.12323399573677E-17));
#13447=DIRECTION('',(0.,-6.12323399573677E-17,-1.));
#13448=DIRECTION('',(0.,1.,-6.12323399573677E-17));
#13449=DIRECTION('',(0.,-6.12323399573677E-17,-1.));
#13450=DIRECTION('',(0.,1.,-6.12323399573677E-17));
#13451=DIRECTION('',(0.,-6.12323399573677E-17,-1.));
#13452=DIRECTION('',(0.,1.,-6.12323399573677E-17));
#13453=DIRECTION('',(-0.504554016129942,-0.863380127642017,2.2410210271857E-15));
#13454=DIRECTION('',(-0.863380127642017,0.504554016129942,-3.08950230425238E-17));
#13455=DIRECTION('',(0.504554016129951,-0.863380127642012,5.28667854882112E-17));
#13456=DIRECTION('',(0.863380127642012,0.504554016129951,-3.08950230425243E-17));
#13457=DIRECTION('',(0.,6.12323399573677E-17,1.));
#13458=DIRECTION('',(-6.42490176287706E-16,1.,-6.12323399573677E-17));
#13459=DIRECTION('',(0.,-6.12323399573677E-17,-1.));
#13460=DIRECTION('',(0.,1.,-6.12323399573677E-17));
#13461=DIRECTION('',(-0.764402097514763,-0.64473981831048,3.94789277388387E-17));
#13462=DIRECTION('',(0.644739818310477,-0.764402097514766,4.68061290991491E-17));
#13463=DIRECTION('',(0.,-6.12323399573677E-17,-1.));
#13464=DIRECTION('',(0.,1.,-6.12323399573677E-17));
#13465=DIRECTION('',(0.,-6.12323399573677E-17,-1.));
#13466=DIRECTION('',(0.,1.,-6.12323399573677E-17));
#13467=DIRECTION('',(-0.644739818310478,-0.764402097514765,4.6806129099149E-17));
#13468=DIRECTION('',(-0.764402097514765,0.644739818310478,-3.94789277388386E-17));
#13469=DIRECTION('',(0.,-6.12323399573677E-17,-1.));
#13470=DIRECTION('',(0.,1.,-6.12323399573677E-17));
#13471=DIRECTION('',(0.,-6.12323399573677E-17,-1.));
#13472=DIRECTION('',(0.,1.,-6.12323399573677E-17));
#13473=DIRECTION('',(-0.863380127642012,-0.504554016129951,3.08950230425243E-17));
#13474=DIRECTION('',(0.504554016129951,-0.863380127642012,5.28667854882112E-17));
#13475=DIRECTION('',(0.,-6.12323399573677E-17,-1.));
#13476=DIRECTION('',(0.,1.,-6.12323399573677E-17));
#13477=DIRECTION('',(0.,-6.12323399573677E-17,-1.));
#13478=DIRECTION('',(0.,1.,-6.12323399573677E-17));
#13479=DIRECTION('',(0.,6.12323399573677E-17,1.));
#13480=DIRECTION('',(0.,1.,-6.12323399573677E-17));
#13481=DIRECTION('',(0.863380127642016,-0.504554016129944,3.08950230425239E-17));
#13482=DIRECTION('',(0.504554016129944,0.863380127642016,-5.28667854882114E-17));
#13483=DIRECTION('',(0.,-6.12323399573677E-17,-1.));
#13484=DIRECTION('',(0.,1.,-6.12323399573677E-17));
#13485=DIRECTION('',(0.,-6.12323399573677E-17,-1.));
#13486=DIRECTION('',(0.,1.,-6.12323399573677E-17));
#13487=DIRECTION('',(0.644739818310478,-0.764402097514764,4.68061290991489E-17));
#13488=DIRECTION('',(-0.764402097514765,-0.644739818310478,-1.72234960255011E-15));
#13489=DIRECTION('',(0.,-6.12323399573677E-17,-1.));
#13490=DIRECTION('',(0.,1.,-6.12323399573677E-17));
#13491=DIRECTION('',(0.,-6.12323399573677E-17,-1.));
#13492=DIRECTION('',(0.,1.,-6.12323399573677E-17));
#13493=DIRECTION('',(0.764402097514768,-0.644739818310474,4.59380059671695E-15));
#13494=DIRECTION('',(0.644739818310474,0.764402097514768,-4.68061290991492E-17));
#13495=DIRECTION('',(0.,-6.12323399573677E-17,-1.));
#13496=DIRECTION('',(0.,1.,-6.12323399573677E-17));
#13497=DIRECTION('',(0.,-6.12323399573677E-17,-1.));
#13498=DIRECTION('',(0.,1.,-6.12323399573677E-17));
#13499=DIRECTION('',(0.504554016129941,-0.863380127642018,5.28667854882115E-17));
#13500=DIRECTION('',(-0.863380127642018,-0.504554016129941,-1.73093350724642E-15));
#13501=DIRECTION('',(0.,-6.12323399573677E-17,-1.));
#13502=DIRECTION('',(0.,1.,-6.12323399573677E-17));
#13503=DIRECTION('',(0.,6.12323399573677E-17,1.));
#13504=DIRECTION('',(-6.42490176287706E-16,1.,-6.12323399573677E-17));
#13505=DIRECTION('',(-0.504554016129944,-0.863380127642016,-4.32344169790678E-15));
#13506=DIRECTION('',(0.863380127642016,-0.504554016129944,3.08950230425239E-17));
#13507=DIRECTION('',(0.,-6.12323399573677E-17,-1.));
#13508=DIRECTION('',(0.,1.,-6.12323399573677E-17));
#13509=DIRECTION('',(0.,-6.12323399573677E-17,-1.));
#13510=DIRECTION('',(0.,1.,-6.12323399573677E-17));
#13511=DIRECTION('',(-0.764402097514764,-0.644739818310478,3.94789277388386E-17));
#13512=DIRECTION('',(-0.644739818310478,0.764402097514765,-1.8086346593881E-15));
#13513=DIRECTION('',(0.,-6.12323399573677E-17,-1.));
#13514=DIRECTION('',(0.,1.,-6.12323399573677E-17));
#13515=DIRECTION('',(0.,-6.12323399573677E-17,-1.));
#13516=DIRECTION('',(0.,1.,-6.12323399573677E-17));
#13517=DIRECTION('',(-0.644739818310478,-0.764402097514765,4.6806129099149E-17));
#13518=DIRECTION('',(0.764402097514765,-0.644739818310478,3.94789277388386E-17));
#13519=DIRECTION('',(0.,-6.12323399573677E-17,-1.));
#13520=DIRECTION('',(0.,1.,-6.12323399573677E-17));
#13521=DIRECTION('',(0.,-6.12323399573677E-17,-1.));
#13522=DIRECTION('',(0.,1.,-6.12323399573677E-17));
#13523=DIRECTION('',(-0.863380127642015,-0.504554016129947,3.08950230425241E-17));
#13524=DIRECTION('',(-0.504554016129951,0.863380127642012,-1.81469531577716E-15));
#13525=DIRECTION('',(0.,-6.12323399573677E-17,-1.));
#13526=DIRECTION('',(0.,1.,-6.12323399573677E-17));
#13527=DIRECTION('',(0.,6.12323399573677E-17,1.));
#13528=DIRECTION('',(1.92747052886312E-15,1.,-6.12323399573677E-17));
#13529=DIRECTION('',(0.863380127642012,-0.504554016129951,3.08950230425243E-17));
#13530=DIRECTION('',(-0.504554016129951,-0.863380127642012,5.28667854882112E-17));
#13531=DIRECTION('',(0.,-6.12323399573677E-17,-1.));
#13532=DIRECTION('',(0.,1.,-6.12323399573677E-17));
#13533=DIRECTION('',(0.644739818310478,-0.764402097514764,4.68061290991489E-17));
#13534=DIRECTION('',(0.764402097514765,0.644739818310478,-3.94789277388386E-17));
#13535=DIRECTION('',(0.,-6.12323399573677E-17,-1.));
#13536=DIRECTION('',(0.,1.,-6.12323399573677E-17));
#13537=DIRECTION('',(0.,-6.12323399573677E-17,-1.));
#13538=DIRECTION('',(0.,1.,-6.12323399573677E-17));
#13539=DIRECTION('',(0.764402097514762,-0.644739818310481,3.35454458685078E-15));
#13540=DIRECTION('',(-0.644739818310481,-0.764402097514762,9.95483030023965E-16));
#13541=DIRECTION('',(0.,-6.12323399573677E-17,-1.));
#13542=DIRECTION('',(0.,1.,-6.12323399573677E-17));
#13543=DIRECTION('',(0.,-6.12323399573677E-17,-1.));
#13544=DIRECTION('',(0.,1.,-6.12323399573677E-17));
#13545=DIRECTION('',(0.,-6.12323399573677E-17,-1.));
#13546=DIRECTION('',(0.,1.,-6.12323399573677E-17));
#13547=DIRECTION('',(0.,-6.12323399573677E-17,-1.));
#13548=DIRECTION('',(0.,1.,-6.12323399573677E-17));
#13549=DIRECTION('',(-0.504554016129942,-0.863380127642017,5.28667854882115E-17));
#13550=DIRECTION('',(-0.863380127642017,0.504554016129942,-3.08950230425238E-17));
#13551=DIRECTION('',(0.504554016129949,-0.863380127642013,5.28667854882112E-17));
#13552=DIRECTION('',(0.863380127642012,0.504554016129951,-3.08950230425243E-17));
#13553=DIRECTION('',(0.,6.12323399573677E-17,1.));
#13554=DIRECTION('',(0.,1.,-6.12323399573677E-17));
#13555=DIRECTION('',(0.,-6.12323399573677E-17,-1.));
#13556=DIRECTION('',(0.,1.,-6.12323399573677E-17));
#13557=DIRECTION('',(-0.764402097514764,-0.644739818310478,3.94789277388386E-17));
#13558=DIRECTION('',(0.644739818310478,-0.764402097514765,4.6806129099149E-17));
#13559=DIRECTION('',(0.,-6.12323399573677E-17,-1.));
#13560=DIRECTION('',(0.,1.,-6.12323399573677E-17));
#13561=DIRECTION('',(0.,-6.12323399573677E-17,-1.));
#13562=DIRECTION('',(0.,1.,-6.12323399573677E-17));
#13563=DIRECTION('',(-0.644739818310478,-0.764402097514765,4.6806129099149E-17));
#13564=DIRECTION('',(-0.764402097514765,0.644739818310478,-3.94789277388386E-17));
#13565=DIRECTION('',(0.,-6.12323399573677E-17,-1.));
#13566=DIRECTION('',(0.,1.,-6.12323399573677E-17));
#13567=DIRECTION('',(0.,-6.12323399573677E-17,-1.));
#13568=DIRECTION('',(0.,1.,-6.12323399573677E-17));
#13569=DIRECTION('',(-0.863380127642015,-0.504554016129947,3.08950230425241E-17));
#13570=DIRECTION('',(0.504554016129948,-0.863380127642014,5.28667854882113E-17));
#13571=DIRECTION('',(0.,-6.12323399573677E-17,-1.));
#13572=DIRECTION('',(0.,1.,-6.12323399573677E-17));
#13573=DIRECTION('',(0.,-6.12323399573677E-17,-1.));
#13574=DIRECTION('',(0.,1.,-6.12323399573677E-17));
#13575=DIRECTION('',(0.,6.12323399573677E-17,1.));
#13576=DIRECTION('',(0.,1.,-6.12323399573677E-17));
#13577=DIRECTION('',(0.863380127642016,-0.504554016129944,-4.34541346035247E-15));
#13578=DIRECTION('',(0.504554016129944,0.863380127642016,-5.28667854882114E-17));
#13579=DIRECTION('',(0.,-6.12323399573677E-17,-1.));
#13580=DIRECTION('',(0.,1.,-6.12323399573677E-17));
#13581=DIRECTION('',(0.,-6.12323399573677E-17,-1.));
#13582=DIRECTION('',(0.,1.,-6.12323399573677E-17));
#13583=DIRECTION('',(0.644739818310478,-0.764402097514764,4.68061290991489E-17));
#13584=DIRECTION('',(-0.764402097514765,-0.644739818310478,-1.72234960255011E-15));
#13585=DIRECTION('',(0.,-6.12323399573677E-17,-1.));
#13586=DIRECTION('',(0.,1.,-6.12323399573677E-17));
#13587=DIRECTION('',(0.,-6.12323399573677E-17,-1.));
#13588=DIRECTION('',(0.,1.,-6.12323399573677E-17));
#13589=DIRECTION('',(0.764402097514765,-0.644739818310478,3.94789277388386E-17));
#13590=DIRECTION('',(0.644739818310478,0.764402097514765,-4.6806129099149E-17));
#13591=DIRECTION('',(0.,-6.12323399573677E-17,-1.));
#13592=DIRECTION('',(0.,1.,-6.12323399573677E-17));
#13593=DIRECTION('',(0.,-6.12323399573677E-17,-1.));
#13594=DIRECTION('',(0.,1.,-6.12323399573677E-17));
#13595=DIRECTION('',(0.504554016129941,-0.863380127642018,5.28667854882115E-17));
#13596=DIRECTION('',(-0.863380127642018,-0.504554016129941,-1.73093350724642E-15));
#13597=DIRECTION('',(0.,-6.12323399573677E-17,-1.));
#13598=DIRECTION('',(0.,1.,-6.12323399573677E-17));
#13599=DIRECTION('',(0.,6.12323399573677E-17,1.));
#13600=DIRECTION('',(-6.42490176287706E-16,1.,-6.12323399573677E-17));
#13601=DIRECTION('',(-0.504554016129948,-0.863380127642014,5.28667854882113E-17));
#13602=DIRECTION('',(0.863380127642014,-0.504554016129948,3.08950230425241E-17));
#13603=DIRECTION('',(0.,-6.12323399573677E-17,-1.));
#13604=DIRECTION('',(0.,1.,-6.12323399573677E-17));
#13605=DIRECTION('',(0.,-6.12323399573677E-17,-1.));
#13606=DIRECTION('',(0.,1.,-6.12323399573677E-17));
#13607=DIRECTION('',(-0.764402097514764,-0.644739818310478,3.94789277388386E-17));
#13608=DIRECTION('',(-0.644739818310478,0.764402097514765,-1.8086346593881E-15));
#13609=DIRECTION('',(0.,-6.12323399573677E-17,-1.));
#13610=DIRECTION('',(0.,1.,-6.12323399573677E-17));
#13611=DIRECTION('',(0.,-6.12323399573677E-17,-1.));
#13612=DIRECTION('',(0.,1.,-6.12323399573677E-17));
#13613=DIRECTION('',(-0.644739818310481,-0.764402097514762,4.68061290991488E-17));
#13614=DIRECTION('',(0.764402097514762,-0.644739818310481,3.94789277388388E-17));
#13615=DIRECTION('',(0.,-6.12323399573677E-17,-1.));
#13616=DIRECTION('',(0.,1.,-6.12323399573677E-17));
#13617=DIRECTION('',(0.,-6.12323399573677E-17,-1.));
#13618=DIRECTION('',(0.,1.,-6.12323399573677E-17));
#13619=DIRECTION('',(-0.863380127642018,-0.504554016129941,3.08950230425237E-17));
#13620=DIRECTION('',(-0.504554016129942,0.863380127642017,-1.81469531577716E-15));
#13621=DIRECTION('',(0.,-6.12323399573677E-17,-1.));
#13622=DIRECTION('',(0.,1.,-6.12323399573677E-17));
#13623=DIRECTION('',(0.,6.12323399573677E-17,1.));
#13624=DIRECTION('',(1.92747052886312E-15,1.,-6.12323399573677E-17));
#13625=DIRECTION('',(0.863380127642012,-0.504554016129951,3.08950230425243E-17));
#13626=DIRECTION('',(-0.504554016129951,-0.863380127642012,5.28667854882112E-17));
#13627=DIRECTION('',(0.,-6.12323399573677E-17,-1.));
#13628=DIRECTION('',(0.,1.,-6.12323399573677E-17));
#13629=DIRECTION('',(0.644739818310481,-0.764402097514762,4.68061290991488E-17));
#13630=DIRECTION('',(0.764402097514762,0.644739818310481,-3.94789277388388E-17));
#13631=DIRECTION('',(0.,-6.12323399573677E-17,-1.));
#13632=DIRECTION('',(0.,1.,-6.12323399573677E-17));
#13633=DIRECTION('',(0.,-6.12323399573677E-17,-1.));
#13634=DIRECTION('',(0.,1.,-6.12323399573677E-17));
#13635=DIRECTION('',(0.764402097514762,-0.644739818310481,3.94789277388388E-17));
#13636=DIRECTION('',(-0.644739818310481,-0.764402097514762,4.68061290991488E-17));
#13637=DIRECTION('',(0.,-6.12323399573677E-17,-1.));
#13638=DIRECTION('',(0.,1.,-6.12323399573677E-17));
#13639=DIRECTION('',(0.,-6.12323399573677E-17,-1.));
#13640=DIRECTION('',(0.,1.,-6.12323399573677E-17));
#13641=DIRECTION('',(0.,-6.12323399573677E-17,-1.));
#13642=DIRECTION('',(0.,1.,-6.12323399573677E-17));
#13643=DIRECTION('',(0.,-6.12323399573677E-17,-1.));
#13644=DIRECTION('',(0.,1.,-6.12323399573677E-17));
#13645=DIRECTION('',(0.,-6.12323399573677E-17,-1.));
#13646=DIRECTION('',(0.,1.,-6.12323399573677E-17));
#13647=DIRECTION('',(0.,-6.12323399573677E-17,-1.));
#13648=DIRECTION('',(0.,1.,-6.12323399573677E-17));
#13649=DIRECTION('',(0.,-6.12323399573677E-17,-1.));
#13650=DIRECTION('',(0.,1.,-6.12323399573677E-17));
#13651=DIRECTION('',(0.,-6.12323399573677E-17,-1.));
#13652=DIRECTION('',(0.,1.,-6.12323399573677E-17));
#13653=DIRECTION('',(0.,-6.12323399573677E-17,-1.));
#13654=DIRECTION('',(0.,1.,-6.12323399573677E-17));
#13655=DIRECTION('',(0.,-6.12323399573677E-17,-1.));
#13656=DIRECTION('',(0.,1.,-6.12323399573677E-17));
#13657=DIRECTION('',(0.,-6.12323399573677E-17,-1.));
#13658=DIRECTION('',(0.,1.,-6.12323399573677E-17));
#13659=DIRECTION('',(0.,-6.12323399573677E-17,-1.));
#13660=DIRECTION('',(0.,1.,-6.12323399573677E-17));
#13661=DIRECTION('',(0.,-6.12323399573677E-17,-1.));
#13662=DIRECTION('',(0.,1.,-6.12323399573677E-17));
#13663=DIRECTION('',(0.,-6.12323399573677E-17,-1.));
#13664=DIRECTION('',(0.,1.,-6.12323399573677E-17));
#13665=DIRECTION('',(0.,-6.12323399573677E-17,-1.));
#13666=DIRECTION('',(0.,1.,-6.12323399573677E-17));
#13667=DIRECTION('',(0.,-6.12323399573677E-17,-1.));
#13668=DIRECTION('',(0.,1.,-6.12323399573677E-17));
#13669=DIRECTION('',(0.,-6.12323399573677E-17,-1.));
#13670=DIRECTION('',(0.,1.,-6.12323399573677E-17));
#13671=DIRECTION('',(0.,-6.12323399573677E-17,-1.));
#13672=DIRECTION('',(0.,1.,-6.12323399573677E-17));
#13673=DIRECTION('',(0.,-6.12323399573677E-17,-1.));
#13674=DIRECTION('',(0.,1.,-6.12323399573677E-17));
#13675=DIRECTION('',(0.,-6.12323399573677E-17,-1.));
#13676=DIRECTION('',(0.,1.,-6.12323399573677E-17));
#13677=DIRECTION('',(0.,-6.12323399573677E-17,-1.));
#13678=DIRECTION('',(0.,1.,-6.12323399573677E-17));
#13679=DIRECTION('',(0.,-6.12323399573677E-17,-1.));
#13680=DIRECTION('',(0.,1.,-6.12323399573677E-17));
#13681=DIRECTION('',(0.,-6.12323399573677E-17,-1.));
#13682=DIRECTION('',(0.,1.,-6.12323399573677E-17));
#13683=DIRECTION('',(0.,-6.12323399573677E-17,-1.));
#13684=DIRECTION('',(0.,1.,-6.12323399573677E-17));
#13685=DIRECTION('',(0.,-6.12323399573677E-17,-1.));
#13686=DIRECTION('',(0.,1.,-6.12323399573677E-17));
#13687=DIRECTION('',(0.,-6.12323399573677E-17,-1.));
#13688=DIRECTION('',(0.,1.,-6.12323399573677E-17));
#13689=DIRECTION('',(0.,-6.12323399573677E-17,-1.));
#13690=DIRECTION('',(0.,1.,-6.12323399573677E-17));
#13691=DIRECTION('',(0.,-6.12323399573677E-17,-1.));
#13692=DIRECTION('',(0.,1.,-6.12323399573677E-17));
#13693=DIRECTION('',(0.,-6.12323399573677E-17,-1.));
#13694=DIRECTION('',(0.,1.,-6.12323399573677E-17));
#13695=DIRECTION('',(0.,-6.12323399573677E-17,-1.));
#13696=DIRECTION('',(0.,1.,-6.12323399573677E-17));
#13697=DIRECTION('',(0.,-6.12323399573677E-17,-1.));
#13698=DIRECTION('',(0.,1.,-6.12323399573677E-17));
#13699=DIRECTION('',(0.,-6.12323399573677E-17,-1.));
#13700=DIRECTION('',(0.,1.,-6.12323399573677E-17));
#13701=DIRECTION('',(0.,-1.,6.12323399573677E-17));
#13702=DIRECTION('',(-1.,0.,0.));
#13703=DIRECTION('',(0.,1.,-6.12323399573677E-17));
#13704=DIRECTION('',(1.,0.,0.));
#13705=DIRECTION('',(-1.,0.,0.));
#13706=DIRECTION('',(0.,-1.,6.12323399573677E-17));
#13707=DIRECTION('',(0.,-6.12323399573677E-17,-1.));
#13708=DIRECTION('',(0.,-6.12323399573677E-17,-1.));
#13709=DIRECTION('',(0.,1.,-6.12323399573677E-17));
#13710=DIRECTION('',(-1.,0.,0.));
#13711=DIRECTION('',(0.,-6.12323399573677E-17,-1.));
#13712=DIRECTION('',(1.,0.,0.));
#13713=DIRECTION('',(0.,1.,-6.12323399573677E-17));
#13714=DIRECTION('',(0.,-6.12323399573677E-17,-1.));
#13715=DIRECTION('',(0.,-1.,6.12323399573677E-17));
#13716=DIRECTION('',(1.,0.,0.));
#13717=DIRECTION('',(0.,0.,1.));
#13718=DIRECTION('',(1.,0.,0.));
#13719=DIRECTION('',(0.,0.,1.));
#13720=DIRECTION('',(1.,0.,0.));
#13721=DIRECTION('',(0.,0.,1.));
#13722=DIRECTION('',(1.,0.,0.));
#13723=DIRECTION('',(0.,0.,1.));
#13724=DIRECTION('',(1.,0.,0.));
#13725=DIRECTION('',(0.,0.,1.));
#13726=DIRECTION('',(1.,0.,0.));
#13727=DIRECTION('',(0.,0.,1.));
#13728=DIRECTION('',(1.,0.,0.));
#13729=DIRECTION('',(0.,0.,1.));
#13730=DIRECTION('',(1.,0.,0.));
#13731=DIRECTION('',(0.,0.,1.));
#13732=DIRECTION('',(1.,0.,0.));
#13733=DIRECTION('',(0.,0.,1.));
#13734=DIRECTION('',(1.,0.,0.));
#13735=DIRECTION('',(0.,0.,1.));
#13736=DIRECTION('',(1.,0.,0.));
#13737=DIRECTION('',(0.,0.,1.));
#13738=DIRECTION('',(1.,0.,0.));
#13739=DIRECTION('',(0.,0.,1.));
#13740=DIRECTION('',(1.,0.,0.));
#13741=DIRECTION('',(0.,0.,1.));
#13742=DIRECTION('',(1.,0.,0.));
#13743=DIRECTION('',(0.,0.,1.));
#13744=DIRECTION('',(1.,0.,0.));
#13745=DIRECTION('',(0.,0.,1.));
#13746=DIRECTION('',(1.,0.,0.));
#13747=DIRECTION('',(0.,0.,1.));
#13748=DIRECTION('',(1.,0.,0.));
#13749=DIRECTION('',(0.,0.,1.));
#13750=DIRECTION('',(1.,0.,0.));
#13751=DIRECTION('',(0.,0.,1.));
#13752=DIRECTION('',(1.,0.,0.));
#13753=DIRECTION('',(0.,0.,1.));
#13754=DIRECTION('',(1.,0.,0.));
#13755=DIRECTION('',(0.,0.,1.));
#13756=DIRECTION('',(1.,0.,0.));
#13757=DIRECTION('',(0.,0.,1.));
#13758=DIRECTION('',(1.,0.,0.));
#13759=DIRECTION('',(0.,0.,1.));
#13760=DIRECTION('',(1.,0.,0.));
#13761=DIRECTION('',(0.,0.,1.));
#13762=DIRECTION('',(1.,0.,0.));
#13763=DIRECTION('',(0.,0.,1.));
#13764=DIRECTION('',(1.,0.,0.));
#13765=DIRECTION('',(0.,0.,1.));
#13766=DIRECTION('',(1.,0.,0.));
#13767=DIRECTION('',(0.,0.,1.));
#13768=DIRECTION('',(1.,0.,0.));
#13769=DIRECTION('',(0.,0.,1.));
#13770=DIRECTION('',(1.,0.,0.));
#13771=DIRECTION('',(0.,0.,1.));
#13772=DIRECTION('',(1.,0.,0.));
#13773=DIRECTION('',(0.,0.,1.));
#13774=DIRECTION('',(1.,0.,0.));
#13775=DIRECTION('',(0.,0.,1.));
#13776=DIRECTION('',(1.,0.,0.));
#13777=DIRECTION('',(0.,0.,1.));
#13778=DIRECTION('',(1.,0.,0.));
#13779=DIRECTION('',(0.,0.,1.));
#13780=DIRECTION('',(1.,0.,0.));
#13781=DIRECTION('',(0.,0.,1.));
#13782=DIRECTION('',(1.,0.,0.));
#13783=DIRECTION('',(0.,0.,-1.));
#13784=DIRECTION('',(-1.,0.,0.));
#13785=DIRECTION('',(0.,0.,-1.));
#13786=DIRECTION('',(-1.,0.,0.));
#13787=DIRECTION('',(0.,0.,1.));
#13788=DIRECTION('',(1.,0.,0.));
#13789=DIRECTION('',(0.,0.,1.));
#13790=DIRECTION('',(1.,0.,0.));
#13791=DIRECTION('',(0.,0.,-1.));
#13792=DIRECTION('',(-1.,0.,0.));
#13793=DIRECTION('',(0.,0.,-1.));
#13794=DIRECTION('',(-1.,0.,0.));
#13795=DIRECTION('',(0.,0.,1.));
#13796=DIRECTION('',(1.,0.,0.));
#13797=DIRECTION('',(0.,0.,1.));
#13798=DIRECTION('',(1.,0.,0.));
#13799=DIRECTION('',(0.,0.,-1.));
#13800=DIRECTION('',(-1.,0.,0.));
#13801=DIRECTION('',(0.,0.,-1.));
#13802=DIRECTION('',(-1.,0.,0.));
#13803=DIRECTION('',(0.,0.,1.));
#13804=DIRECTION('',(1.,0.,0.));
#13805=DIRECTION('',(0.,0.,1.));
#13806=DIRECTION('',(1.,0.,0.));
#13807=DIRECTION('',(0.,0.,-1.));
#13808=DIRECTION('',(-1.,0.,0.));
#13809=DIRECTION('',(0.,0.,-1.));
#13810=DIRECTION('',(-1.,0.,0.));
#13811=DIRECTION('',(0.,0.,1.));
#13812=DIRECTION('',(1.,0.,0.));
#13813=DIRECTION('',(0.,0.,-1.));
#13814=DIRECTION('',(-1.,0.,0.));
#13815=DIRECTION('',(0.,0.,1.));
#13816=DIRECTION('',(1.,0.,0.));
#13817=DIRECTION('',(0.,0.,-1.));
#13818=DIRECTION('',(-1.,0.,0.));
#13819=DIRECTION('',(0.,0.,1.));
#13820=DIRECTION('',(1.,0.,0.));
#13821=DIRECTION('',(0.,0.,1.));
#13822=DIRECTION('',(1.,0.,0.));
#13823=DIRECTION('',(0.,0.,1.));
#13824=DIRECTION('',(1.,0.,0.));
#13825=DIRECTION('',(0.,0.,1.));
#13826=DIRECTION('',(1.,0.,0.));
#13827=DIRECTION('',(0.,0.,1.));
#13828=DIRECTION('',(1.,0.,0.));
#13829=CARTESIAN_POINT('',(0.,0.,0.));
#13830=CARTESIAN_POINT('',(0.,0.,0.009));
#13831=CARTESIAN_POINT('',(-0.0505,0.03225,0.009));
#13832=CARTESIAN_POINT('',(-0.047,0.03225,0.009));
#13833=CARTESIAN_POINT('',(0.0505,0.03225,0.009));
#13834=CARTESIAN_POINT('',(0.054,0.03225,0.009));
#13835=CARTESIAN_POINT('',(0.0505,-0.03225,0.009));
#13836=CARTESIAN_POINT('',(0.054,-0.03225,0.009));
#13837=CARTESIAN_POINT('',(-0.0505,-0.03225,0.009));
#13838=CARTESIAN_POINT('',(-0.047,-0.03225,0.009));
#13839=CARTESIAN_POINT('',(-6.93889390390723E-18,0.03725,0.009));
#13840=CARTESIAN_POINT('',(0.0535,0.03725,0.009));
#13841=CARTESIAN_POINT('',(-0.0535,0.03725,0.009));
#13842=CARTESIAN_POINT('',(-0.0535,0.03525,0.009));
#13843=CARTESIAN_POINT('',(-0.0555,0.03525,0.009));
#13844=CARTESIAN_POINT('',(-0.0555,6.93889390390723E-18,0.009));
#13845=CARTESIAN_POINT('',(-0.0555,-0.03525,0.009));
#13846=CARTESIAN_POINT('',(-0.0535,-0.03525,0.009));
#13847=CARTESIAN_POINT('',(-0.0535,-0.03725,0.009));
#13848=CARTESIAN_POINT('',(6.93889390390723E-18,-0.03725,0.009));
#13849=CARTESIAN_POINT('',(0.0535,-0.03725,0.009));
#13850=CARTESIAN_POINT('',(0.0535,-0.03525,0.009));
#13851=CARTESIAN_POINT('',(0.0555,-0.03525,0.009));
#13852=CARTESIAN_POINT('',(0.0555,6.93889390390723E-18,0.009));
#13853=CARTESIAN_POINT('',(0.0555,0.03525,0.009));
#13854=CARTESIAN_POINT('',(0.0535,0.03525,0.009));
#13855=CARTESIAN_POINT('',(-0.036,-0.02,0.004));
#13856=CARTESIAN_POINT('',(-0.036,-0.02,0.0022));
#13857=CARTESIAN_POINT('',(-0.036,-0.0187,0.0022));
#13858=CARTESIAN_POINT('',(-0.036,-0.02,0.0032));
#13859=CARTESIAN_POINT('',(-0.0347,-0.02,0.0032));
#13860=CARTESIAN_POINT('',(-0.036,-0.028,0.004));
#13861=CARTESIAN_POINT('',(-0.036,-0.028,0.0022));
#13862=CARTESIAN_POINT('',(-0.036,-0.0267,0.0022));
#13863=CARTESIAN_POINT('',(-0.036,-0.028,0.0032));
#13864=CARTESIAN_POINT('',(-0.0347,-0.028,0.0032));
#13865=CARTESIAN_POINT('',(-0.044,0.028,0.004));
#13866=CARTESIAN_POINT('',(-0.044,0.028,0.0022));
#13867=CARTESIAN_POINT('',(-0.044,0.0293,0.0022));
#13868=CARTESIAN_POINT('',(-0.044,0.028,0.0032));
#13869=CARTESIAN_POINT('',(-0.0427,0.028,0.0032));
#13870=CARTESIAN_POINT('',(-0.044,0.02,0.004));
#13871=CARTESIAN_POINT('',(-0.044,0.02,0.0022));
#13872=CARTESIAN_POINT('',(-0.044,0.0213,0.0022));
#13873=CARTESIAN_POINT('',(-0.044,0.02,0.0032));
#13874=CARTESIAN_POINT('',(-0.0427,0.02,0.0032));
#13875=CARTESIAN_POINT('',(-0.044,0.012,0.004));
#13876=CARTESIAN_POINT('',(-0.044,0.012,0.0022));
#13877=CARTESIAN_POINT('',(-0.044,0.0133,0.0022));
#13878=CARTESIAN_POINT('',(-0.044,0.012,0.0032));
#13879=CARTESIAN_POINT('',(-0.0427,0.012,0.0032));
#13880=CARTESIAN_POINT('',(-0.044,0.004,0.004));
#13881=CARTESIAN_POINT('',(-0.044,0.004,0.0022));
#13882=CARTESIAN_POINT('',(-0.044,0.0053,0.0022));
#13883=CARTESIAN_POINT('',(-0.044,0.004,0.0032));
#13884=CARTESIAN_POINT('',(-0.0427,0.004,0.0032));
#13885=CARTESIAN_POINT('',(-0.044,-0.004,0.004));
#13886=CARTESIAN_POINT('',(-0.044,-0.004,0.0022));
#13887=CARTESIAN_POINT('',(-0.044,-0.0027,0.0022));
#13888=CARTESIAN_POINT('',(-0.044,-0.004,0.0032));
#13889=CARTESIAN_POINT('',(-0.0427,-0.004,0.0032));
#13890=CARTESIAN_POINT('',(-0.044,-0.012,0.004));
#13891=CARTESIAN_POINT('',(-0.044,-0.012,0.0022));
#13892=CARTESIAN_POINT('',(-0.044,-0.0107,0.0022));
#13893=CARTESIAN_POINT('',(-0.044,-0.012,0.0032));
#13894=CARTESIAN_POINT('',(-0.0427,-0.012,0.0032));
#13895=CARTESIAN_POINT('',(-0.036,-0.012,0.004));
#13896=CARTESIAN_POINT('',(-0.036,-0.012,0.0022));
#13897=CARTESIAN_POINT('',(-0.036,-0.0107,0.0022));
#13898=CARTESIAN_POINT('',(-0.036,-0.012,0.0032));
#13899=CARTESIAN_POINT('',(-0.0347,-0.012,0.0032));
#13900=CARTESIAN_POINT('',(-0.036,-0.004,0.004));
#13901=CARTESIAN_POINT('',(-0.036,-0.004,0.0022));
#13902=CARTESIAN_POINT('',(-0.036,-0.0027,0.0022));
#13903=CARTESIAN_POINT('',(-0.036,-0.004,0.0032));
#13904=CARTESIAN_POINT('',(-0.0347,-0.004,0.0032));
#13905=CARTESIAN_POINT('',(-0.036,0.004,0.004));
#13906=CARTESIAN_POINT('',(-0.036,0.004,0.0022));
#13907=CARTESIAN_POINT('',(-0.036,0.0053,0.0022));
#13908=CARTESIAN_POINT('',(-0.036,0.004,0.0032));
#13909=CARTESIAN_POINT('',(-0.0347,0.004,0.0032));
#13910=CARTESIAN_POINT('',(-0.036,0.012,0.004));
#13911=CARTESIAN_POINT('',(-0.036,0.012,0.0022));
#13912=CARTESIAN_POINT('',(-0.036,0.0133,0.0022));
#13913=CARTESIAN_POINT('',(-0.036,0.012,0.0032));
#13914=CARTESIAN_POINT('',(-0.0347,0.012,0.0032));
#13915=CARTESIAN_POINT('',(-0.036,0.02,0.004));
#13916=CARTESIAN_POINT('',(-0.036,0.02,0.0022));
#13917=CARTESIAN_POINT('',(-0.036,0.0213,0.0022));
#13918=CARTESIAN_POINT('',(-0.036,0.02,0.0032));
#13919=CARTESIAN_POINT('',(-0.0347,0.02,0.0032));
#13920=CARTESIAN_POINT('',(-0.036,0.028,0.004));
#13921=CARTESIAN_POINT('',(-0.036,0.028,0.0022));
#13922=CARTESIAN_POINT('',(-0.036,0.0293,0.0022));
#13923=CARTESIAN_POINT('',(-0.036,0.028,0.0032));
#13924=CARTESIAN_POINT('',(-0.0347,0.028,0.0032));
#13925=CARTESIAN_POINT('',(-0.044,-0.02,0.004));
#13926=CARTESIAN_POINT('',(-0.044,-0.02,0.0022));
#13927=CARTESIAN_POINT('',(-0.044,-0.0187,0.0022));
#13928=CARTESIAN_POINT('',(-0.044,-0.02,0.0032));
#13929=CARTESIAN_POINT('',(-0.0427,-0.02,0.0032));
#13930=CARTESIAN_POINT('',(-0.044,-0.028,0.004));
#13931=CARTESIAN_POINT('',(-0.044,-0.028,0.0022));
#13932=CARTESIAN_POINT('',(-0.044,-0.0267,0.0022));
#13933=CARTESIAN_POINT('',(-0.044,-0.028,0.0032));
#13934=CARTESIAN_POINT('',(-0.0427,-0.028,0.0032));
#13935=CARTESIAN_POINT('',(0.044,-0.02,0.004));
#13936=CARTESIAN_POINT('',(0.044,-0.02,0.0022));
#13937=CARTESIAN_POINT('',(0.044,-0.0187,0.0022));
#13938=CARTESIAN_POINT('',(0.044,-0.02,0.0032));
#13939=CARTESIAN_POINT('',(0.0453,-0.02,0.0032));
#13940=CARTESIAN_POINT('',(0.044,-0.028,0.004));
#13941=CARTESIAN_POINT('',(0.044,-0.028,0.0022));
#13942=CARTESIAN_POINT('',(0.044,-0.0267,0.0022));
#13943=CARTESIAN_POINT('',(0.044,-0.028,0.0032));
#13944=CARTESIAN_POINT('',(0.0453,-0.028,0.0032));
#13945=CARTESIAN_POINT('',(0.036,0.028,0.004));
#13946=CARTESIAN_POINT('',(0.036,0.028,0.0022));
#13947=CARTESIAN_POINT('',(0.036,0.0293,0.0022));
#13948=CARTESIAN_POINT('',(0.036,0.028,0.0032));
#13949=CARTESIAN_POINT('',(0.0373,0.028,0.0032));
#13950=CARTESIAN_POINT('',(0.036,0.02,0.004));
#13951=CARTESIAN_POINT('',(0.036,0.02,0.0022));
#13952=CARTESIAN_POINT('',(0.036,0.0213,0.0022));
#13953=CARTESIAN_POINT('',(0.036,0.02,0.0032));
#13954=CARTESIAN_POINT('',(0.0373,0.02,0.0032));
#13955=CARTESIAN_POINT('',(0.036,0.012,0.004));
#13956=CARTESIAN_POINT('',(0.036,0.012,0.0022));
#13957=CARTESIAN_POINT('',(0.036,0.0133,0.0022));
#13958=CARTESIAN_POINT('',(0.036,0.012,0.0032));
#13959=CARTESIAN_POINT('',(0.0373,0.012,0.0032));
#13960=CARTESIAN_POINT('',(0.036,0.004,0.004));
#13961=CARTESIAN_POINT('',(0.036,0.004,0.0022));
#13962=CARTESIAN_POINT('',(0.036,0.0053,0.0022));
#13963=CARTESIAN_POINT('',(0.036,0.004,0.0032));
#13964=CARTESIAN_POINT('',(0.0373,0.004,0.0032));
#13965=CARTESIAN_POINT('',(0.036,-0.004,0.004));
#13966=CARTESIAN_POINT('',(0.036,-0.004,0.0022));
#13967=CARTESIAN_POINT('',(0.036,-0.0027,0.0022));
#13968=CARTESIAN_POINT('',(0.036,-0.004,0.0032));
#13969=CARTESIAN_POINT('',(0.0373,-0.004,0.0032));
#13970=CARTESIAN_POINT('',(0.036,-0.012,0.004));
#13971=CARTESIAN_POINT('',(0.036,-0.012,0.0022));
#13972=CARTESIAN_POINT('',(0.036,-0.0107,0.0022));
#13973=CARTESIAN_POINT('',(0.036,-0.012,0.0032));
#13974=CARTESIAN_POINT('',(0.0373,-0.012,0.0032));
#13975=CARTESIAN_POINT('',(0.044,-0.012,0.004));
#13976=CARTESIAN_POINT('',(0.044,-0.012,0.0022));
#13977=CARTESIAN_POINT('',(0.044,-0.0107,0.0022));
#13978=CARTESIAN_POINT('',(0.044,-0.012,0.0032));
#13979=CARTESIAN_POINT('',(0.0453,-0.012,0.0032));
#13980=CARTESIAN_POINT('',(0.044,-0.004,0.004));
#13981=CARTESIAN_POINT('',(0.044,-0.004,0.0022));
#13982=CARTESIAN_POINT('',(0.044,-0.0027,0.0022));
#13983=CARTESIAN_POINT('',(0.044,-0.004,0.0032));
#13984=CARTESIAN_POINT('',(0.0453,-0.004,0.0032));
#13985=CARTESIAN_POINT('',(0.044,0.004,0.004));
#13986=CARTESIAN_POINT('',(0.044,0.004,0.0022));
#13987=CARTESIAN_POINT('',(0.044,0.0053,0.0022));
#13988=CARTESIAN_POINT('',(0.044,0.004,0.0032));
#13989=CARTESIAN_POINT('',(0.0453,0.004,0.0032));
#13990=CARTESIAN_POINT('',(0.044,0.012,0.004));
#13991=CARTESIAN_POINT('',(0.044,0.012,0.0022));
#13992=CARTESIAN_POINT('',(0.044,0.0133,0.0022));
#13993=CARTESIAN_POINT('',(0.044,0.012,0.0032));
#13994=CARTESIAN_POINT('',(0.0453,0.012,0.0032));
#13995=CARTESIAN_POINT('',(0.044,0.02,0.004));
#13996=CARTESIAN_POINT('',(0.044,0.02,0.0022));
#13997=CARTESIAN_POINT('',(0.044,0.0213,0.0022));
#13998=CARTESIAN_POINT('',(0.044,0.02,0.0032));
#13999=CARTESIAN_POINT('',(0.0453,0.02,0.0032));
#14000=CARTESIAN_POINT('',(0.044,0.028,0.004));
#14001=CARTESIAN_POINT('',(0.044,0.028,0.0022));
#14002=CARTESIAN_POINT('',(0.044,0.0293,0.0022));
#14003=CARTESIAN_POINT('',(0.044,0.028,0.0032));
#14004=CARTESIAN_POINT('',(0.0453,0.028,0.0032));
#14005=CARTESIAN_POINT('',(0.036,-0.02,0.004));
#14006=CARTESIAN_POINT('',(0.036,-0.02,0.0022));
#14007=CARTESIAN_POINT('',(0.036,-0.0187,0.0022));
#14008=CARTESIAN_POINT('',(0.036,-0.02,0.0032));
#14009=CARTESIAN_POINT('',(0.0373,-0.02,0.0032));
#14010=CARTESIAN_POINT('',(0.036,-0.028,0.004));
#14011=CARTESIAN_POINT('',(0.036,-0.028,0.0022));
#14012=CARTESIAN_POINT('',(0.036,-0.0267,0.0022));
#14013=CARTESIAN_POINT('',(0.036,-0.028,0.0032));
#14014=CARTESIAN_POINT('',(0.0373,-0.028,0.0032));
#14015=CARTESIAN_POINT('',(0.0555,6.93889390390723E-18,0.0032));
#14016=CARTESIAN_POINT('',(0.0555,-0.03525,0.0032));
#14017=CARTESIAN_POINT('',(0.0555,-0.03525,0.));
#14018=CARTESIAN_POINT('',(0.0555,6.93889390390723E-18,0.));
#14019=CARTESIAN_POINT('',(0.0555,0.03525,0.));
#14020=CARTESIAN_POINT('',(0.0555,0.03525,0.009));
#14021=CARTESIAN_POINT('',(-6.93889390390723E-18,0.03725,0.0032));
#14022=CARTESIAN_POINT('',(-6.93889390390723E-18,0.03725,0.));
#14023=CARTESIAN_POINT('',(0.0535,0.03725,0.));
#14024=CARTESIAN_POINT('',(-0.0535,0.03725,0.));
#14025=CARTESIAN_POINT('',(-0.0535,0.03725,0.0032));
#14026=CARTESIAN_POINT('',(0.0535,0.03725,0.));
#14027=CARTESIAN_POINT('',(-0.0555,6.93889390390723E-18,0.0032));
#14028=CARTESIAN_POINT('',(-0.0555,0.03525,0.0032));
#14029=CARTESIAN_POINT('',(-0.0555,0.03525,0.));
#14030=CARTESIAN_POINT('',(-0.0555,6.93889390390723E-18,0.));
#14031=CARTESIAN_POINT('',(-0.0555,-0.03525,0.));
#14032=CARTESIAN_POINT('',(-0.0555,-0.03525,0.009));
#14033=CARTESIAN_POINT('',(6.93889390390723E-18,-0.03725,0.0032));
#14034=CARTESIAN_POINT('',(-0.0535,-0.03725,0.));
#14035=CARTESIAN_POINT('',(-0.0535,-0.03725,0.));
#14036=CARTESIAN_POINT('',(6.93889390390723E-18,-0.03725,0.));
#14037=CARTESIAN_POINT('',(0.0535,-0.03725,0.));
#14038=CARTESIAN_POINT('',(0.0535,-0.03725,0.0032));
#14039=CARTESIAN_POINT('',(0.,0.,0.));
#14040=CARTESIAN_POINT('',(-0.0535,0.03525,0.));
#14041=CARTESIAN_POINT('',(0.0535,0.03525,0.));
#14042=CARTESIAN_POINT('',(0.0535,-0.03525,0.));
#14043=CARTESIAN_POINT('',(-0.0535,-0.03525,0.));
#14044=CARTESIAN_POINT('',(-0.048,0.0305,-1.86758636869971E-18));
#14045=CARTESIAN_POINT('',(-0.0335,0.0305,-1.86758636869971E-18));
#14046=CARTESIAN_POINT('',(-0.0465,0.0305,-1.86758636869971E-18));
#14047=CARTESIAN_POINT('',(-0.0465,-0.032,1.95943487863577E-18));
#14048=CARTESIAN_POINT('',(-0.0465,-0.0305,1.86758636869971E-18));
#14049=CARTESIAN_POINT('',(-0.048,-0.0305,1.86758636869971E-18));
#14050=CARTESIAN_POINT('',(-0.0335,-0.0305,1.86758636869971E-18));
#14051=CARTESIAN_POINT('',(-0.0335,-0.032,1.95943487863577E-18));
#14052=CARTESIAN_POINT('',(0.032,0.0305,-1.86758636869971E-18));
#14053=CARTESIAN_POINT('',(0.0465,0.0305,-1.86758636869971E-18));
#14054=CARTESIAN_POINT('',(0.0335,0.0305,-1.86758636869971E-18));
#14055=CARTESIAN_POINT('',(0.0335,-0.032,1.95943487863577E-18));
#14056=CARTESIAN_POINT('',(0.0335,-0.0305,1.86758636869971E-18));
#14057=CARTESIAN_POINT('',(0.032,-0.0305,1.86758636869971E-18));
#14058=CARTESIAN_POINT('',(0.0465,-0.0305,1.86758636869971E-18));
#14059=CARTESIAN_POINT('',(0.0465,-0.032,1.95943487863577E-18));
#14060=CARTESIAN_POINT('',(-0.048,-0.032,0.0022));
#14061=CARTESIAN_POINT('',(-0.04,0.024,0.0022));
#14062=CARTESIAN_POINT('',(-0.0387386149596751,0.026158450319105,0.0022));
#14063=CARTESIAN_POINT('',(-0.0412613850403249,0.026158450319105,0.0022));
#14064=CARTESIAN_POINT('',(-0.0388395257629012,0.0259857742935766,0.0022));
#14065=CARTESIAN_POINT('',(-0.0386866453433982,0.0261147222572387,0.0022));
#14066=CARTESIAN_POINT('',(-0.0335675127405379,0.0304324872594621,0.0022));
#14067=CARTESIAN_POINT('',(-0.0378852777427613,0.0253133546566018,0.0022));
#14068=CARTESIAN_POINT('',(-0.0380142257064234,0.0251604742370989,0.0022));
#14069=CARTESIAN_POINT('',(-0.037841549680895,0.0252613850403249,0.0022));
#14070=CARTESIAN_POINT('',(-0.04,0.024,0.0022));
#14071=CARTESIAN_POINT('',(-0.037841549680895,0.0227386149596752,0.0022));
#14072=CARTESIAN_POINT('',(-0.0380142257064234,0.0228395257629011,0.0022));
#14073=CARTESIAN_POINT('',(-0.0378852777427613,0.0226866453433982,0.0022));
#14074=CARTESIAN_POINT('',(-0.0335675127405379,0.0175675127405379,0.0022));
#14075=CARTESIAN_POINT('',(-0.0386866453433982,0.0218852777427613,0.0022));
#14076=CARTESIAN_POINT('',(-0.0388395257629012,0.0220142257064234,0.0022));
#14077=CARTESIAN_POINT('',(-0.0387386149596752,0.021841549680895,0.0022));
#14078=CARTESIAN_POINT('',(-0.04,0.024,0.0022));
#14079=CARTESIAN_POINT('',(-0.0412613850403249,0.021841549680895,0.0022));
#14080=CARTESIAN_POINT('',(-0.0411604742370989,0.0220142257064234,0.0022));
#14081=CARTESIAN_POINT('',(-0.0413133546566019,0.0218852777427613,0.0022));
#14082=CARTESIAN_POINT('',(-0.0464324872594622,0.0175675127405379,0.0022));
#14083=CARTESIAN_POINT('',(-0.0421147222572388,0.0226866453433982,0.0022));
#14084=CARTESIAN_POINT('',(-0.0419857742935767,0.0228395257629011,0.0022));
#14085=CARTESIAN_POINT('',(-0.042158450319105,0.0227386149596751,0.0022));
#14086=CARTESIAN_POINT('',(-0.04,0.024,0.0022));
#14087=CARTESIAN_POINT('',(-0.0421584503191051,0.0252613850403249,0.0022));
#14088=CARTESIAN_POINT('',(-0.0419857742935767,0.0251604742370989,0.0022));
#14089=CARTESIAN_POINT('',(-0.0421147222572388,0.0253133546566018,0.0022));
#14090=CARTESIAN_POINT('',(-0.0464324872594622,0.0304324872594621,0.0022));
#14091=CARTESIAN_POINT('',(-0.0413133546566018,0.0261147222572387,0.0022));
#14092=CARTESIAN_POINT('',(-0.0411604742370989,0.0259857742935766,0.0022));
#14093=CARTESIAN_POINT('',(-0.048,-0.032,0.0022));
#14094=CARTESIAN_POINT('',(-0.04,0.016,0.0022));
#14095=CARTESIAN_POINT('',(-0.0387386149596752,0.018158450319105,0.0022));
#14096=CARTESIAN_POINT('',(-0.0412613850403249,0.018158450319105,0.0022));
#14097=CARTESIAN_POINT('',(-0.0388395257629012,0.0179857742935766,0.0022));
#14098=CARTESIAN_POINT('',(-0.0386866453433982,0.0181147222572387,0.0022));
#14099=CARTESIAN_POINT('',(-0.0335675127405379,0.0224324872594621,0.0022));
#14100=CARTESIAN_POINT('',(-0.0378852777427613,0.0173133546566018,0.0022));
#14101=CARTESIAN_POINT('',(-0.0380142257064234,0.0171604742370989,0.0022));
#14102=CARTESIAN_POINT('',(-0.037841549680895,0.0172613850403249,0.0022));
#14103=CARTESIAN_POINT('',(-0.04,0.016,0.0022));
#14104=CARTESIAN_POINT('',(-0.037841549680895,0.0147386149596752,0.0022));
#14105=CARTESIAN_POINT('',(-0.0380142257064234,0.0148395257629011,0.0022));
#14106=CARTESIAN_POINT('',(-0.0378852777427613,0.0146866453433982,0.0022));
#14107=CARTESIAN_POINT('',(-0.0335675127405379,0.0095675127405379,0.0022));
#14108=CARTESIAN_POINT('',(-0.0386866453433982,0.0138852777427613,0.0022));
#14109=CARTESIAN_POINT('',(-0.0388395257629012,0.0140142257064234,0.0022));
#14110=CARTESIAN_POINT('',(-0.0387386149596752,0.013841549680895,0.0022));
#14111=CARTESIAN_POINT('',(-0.04,0.016,0.0022));
#14112=CARTESIAN_POINT('',(-0.0412613850403249,0.013841549680895,0.0022));
#14113=CARTESIAN_POINT('',(-0.0411604742370989,0.0140142257064234,0.0022));
#14114=CARTESIAN_POINT('',(-0.0413133546566019,0.0138852777427613,0.0022));
#14115=CARTESIAN_POINT('',(-0.0464324872594622,0.0095675127405379,0.0022));
#14116=CARTESIAN_POINT('',(-0.0421147222572388,0.0146866453433982,0.0022));
#14117=CARTESIAN_POINT('',(-0.0419857742935767,0.0148395257629011,0.0022));
#14118=CARTESIAN_POINT('',(-0.042158450319105,0.0147386149596751,0.0022));
#14119=CARTESIAN_POINT('',(-0.04,0.016,0.0022));
#14120=CARTESIAN_POINT('',(-0.042158450319105,0.0172613850403249,0.0022));
#14121=CARTESIAN_POINT('',(-0.0419857742935767,0.0171604742370989,0.0022));
#14122=CARTESIAN_POINT('',(-0.0421147222572388,0.0173133546566018,0.0022));
#14123=CARTESIAN_POINT('',(-0.0464324872594622,0.0224324872594621,0.0022));
#14124=CARTESIAN_POINT('',(-0.0413133546566018,0.0181147222572387,0.0022));
#14125=CARTESIAN_POINT('',(-0.0411604742370989,0.0179857742935766,0.0022));
#14126=CARTESIAN_POINT('',(-0.048,-0.032,0.0022));
#14127=CARTESIAN_POINT('',(-0.04,0.008,0.0022));
#14128=CARTESIAN_POINT('',(-0.0387386149596751,0.010158450319105,0.0022));
#14129=CARTESIAN_POINT('',(-0.0412613850403249,0.010158450319105,0.0022));
#14130=CARTESIAN_POINT('',(-0.0388395257629012,0.00998577429357664,0.0022));
#14131=CARTESIAN_POINT('',(-0.0386866453433982,0.0101147222572387,0.0022));
#14132=CARTESIAN_POINT('',(-0.0335675127405379,0.0144324872594621,0.0022));
#14133=CARTESIAN_POINT('',(-0.0378852777427613,0.00931335465660184,0.0022));
#14134=CARTESIAN_POINT('',(-0.0380142257064234,0.00916047423709889,0.0022));
#14135=CARTESIAN_POINT('',(-0.037841549680895,0.00926138504032484,0.0022));
#14136=CARTESIAN_POINT('',(-0.04,0.008,0.0022));
#14137=CARTESIAN_POINT('',(-0.037841549680895,0.00673861495967514,0.0022));
#14138=CARTESIAN_POINT('',(-0.0380142257064234,0.00683952576290114,0.0022));
#14139=CARTESIAN_POINT('',(-0.0378852777427613,0.0066866453433982,0.0022));
#14140=CARTESIAN_POINT('',(-0.0335675127405379,0.00156751274053789,0.0022));
#14141=CARTESIAN_POINT('',(-0.0386866453433982,0.00588527774276124,0.0022));
#14142=CARTESIAN_POINT('',(-0.0388395257629012,0.00601422570642334,0.0022));
#14143=CARTESIAN_POINT('',(-0.0387386149596752,0.00584154968089495,0.0022));
#14144=CARTESIAN_POINT('',(-0.04,0.008,0.0022));
#14145=CARTESIAN_POINT('',(-0.0412613850403249,0.00584154968089495,0.0022));
#14146=CARTESIAN_POINT('',(-0.0411604742370989,0.00601422570642339,0.0022));
#14147=CARTESIAN_POINT('',(-0.0413133546566019,0.00588527774276129,0.0022));
#14148=CARTESIAN_POINT('',(-0.0464324872594622,0.00156751274053789,0.0022));
#14149=CARTESIAN_POINT('',(-0.0421147222572388,0.00668664534339815,0.0022));
#14150=CARTESIAN_POINT('',(-0.0419857742935767,0.0068395257629011,0.0022));
#14151=CARTESIAN_POINT('',(-0.042158450319105,0.00673861495967514,0.0022));
#14152=CARTESIAN_POINT('',(-0.04,0.008,0.0022));
#14153=CARTESIAN_POINT('',(-0.0421584503191051,0.00926138504032484,0.0022));
#14154=CARTESIAN_POINT('',(-0.0419857742935767,0.00916047423709884,0.0022));
#14155=CARTESIAN_POINT('',(-0.0421147222572388,0.00931335465660179,0.0022));
#14156=CARTESIAN_POINT('',(-0.0464324872594622,0.0144324872594621,0.0022));
#14157=CARTESIAN_POINT('',(-0.0413133546566018,0.0101147222572387,0.0022));
#14158=CARTESIAN_POINT('',(-0.0411604742370989,0.00998577429357664,0.0022));
#14159=CARTESIAN_POINT('',(-0.048,-0.032,0.0022));
#14160=CARTESIAN_POINT('',(-0.04,-6.58459750587737E-18,0.0022));
#14161=CARTESIAN_POINT('',(-0.0387386149596752,0.00215845031910504,0.0022));
#14162=CARTESIAN_POINT('',(-0.0412613850403249,0.00215845031910504,0.0022));
#14163=CARTESIAN_POINT('',(-0.0388395257629012,0.00198577429357665,0.0022));
#14164=CARTESIAN_POINT('',(-0.0386866453433982,0.00211472225723874,0.0022));
#14165=CARTESIAN_POINT('',(-0.0335675127405379,0.00643248725946209,0.0022));
#14166=CARTESIAN_POINT('',(-0.0378852777427613,0.00131335465660184,0.0022));
#14167=CARTESIAN_POINT('',(-0.0380142257064234,0.00116047423709889,0.0022));
#14168=CARTESIAN_POINT('',(-0.037841549680895,0.00126138504032484,0.0022));
#14169=CARTESIAN_POINT('',(-0.04,-6.58459750587737E-18,0.0022));
#14170=CARTESIAN_POINT('',(-0.037841549680895,-0.00126138504032486,0.0022));
#14171=CARTESIAN_POINT('',(-0.0380142257064234,-0.00116047423709886,0.0022));
#14172=CARTESIAN_POINT('',(-0.0378852777427613,-0.00131335465660181,0.0022));
#14173=CARTESIAN_POINT('',(-0.0335675127405379,-0.00643248725946211,0.0022));
#14174=CARTESIAN_POINT('',(-0.0386866453433982,-0.00211472225723876,0.0022));
#14175=CARTESIAN_POINT('',(-0.0388395257629012,-0.00198577429357666,0.0022));
#14176=CARTESIAN_POINT('',(-0.0387386149596751,-0.00215845031910506,0.0022));
#14177=CARTESIAN_POINT('',(-0.04,-6.58459750587737E-18,0.0022));
#14178=CARTESIAN_POINT('',(-0.0412613850403249,-0.00215845031910506,0.0022));
#14179=CARTESIAN_POINT('',(-0.0411604742370989,-0.00198577429357661,0.0022));
#14180=CARTESIAN_POINT('',(-0.0413133546566018,-0.00211472225723871,0.0022));
#14181=CARTESIAN_POINT('',(-0.0464324872594622,-0.00643248725946211,0.0022));
#14182=CARTESIAN_POINT('',(-0.0421147222572388,-0.00131335465660181,0.0022));
#14183=CARTESIAN_POINT('',(-0.0419857742935767,-0.00116047423709886,0.0022));
#14184=CARTESIAN_POINT('',(-0.0421584503191051,-0.00126138504032486,0.0022));
#14185=CARTESIAN_POINT('',(-0.04,-6.58459750587737E-18,0.0022));
#14186=CARTESIAN_POINT('',(-0.042158450319105,0.00126138504032489,0.0022));
#14187=CARTESIAN_POINT('',(-0.0419857742935767,0.00116047423709889,0.0022));
#14188=CARTESIAN_POINT('',(-0.0421147222572388,0.00131335465660184,0.0022));
#14189=CARTESIAN_POINT('',(-0.0464324872594622,0.00643248725946209,0.0022));
#14190=CARTESIAN_POINT('',(-0.0413133546566018,0.00211472225723874,0.0022));
#14191=CARTESIAN_POINT('',(-0.0411604742370989,0.00198577429357665,0.0022));
#14192=CARTESIAN_POINT('',(-0.048,-0.032,0.0022));
#14193=CARTESIAN_POINT('',(-0.04,-0.008,0.0022));
#14194=CARTESIAN_POINT('',(-0.0387386149596752,-0.00584154968089496,0.0022));
#14195=CARTESIAN_POINT('',(-0.0412613850403249,-0.00584154968089496,0.0022));
#14196=CARTESIAN_POINT('',(-0.0388395257629012,-0.00601422570642336,0.0022));
#14197=CARTESIAN_POINT('',(-0.0386866453433982,-0.00588527774276126,0.0022));
#14198=CARTESIAN_POINT('',(-0.0335675127405379,-0.00156751274053791,0.0022));
#14199=CARTESIAN_POINT('',(-0.0378852777427613,-0.00668664534339816,0.0022));
#14200=CARTESIAN_POINT('',(-0.0380142257064234,-0.00683952576290111,0.0022));
#14201=CARTESIAN_POINT('',(-0.037841549680895,-0.00673861495967516,0.0022));
#14202=CARTESIAN_POINT('',(-0.04,-0.008,0.0022));
#14203=CARTESIAN_POINT('',(-0.037841549680895,-0.00926138504032486,0.0022));
#14204=CARTESIAN_POINT('',(-0.0380142257064234,-0.00916047423709886,0.0022));
#14205=CARTESIAN_POINT('',(-0.0378852777427613,-0.00931335465660181,0.0022));
#14206=CARTESIAN_POINT('',(-0.0335675127405379,-0.0144324872594621,0.0022));
#14207=CARTESIAN_POINT('',(-0.0386866453433982,-0.0101147222572388,0.0022));
#14208=CARTESIAN_POINT('',(-0.0388395257629012,-0.00998577429357666,0.0022));
#14209=CARTESIAN_POINT('',(-0.0387386149596751,-0.0101584503191051,0.0022));
#14210=CARTESIAN_POINT('',(-0.04,-0.008,0.0022));
#14211=CARTESIAN_POINT('',(-0.0412613850403249,-0.0101584503191051,0.0022));
#14212=CARTESIAN_POINT('',(-0.0411604742370989,-0.00998577429357666,0.0022));
#14213=CARTESIAN_POINT('',(-0.0413133546566018,-0.0101147222572387,0.0022));
#14214=CARTESIAN_POINT('',(-0.0464324872594622,-0.0144324872594621,0.0022));
#14215=CARTESIAN_POINT('',(-0.0421147222572388,-0.00931335465660181,0.0022));
#14216=CARTESIAN_POINT('',(-0.0419857742935767,-0.00916047423709886,0.0022));
#14217=CARTESIAN_POINT('',(-0.0421584503191051,-0.00926138504032486,0.0022));
#14218=CARTESIAN_POINT('',(-0.04,-0.008,0.0022));
#14219=CARTESIAN_POINT('',(-0.0421584503191051,-0.00673861495967516,0.0022));
#14220=CARTESIAN_POINT('',(-0.0419857742935767,-0.00683952576290111,0.0022));
#14221=CARTESIAN_POINT('',(-0.0421147222572388,-0.00668664534339816,0.0022));
#14222=CARTESIAN_POINT('',(-0.0464324872594622,-0.00156751274053791,0.0022));
#14223=CARTESIAN_POINT('',(-0.0413133546566018,-0.00588527774276126,0.0022));
#14224=CARTESIAN_POINT('',(-0.0411604742370989,-0.00601422570642336,0.0022));
#14225=CARTESIAN_POINT('',(-0.048,-0.032,0.0022));
#14226=CARTESIAN_POINT('',(-0.0335675127405379,-0.00956751274053791,0.0022));
#14227=CARTESIAN_POINT('',(-0.0378852777427613,-0.0146866453433982,0.0022));
#14228=CARTESIAN_POINT('',(-0.0386866453433982,-0.0138852777427613,0.0022));
#14229=CARTESIAN_POINT('',(-0.0380142257064234,-0.0148395257629011,0.0022));
#14230=CARTESIAN_POINT('',(-0.037841549680895,-0.0147386149596752,0.0022));
#14231=CARTESIAN_POINT('',(-0.04,-0.016,0.0022));
#14232=CARTESIAN_POINT('',(-0.037841549680895,-0.0172613850403249,0.0022));
#14233=CARTESIAN_POINT('',(-0.0380142257064234,-0.0171604742370989,0.0022));
#14234=CARTESIAN_POINT('',(-0.0378852777427613,-0.0173133546566019,0.0022));
#14235=CARTESIAN_POINT('',(-0.0335675127405379,-0.0224324872594622,0.0022));
#14236=CARTESIAN_POINT('',(-0.0386866453433982,-0.0181147222572388,0.0022));
#14237=CARTESIAN_POINT('',(-0.0388395257629012,-0.0179857742935766,0.0022));
#14238=CARTESIAN_POINT('',(-0.0387386149596751,-0.0181584503191051,0.0022));
#14239=CARTESIAN_POINT('',(-0.04,-0.016,0.0022));
#14240=CARTESIAN_POINT('',(-0.0412613850403249,-0.0181584503191051,0.0022));
#14241=CARTESIAN_POINT('',(-0.0411604742370989,-0.0179857742935766,0.0022));
#14242=CARTESIAN_POINT('',(-0.0413133546566018,-0.0181147222572388,0.0022));
#14243=CARTESIAN_POINT('',(-0.0464324872594622,-0.0224324872594622,0.0022));
#14244=CARTESIAN_POINT('',(-0.0421147222572388,-0.0173133546566019,0.0022));
#14245=CARTESIAN_POINT('',(-0.0419857742935767,-0.0171604742370989,0.0022));
#14246=CARTESIAN_POINT('',(-0.042158450319105,-0.0172613850403249,0.0022));
#14247=CARTESIAN_POINT('',(-0.04,-0.016,0.0022));
#14248=CARTESIAN_POINT('',(-0.0421584503191051,-0.0147386149596752,0.0022));
#14249=CARTESIAN_POINT('',(-0.0419857742935767,-0.0148395257629012,0.0022));
#14250=CARTESIAN_POINT('',(-0.0421147222572388,-0.0146866453433982,0.0022));
#14251=CARTESIAN_POINT('',(-0.0464324872594622,-0.00956751274053791,0.0022));
#14252=CARTESIAN_POINT('',(-0.0413133546566018,-0.0138852777427613,0.0022));
#14253=CARTESIAN_POINT('',(-0.0411604742370989,-0.0140142257064234,0.0022));
#14254=CARTESIAN_POINT('',(-0.0412613850403249,-0.013841549680895,0.0022));
#14255=CARTESIAN_POINT('',(-0.04,-0.016,0.0022));
#14256=CARTESIAN_POINT('',(-0.0387386149596752,-0.013841549680895,0.0022));
#14257=CARTESIAN_POINT('',(-0.0388395257629012,-0.0140142257064234,0.0022));
#14258=CARTESIAN_POINT('',(-0.048,-0.032,0.0022));
#14259=CARTESIAN_POINT('',(-0.04,-0.024,0.0022));
#14260=CARTESIAN_POINT('',(-0.0387386149596752,-0.0218415496808949,0.0022));
#14261=CARTESIAN_POINT('',(-0.0412613850403249,-0.0218415496808949,0.0022));
#14262=CARTESIAN_POINT('',(-0.0388395257629012,-0.0220142257064234,0.0022));
#14263=CARTESIAN_POINT('',(-0.0386866453433982,-0.0218852777427613,0.0022));
#14264=CARTESIAN_POINT('',(-0.0335675127405379,-0.0175675127405379,0.0022));
#14265=CARTESIAN_POINT('',(-0.0378852777427613,-0.0226866453433982,0.0022));
#14266=CARTESIAN_POINT('',(-0.0380142257064234,-0.0228395257629011,0.0022));
#14267=CARTESIAN_POINT('',(-0.037841549680895,-0.0227386149596751,0.0022));
#14268=CARTESIAN_POINT('',(-0.04,-0.024,0.0022));
#14269=CARTESIAN_POINT('',(-0.037841549680895,-0.0252613850403249,0.0022));
#14270=CARTESIAN_POINT('',(-0.0380142257064234,-0.0251604742370989,0.0022));
#14271=CARTESIAN_POINT('',(-0.0378852777427613,-0.0253133546566019,0.0022));
#14272=CARTESIAN_POINT('',(-0.0335675127405379,-0.0304324872594622,0.0022));
#14273=CARTESIAN_POINT('',(-0.0386866453433982,-0.0261147222572387,0.0022));
#14274=CARTESIAN_POINT('',(-0.0388395257629012,-0.0259857742935766,0.0022));
#14275=CARTESIAN_POINT('',(-0.0387386149596751,-0.0261584503191051,0.0022));
#14276=CARTESIAN_POINT('',(-0.04,-0.024,0.0022));
#14277=CARTESIAN_POINT('',(-0.0412613850403249,-0.0261584503191051,0.0022));
#14278=CARTESIAN_POINT('',(-0.0411604742370989,-0.0259857742935766,0.0022));
#14279=CARTESIAN_POINT('',(-0.0413133546566019,-0.0261147222572387,0.0022));
#14280=CARTESIAN_POINT('',(-0.0464324872594622,-0.0304324872594622,0.0022));
#14281=CARTESIAN_POINT('',(-0.0421147222572388,-0.0253133546566019,0.0022));
#14282=CARTESIAN_POINT('',(-0.0419857742935767,-0.0251604742370989,0.0022));
#14283=CARTESIAN_POINT('',(-0.042158450319105,-0.0252613850403249,0.0022));
#14284=CARTESIAN_POINT('',(-0.04,-0.024,0.0022));
#14285=CARTESIAN_POINT('',(-0.0421584503191051,-0.0227386149596751,0.0022));
#14286=CARTESIAN_POINT('',(-0.0419857742935767,-0.0228395257629011,0.0022));
#14287=CARTESIAN_POINT('',(-0.0421147222572388,-0.0226866453433982,0.0022));
#14288=CARTESIAN_POINT('',(-0.0464324872594622,-0.0175675127405379,0.0022));
#14289=CARTESIAN_POINT('',(-0.0413133546566018,-0.0218852777427613,0.0022));
#14290=CARTESIAN_POINT('',(-0.0411604742370989,-0.0220142257064234,0.0022));
#14291=CARTESIAN_POINT('',(-0.04,0.024,0.005002));
#14292=CARTESIAN_POINT('',(-0.042158450319105,0.0227386149596751,0.005002));
#14293=CARTESIAN_POINT('',(-0.042158450319105,0.0227386149596751,0.0002));
#14294=CARTESIAN_POINT('',(-0.04,0.024,0.0002));
#14295=CARTESIAN_POINT('',(-0.0421584503191051,0.0252613850403249,0.0002));
#14296=CARTESIAN_POINT('',(-0.0421584503191051,0.0252613850403249,0.005002));
#14297=CARTESIAN_POINT('',(-0.0419857742935767,0.0251604742370989,0.005002));
#14298=CARTESIAN_POINT('',(-0.0419857742935767,0.0251604742370989,0.0002));
#14299=CARTESIAN_POINT('',(-0.0421147222572388,0.0253133546566018,0.0002));
#14300=CARTESIAN_POINT('',(-0.0421147222572388,0.0253133546566018,0.005002));
#14301=CARTESIAN_POINT('',(-0.0464324872594622,0.0304324872594621,0.005002));
#14302=CARTESIAN_POINT('',(-0.0464324872594622,0.0304324872594621,0.0002));
#14303=CARTESIAN_POINT('',(-0.0413133546566018,0.0261147222572387,0.0002));
#14304=CARTESIAN_POINT('',(-0.0413133546566018,0.0261147222572387,0.005002));
#14305=CARTESIAN_POINT('',(-0.0411604742370989,0.0259857742935766,0.005002));
#14306=CARTESIAN_POINT('',(-0.0411604742370989,0.0259857742935766,0.0002));
#14307=CARTESIAN_POINT('',(-0.0412613850403249,0.026158450319105,0.0002));
#14308=CARTESIAN_POINT('',(-0.0412613850403249,0.026158450319105,0.005002));
#14309=CARTESIAN_POINT('',(-0.04,0.024,0.005002));
#14310=CARTESIAN_POINT('',(-0.04,0.024,0.0002));
#14311=CARTESIAN_POINT('',(-0.0387386149596751,0.026158450319105,0.0002));
#14312=CARTESIAN_POINT('',(-0.0387386149596751,0.026158450319105,0.005002));
#14313=CARTESIAN_POINT('',(-0.0388395257629012,0.0259857742935766,0.005002));
#14314=CARTESIAN_POINT('',(-0.0388395257629012,0.0259857742935766,0.0002));
#14315=CARTESIAN_POINT('',(-0.0386866453433982,0.0261147222572387,0.0002));
#14316=CARTESIAN_POINT('',(-0.0386866453433982,0.0261147222572387,0.005002));
#14317=CARTESIAN_POINT('',(-0.0335675127405379,0.0304324872594621,0.005002));
#14318=CARTESIAN_POINT('',(-0.0335675127405379,0.0304324872594621,0.0002));
#14319=CARTESIAN_POINT('',(-0.0378852777427613,0.0253133546566018,0.0002));
#14320=CARTESIAN_POINT('',(-0.0378852777427613,0.0253133546566018,0.005002));
#14321=CARTESIAN_POINT('',(-0.0380142257064234,0.0251604742370989,0.005002));
#14322=CARTESIAN_POINT('',(-0.0380142257064234,0.0251604742370989,0.0002));
#14323=CARTESIAN_POINT('',(-0.037841549680895,0.0252613850403249,0.0002));
#14324=CARTESIAN_POINT('',(-0.037841549680895,0.0252613850403249,0.005002));
#14325=CARTESIAN_POINT('',(-0.04,0.024,0.005002));
#14326=CARTESIAN_POINT('',(-0.04,0.024,0.0002));
#14327=CARTESIAN_POINT('',(-0.037841549680895,0.0227386149596752,0.0002));
#14328=CARTESIAN_POINT('',(-0.037841549680895,0.0227386149596752,0.005002));
#14329=CARTESIAN_POINT('',(-0.0380142257064234,0.0228395257629011,0.005002));
#14330=CARTESIAN_POINT('',(-0.0380142257064234,0.0228395257629011,0.0002));
#14331=CARTESIAN_POINT('',(-0.0378852777427613,0.0226866453433982,0.0002));
#14332=CARTESIAN_POINT('',(-0.0378852777427613,0.0226866453433982,0.005002));
#14333=CARTESIAN_POINT('',(-0.0335675127405379,0.0175675127405379,0.005002));
#14334=CARTESIAN_POINT('',(-0.0335675127405379,0.0175675127405379,0.0002));
#14335=CARTESIAN_POINT('',(-0.0386866453433982,0.0218852777427613,0.0002));
#14336=CARTESIAN_POINT('',(-0.0386866453433982,0.0218852777427613,0.005002));
#14337=CARTESIAN_POINT('',(-0.0388395257629012,0.0220142257064234,0.005002));
#14338=CARTESIAN_POINT('',(-0.0388395257629012,0.0220142257064234,0.0002));
#14339=CARTESIAN_POINT('',(-0.0387386149596752,0.021841549680895,0.0002));
#14340=CARTESIAN_POINT('',(-0.0387386149596752,0.021841549680895,0.005002));
#14341=CARTESIAN_POINT('',(-0.04,0.024,0.005002));
#14342=CARTESIAN_POINT('',(-0.04,0.024,0.0002));
#14343=CARTESIAN_POINT('',(-0.0412613850403249,0.021841549680895,0.0002));
#14344=CARTESIAN_POINT('',(-0.0412613850403249,0.021841549680895,0.005002));
#14345=CARTESIAN_POINT('',(-0.0411604742370989,0.0220142257064234,0.005002));
#14346=CARTESIAN_POINT('',(-0.0411604742370989,0.0220142257064234,0.0002));
#14347=CARTESIAN_POINT('',(-0.0413133546566019,0.0218852777427613,0.0002));
#14348=CARTESIAN_POINT('',(-0.0413133546566019,0.0218852777427613,0.005002));
#14349=CARTESIAN_POINT('',(-0.0464324872594622,0.0175675127405379,0.005002));
#14350=CARTESIAN_POINT('',(-0.0464324872594622,0.0175675127405379,0.0002));
#14351=CARTESIAN_POINT('',(-0.0421147222572388,0.0226866453433982,0.0002));
#14352=CARTESIAN_POINT('',(-0.0421147222572388,0.0226866453433982,0.005002));
#14353=CARTESIAN_POINT('',(-0.0419857742935767,0.0228395257629011,0.005002));
#14354=CARTESIAN_POINT('',(-0.0419857742935767,0.0228395257629011,0.0002));
#14355=CARTESIAN_POINT('',(-0.04,0.016,0.005002));
#14356=CARTESIAN_POINT('',(-0.042158450319105,0.0147386149596751,0.005002));
#14357=CARTESIAN_POINT('',(-0.042158450319105,0.0147386149596751,0.0002));
#14358=CARTESIAN_POINT('',(-0.04,0.016,0.0002));
#14359=CARTESIAN_POINT('',(-0.042158450319105,0.0172613850403249,0.0002));
#14360=CARTESIAN_POINT('',(-0.042158450319105,0.0172613850403249,0.005002));
#14361=CARTESIAN_POINT('',(-0.0419857742935767,0.0171604742370989,0.005002));
#14362=CARTESIAN_POINT('',(-0.0419857742935767,0.0171604742370989,0.0002));
#14363=CARTESIAN_POINT('',(-0.0421147222572388,0.0173133546566018,0.0002));
#14364=CARTESIAN_POINT('',(-0.0421147222572388,0.0173133546566018,0.005002));
#14365=CARTESIAN_POINT('',(-0.0464324872594622,0.0224324872594621,0.005002));
#14366=CARTESIAN_POINT('',(-0.0464324872594622,0.0224324872594621,0.0002));
#14367=CARTESIAN_POINT('',(-0.0413133546566018,0.0181147222572387,0.0002));
#14368=CARTESIAN_POINT('',(-0.0413133546566018,0.0181147222572387,0.005002));
#14369=CARTESIAN_POINT('',(-0.0411604742370989,0.0179857742935766,0.005002));
#14370=CARTESIAN_POINT('',(-0.0411604742370989,0.0179857742935766,0.0002));
#14371=CARTESIAN_POINT('',(-0.0412613850403249,0.018158450319105,0.0002));
#14372=CARTESIAN_POINT('',(-0.0412613850403249,0.018158450319105,0.005002));
#14373=CARTESIAN_POINT('',(-0.04,0.016,0.005002));
#14374=CARTESIAN_POINT('',(-0.04,0.016,0.0002));
#14375=CARTESIAN_POINT('',(-0.0387386149596752,0.018158450319105,0.0002));
#14376=CARTESIAN_POINT('',(-0.0387386149596752,0.018158450319105,0.005002));
#14377=CARTESIAN_POINT('',(-0.0388395257629012,0.0179857742935766,0.005002));
#14378=CARTESIAN_POINT('',(-0.0388395257629012,0.0179857742935766,0.0002));
#14379=CARTESIAN_POINT('',(-0.0386866453433982,0.0181147222572387,0.0002));
#14380=CARTESIAN_POINT('',(-0.0386866453433982,0.0181147222572387,0.005002));
#14381=CARTESIAN_POINT('',(-0.0335675127405379,0.0224324872594621,0.005002));
#14382=CARTESIAN_POINT('',(-0.0335675127405379,0.0224324872594621,0.0002));
#14383=CARTESIAN_POINT('',(-0.0378852777427613,0.0173133546566018,0.0002));
#14384=CARTESIAN_POINT('',(-0.0378852777427613,0.0173133546566018,0.005002));
#14385=CARTESIAN_POINT('',(-0.0380142257064234,0.0171604742370989,0.005002));
#14386=CARTESIAN_POINT('',(-0.0380142257064234,0.0171604742370989,0.0002));
#14387=CARTESIAN_POINT('',(-0.037841549680895,0.0172613850403249,0.0002));
#14388=CARTESIAN_POINT('',(-0.037841549680895,0.0172613850403249,0.005002));
#14389=CARTESIAN_POINT('',(-0.04,0.016,0.005002));
#14390=CARTESIAN_POINT('',(-0.04,0.016,0.0002));
#14391=CARTESIAN_POINT('',(-0.037841549680895,0.0147386149596752,0.0002));
#14392=CARTESIAN_POINT('',(-0.037841549680895,0.0147386149596752,0.005002));
#14393=CARTESIAN_POINT('',(-0.0380142257064234,0.0148395257629011,0.005002));
#14394=CARTESIAN_POINT('',(-0.0380142257064234,0.0148395257629011,0.0002));
#14395=CARTESIAN_POINT('',(-0.0378852777427613,0.0146866453433982,0.0002));
#14396=CARTESIAN_POINT('',(-0.0378852777427613,0.0146866453433982,0.005002));
#14397=CARTESIAN_POINT('',(-0.0335675127405379,0.0095675127405379,0.005002));
#14398=CARTESIAN_POINT('',(-0.0335675127405379,0.0095675127405379,0.0002));
#14399=CARTESIAN_POINT('',(-0.0386866453433982,0.0138852777427613,0.0002));
#14400=CARTESIAN_POINT('',(-0.0386866453433982,0.0138852777427613,0.005002));
#14401=CARTESIAN_POINT('',(-0.0388395257629012,0.0140142257064234,0.005002));
#14402=CARTESIAN_POINT('',(-0.0388395257629012,0.0140142257064234,0.0002));
#14403=CARTESIAN_POINT('',(-0.0387386149596752,0.013841549680895,0.0002));
#14404=CARTESIAN_POINT('',(-0.0387386149596752,0.013841549680895,0.005002));
#14405=CARTESIAN_POINT('',(-0.04,0.016,0.005002));
#14406=CARTESIAN_POINT('',(-0.04,0.016,0.0002));
#14407=CARTESIAN_POINT('',(-0.0412613850403249,0.013841549680895,0.0002));
#14408=CARTESIAN_POINT('',(-0.0412613850403249,0.013841549680895,0.005002));
#14409=CARTESIAN_POINT('',(-0.0411604742370989,0.0140142257064234,0.005002));
#14410=CARTESIAN_POINT('',(-0.0411604742370989,0.0140142257064234,0.0002));
#14411=CARTESIAN_POINT('',(-0.0413133546566019,0.0138852777427613,0.0002));
#14412=CARTESIAN_POINT('',(-0.0413133546566019,0.0138852777427613,0.005002));
#14413=CARTESIAN_POINT('',(-0.0464324872594622,0.0095675127405379,0.005002));
#14414=CARTESIAN_POINT('',(-0.0464324872594622,0.0095675127405379,0.0002));
#14415=CARTESIAN_POINT('',(-0.0421147222572388,0.0146866453433982,0.0002));
#14416=CARTESIAN_POINT('',(-0.0421147222572388,0.0146866453433982,0.005002));
#14417=CARTESIAN_POINT('',(-0.0419857742935767,0.0148395257629011,0.005002));
#14418=CARTESIAN_POINT('',(-0.0419857742935767,0.0148395257629011,0.0002));
#14419=CARTESIAN_POINT('',(-0.04,0.008,0.005002));
#14420=CARTESIAN_POINT('',(-0.042158450319105,0.00673861495967514,0.005002));
#14421=CARTESIAN_POINT('',(-0.042158450319105,0.00673861495967514,0.0002));
#14422=CARTESIAN_POINT('',(-0.04,0.008,0.0002));
#14423=CARTESIAN_POINT('',(-0.0421584503191051,0.00926138504032484,0.0002));
#14424=CARTESIAN_POINT('',(-0.0421584503191051,0.00926138504032484,0.005002));
#14425=CARTESIAN_POINT('',(-0.0419857742935767,0.00916047423709884,0.005002));
#14426=CARTESIAN_POINT('',(-0.0419857742935767,0.00916047423709884,0.0002));
#14427=CARTESIAN_POINT('',(-0.0421147222572388,0.00931335465660179,0.0002));
#14428=CARTESIAN_POINT('',(-0.0421147222572388,0.00931335465660179,0.005002));
#14429=CARTESIAN_POINT('',(-0.0464324872594622,0.0144324872594621,0.005002));
#14430=CARTESIAN_POINT('',(-0.0464324872594622,0.0144324872594621,0.0002));
#14431=CARTESIAN_POINT('',(-0.0413133546566018,0.0101147222572387,0.0002));
#14432=CARTESIAN_POINT('',(-0.0413133546566018,0.0101147222572387,0.005002));
#14433=CARTESIAN_POINT('',(-0.0411604742370989,0.00998577429357664,0.005002));
#14434=CARTESIAN_POINT('',(-0.0411604742370989,0.00998577429357664,0.0002));
#14435=CARTESIAN_POINT('',(-0.0412613850403249,0.010158450319105,0.0002));
#14436=CARTESIAN_POINT('',(-0.0412613850403249,0.010158450319105,0.005002));
#14437=CARTESIAN_POINT('',(-0.04,0.008,0.005002));
#14438=CARTESIAN_POINT('',(-0.04,0.008,0.0002));
#14439=CARTESIAN_POINT('',(-0.0387386149596751,0.010158450319105,0.0002));
#14440=CARTESIAN_POINT('',(-0.0387386149596751,0.010158450319105,0.005002));
#14441=CARTESIAN_POINT('',(-0.0388395257629012,0.00998577429357664,0.005002));
#14442=CARTESIAN_POINT('',(-0.0388395257629012,0.00998577429357664,0.0002));
#14443=CARTESIAN_POINT('',(-0.0386866453433982,0.0101147222572387,0.0002));
#14444=CARTESIAN_POINT('',(-0.0386866453433982,0.0101147222572387,0.005002));
#14445=CARTESIAN_POINT('',(-0.0335675127405379,0.0144324872594621,0.005002));
#14446=CARTESIAN_POINT('',(-0.0335675127405379,0.0144324872594621,0.0002));
#14447=CARTESIAN_POINT('',(-0.0378852777427613,0.00931335465660184,0.0002));
#14448=CARTESIAN_POINT('',(-0.0378852777427613,0.00931335465660184,0.005002));
#14449=CARTESIAN_POINT('',(-0.0380142257064234,0.00916047423709889,0.005002));
#14450=CARTESIAN_POINT('',(-0.0380142257064234,0.00916047423709889,0.0002));
#14451=CARTESIAN_POINT('',(-0.037841549680895,0.00926138504032484,0.0002));
#14452=CARTESIAN_POINT('',(-0.037841549680895,0.00926138504032484,0.005002));
#14453=CARTESIAN_POINT('',(-0.04,0.008,0.005002));
#14454=CARTESIAN_POINT('',(-0.04,0.008,0.0002));
#14455=CARTESIAN_POINT('',(-0.037841549680895,0.00673861495967514,0.0002));
#14456=CARTESIAN_POINT('',(-0.037841549680895,0.00673861495967514,0.005002));
#14457=CARTESIAN_POINT('',(-0.0380142257064234,0.00683952576290114,0.005002));
#14458=CARTESIAN_POINT('',(-0.0380142257064234,0.00683952576290114,0.0002));
#14459=CARTESIAN_POINT('',(-0.0378852777427613,0.0066866453433982,0.0002));
#14460=CARTESIAN_POINT('',(-0.0378852777427613,0.0066866453433982,0.005002));
#14461=CARTESIAN_POINT('',(-0.0335675127405379,0.00156751274053789,0.005002));
#14462=CARTESIAN_POINT('',(-0.0335675127405379,0.00156751274053789,0.0002));
#14463=CARTESIAN_POINT('',(-0.0386866453433982,0.00588527774276124,0.0002));
#14464=CARTESIAN_POINT('',(-0.0386866453433982,0.00588527774276124,0.005002));
#14465=CARTESIAN_POINT('',(-0.0388395257629012,0.00601422570642334,0.005002));
#14466=CARTESIAN_POINT('',(-0.0388395257629012,0.00601422570642334,0.0002));
#14467=CARTESIAN_POINT('',(-0.0387386149596752,0.00584154968089495,0.0002));
#14468=CARTESIAN_POINT('',(-0.0387386149596752,0.00584154968089495,0.005002));
#14469=CARTESIAN_POINT('',(-0.04,0.008,0.005002));
#14470=CARTESIAN_POINT('',(-0.04,0.008,0.0002));
#14471=CARTESIAN_POINT('',(-0.0412613850403249,0.00584154968089495,0.0002));
#14472=CARTESIAN_POINT('',(-0.0412613850403249,0.00584154968089495,0.005002));
#14473=CARTESIAN_POINT('',(-0.0411604742370989,0.00601422570642339,0.005002));
#14474=CARTESIAN_POINT('',(-0.0411604742370989,0.00601422570642339,0.0002));
#14475=CARTESIAN_POINT('',(-0.0413133546566019,0.00588527774276129,0.0002));
#14476=CARTESIAN_POINT('',(-0.0413133546566019,0.00588527774276129,0.005002));
#14477=CARTESIAN_POINT('',(-0.0464324872594622,0.00156751274053789,0.005002));
#14478=CARTESIAN_POINT('',(-0.0464324872594622,0.00156751274053789,0.0002));
#14479=CARTESIAN_POINT('',(-0.0421147222572388,0.00668664534339815,0.0002));
#14480=CARTESIAN_POINT('',(-0.0421147222572388,0.00668664534339815,0.005002));
#14481=CARTESIAN_POINT('',(-0.0419857742935767,0.0068395257629011,0.005002));
#14482=CARTESIAN_POINT('',(-0.0419857742935767,0.0068395257629011,0.0002));
#14483=CARTESIAN_POINT('',(-0.04,-6.41302448931682E-18,0.005002));
#14484=CARTESIAN_POINT('',(-0.0421584503191051,-0.00126138504032486,0.005002));
#14485=CARTESIAN_POINT('',(-0.0421584503191051,-0.00126138504032486,0.0002));
#14486=CARTESIAN_POINT('',(-0.04,-6.7070621857921E-18,0.0002));
#14487=CARTESIAN_POINT('',(-0.042158450319105,0.00126138504032489,0.0002));
#14488=CARTESIAN_POINT('',(-0.042158450319105,0.00126138504032489,0.005002));
#14489=CARTESIAN_POINT('',(-0.0419857742935767,0.00116047423709889,0.005002));
#14490=CARTESIAN_POINT('',(-0.0419857742935767,0.00116047423709889,0.0002));
#14491=CARTESIAN_POINT('',(-0.0421147222572388,0.00131335465660184,0.0002));
#14492=CARTESIAN_POINT('',(-0.0421147222572388,0.00131335465660184,0.005002));
#14493=CARTESIAN_POINT('',(-0.0464324872594622,0.00643248725946209,0.005002));
#14494=CARTESIAN_POINT('',(-0.0464324872594622,0.00643248725946209,0.0002));
#14495=CARTESIAN_POINT('',(-0.0413133546566018,0.00211472225723874,0.0002));
#14496=CARTESIAN_POINT('',(-0.0413133546566018,0.00211472225723874,0.005002));
#14497=CARTESIAN_POINT('',(-0.0411604742370989,0.00198577429357665,0.005002));
#14498=CARTESIAN_POINT('',(-0.0411604742370989,0.00198577429357665,0.0002));
#14499=CARTESIAN_POINT('',(-0.0412613850403249,0.00215845031910504,0.0002));
#14500=CARTESIAN_POINT('',(-0.0412613850403249,0.00215845031910504,0.005002));
#14501=CARTESIAN_POINT('',(-0.04,-6.41302448931682E-18,0.005002));
#14502=CARTESIAN_POINT('',(-0.04,-6.7070621857921E-18,0.0002));
#14503=CARTESIAN_POINT('',(-0.0387386149596752,0.00215845031910504,0.0002));
#14504=CARTESIAN_POINT('',(-0.0387386149596752,0.00215845031910504,0.005002));
#14505=CARTESIAN_POINT('',(-0.0388395257629012,0.00198577429357665,0.005002));
#14506=CARTESIAN_POINT('',(-0.0388395257629012,0.00198577429357665,0.0002));
#14507=CARTESIAN_POINT('',(-0.0386866453433982,0.00211472225723874,0.0002));
#14508=CARTESIAN_POINT('',(-0.0386866453433982,0.00211472225723874,0.005002));
#14509=CARTESIAN_POINT('',(-0.0335675127405379,0.00643248725946209,0.005002));
#14510=CARTESIAN_POINT('',(-0.0335675127405379,0.00643248725946209,0.0002));
#14511=CARTESIAN_POINT('',(-0.0378852777427613,0.00131335465660184,0.0002));
#14512=CARTESIAN_POINT('',(-0.0378852777427613,0.00131335465660184,0.005002));
#14513=CARTESIAN_POINT('',(-0.0380142257064234,0.00116047423709889,0.005002));
#14514=CARTESIAN_POINT('',(-0.0380142257064234,0.00116047423709889,0.0002));
#14515=CARTESIAN_POINT('',(-0.037841549680895,0.00126138504032484,0.0002));
#14516=CARTESIAN_POINT('',(-0.037841549680895,0.00126138504032484,0.005002));
#14517=CARTESIAN_POINT('',(-0.04,-6.41302448931682E-18,0.005002));
#14518=CARTESIAN_POINT('',(-0.04,-6.7070621857921E-18,0.0002));
#14519=CARTESIAN_POINT('',(-0.037841549680895,-0.00126138504032486,0.0002));
#14520=CARTESIAN_POINT('',(-0.037841549680895,-0.00126138504032486,0.005002));
#14521=CARTESIAN_POINT('',(-0.0380142257064234,-0.00116047423709886,0.005002));
#14522=CARTESIAN_POINT('',(-0.0380142257064234,-0.00116047423709886,0.0002));
#14523=CARTESIAN_POINT('',(-0.0378852777427613,-0.00131335465660181,0.0002));
#14524=CARTESIAN_POINT('',(-0.0378852777427613,-0.00131335465660181,0.005002));
#14525=CARTESIAN_POINT('',(-0.0335675127405379,-0.00643248725946211,0.005002));
#14526=CARTESIAN_POINT('',(-0.0335675127405379,-0.00643248725946211,0.0002));
#14527=CARTESIAN_POINT('',(-0.0386866453433982,-0.00211472225723876,0.0002));
#14528=CARTESIAN_POINT('',(-0.0386866453433982,-0.00211472225723876,0.005002));
#14529=CARTESIAN_POINT('',(-0.0388395257629012,-0.00198577429357666,0.005002));
#14530=CARTESIAN_POINT('',(-0.0388395257629012,-0.00198577429357666,0.0002));
#14531=CARTESIAN_POINT('',(-0.0387386149596751,-0.00215845031910506,0.0002));
#14532=CARTESIAN_POINT('',(-0.0387386149596751,-0.00215845031910506,0.005002));
#14533=CARTESIAN_POINT('',(-0.04,-6.41302448931682E-18,0.005002));
#14534=CARTESIAN_POINT('',(-0.04,-6.7070621857921E-18,0.0002));
#14535=CARTESIAN_POINT('',(-0.0412613850403249,-0.00215845031910506,0.0002));
#14536=CARTESIAN_POINT('',(-0.0412613850403249,-0.00215845031910506,0.005002));
#14537=CARTESIAN_POINT('',(-0.0411604742370989,-0.00198577429357661,0.005002));
#14538=CARTESIAN_POINT('',(-0.0411604742370989,-0.00198577429357661,0.0002));
#14539=CARTESIAN_POINT('',(-0.0413133546566018,-0.00211472225723871,0.0002));
#14540=CARTESIAN_POINT('',(-0.0413133546566018,-0.00211472225723871,0.005002));
#14541=CARTESIAN_POINT('',(-0.0464324872594622,-0.00643248725946211,0.005002));
#14542=CARTESIAN_POINT('',(-0.0464324872594622,-0.00643248725946211,0.0002));
#14543=CARTESIAN_POINT('',(-0.0421147222572388,-0.00131335465660181,0.0002));
#14544=CARTESIAN_POINT('',(-0.0421147222572388,-0.00131335465660181,0.005002));
#14545=CARTESIAN_POINT('',(-0.0419857742935767,-0.00116047423709886,0.005002));
#14546=CARTESIAN_POINT('',(-0.0419857742935767,-0.00116047423709886,0.0002));
#14547=CARTESIAN_POINT('',(-0.04,-0.008,0.005002));
#14548=CARTESIAN_POINT('',(-0.0421584503191051,-0.00926138504032486,0.005002));
#14549=CARTESIAN_POINT('',(-0.0421584503191051,-0.00926138504032486,0.0002));
#14550=CARTESIAN_POINT('',(-0.04,-0.008,0.0002));
#14551=CARTESIAN_POINT('',(-0.0421584503191051,-0.00673861495967516,0.0002));
#14552=CARTESIAN_POINT('',(-0.0421584503191051,-0.00673861495967516,0.005002));
#14553=CARTESIAN_POINT('',(-0.0419857742935767,-0.00683952576290111,0.005002));
#14554=CARTESIAN_POINT('',(-0.0419857742935767,-0.00683952576290111,0.0002));
#14555=CARTESIAN_POINT('',(-0.0421147222572388,-0.00668664534339816,0.0002));
#14556=CARTESIAN_POINT('',(-0.0421147222572388,-0.00668664534339816,0.005002));
#14557=CARTESIAN_POINT('',(-0.0464324872594622,-0.00156751274053791,0.005002));
#14558=CARTESIAN_POINT('',(-0.0464324872594622,-0.00156751274053791,0.0002));
#14559=CARTESIAN_POINT('',(-0.0413133546566018,-0.00588527774276126,0.0002));
#14560=CARTESIAN_POINT('',(-0.0413133546566018,-0.00588527774276126,0.005002));
#14561=CARTESIAN_POINT('',(-0.0411604742370989,-0.00601422570642336,0.005002));
#14562=CARTESIAN_POINT('',(-0.0411604742370989,-0.00601422570642336,0.0002));
#14563=CARTESIAN_POINT('',(-0.0412613850403249,-0.00584154968089496,0.0002));
#14564=CARTESIAN_POINT('',(-0.0412613850403249,-0.00584154968089496,0.005002));
#14565=CARTESIAN_POINT('',(-0.04,-0.008,0.005002));
#14566=CARTESIAN_POINT('',(-0.04,-0.008,0.0002));
#14567=CARTESIAN_POINT('',(-0.0387386149596752,-0.00584154968089496,0.0002));
#14568=CARTESIAN_POINT('',(-0.0387386149596752,-0.00584154968089496,0.005002));
#14569=CARTESIAN_POINT('',(-0.0388395257629012,-0.00601422570642336,0.005002));
#14570=CARTESIAN_POINT('',(-0.0388395257629012,-0.00601422570642336,0.0002));
#14571=CARTESIAN_POINT('',(-0.0386866453433982,-0.00588527774276126,0.0002));
#14572=CARTESIAN_POINT('',(-0.0386866453433982,-0.00588527774276126,0.005002));
#14573=CARTESIAN_POINT('',(-0.0335675127405379,-0.00156751274053791,0.005002));
#14574=CARTESIAN_POINT('',(-0.0335675127405379,-0.00156751274053791,0.0002));
#14575=CARTESIAN_POINT('',(-0.0378852777427613,-0.00668664534339816,0.0002));
#14576=CARTESIAN_POINT('',(-0.0378852777427613,-0.00668664534339816,0.005002));
#14577=CARTESIAN_POINT('',(-0.0380142257064234,-0.00683952576290111,0.005002));
#14578=CARTESIAN_POINT('',(-0.0380142257064234,-0.00683952576290111,0.0002));
#14579=CARTESIAN_POINT('',(-0.037841549680895,-0.00673861495967516,0.0002));
#14580=CARTESIAN_POINT('',(-0.037841549680895,-0.00673861495967516,0.005002));
#14581=CARTESIAN_POINT('',(-0.04,-0.008,0.005002));
#14582=CARTESIAN_POINT('',(-0.04,-0.008,0.0002));
#14583=CARTESIAN_POINT('',(-0.037841549680895,-0.00926138504032486,0.0002));
#14584=CARTESIAN_POINT('',(-0.037841549680895,-0.00926138504032486,0.005002));
#14585=CARTESIAN_POINT('',(-0.0380142257064234,-0.00916047423709886,0.005002));
#14586=CARTESIAN_POINT('',(-0.0380142257064234,-0.00916047423709886,0.0002));
#14587=CARTESIAN_POINT('',(-0.0378852777427613,-0.00931335465660181,0.0002));
#14588=CARTESIAN_POINT('',(-0.0378852777427613,-0.00931335465660181,0.005002));
#14589=CARTESIAN_POINT('',(-0.0335675127405379,-0.0144324872594621,0.005002));
#14590=CARTESIAN_POINT('',(-0.0335675127405379,-0.0144324872594621,0.0002));
#14591=CARTESIAN_POINT('',(-0.0386866453433982,-0.0101147222572388,0.0002));
#14592=CARTESIAN_POINT('',(-0.0386866453433982,-0.0101147222572388,0.005002));
#14593=CARTESIAN_POINT('',(-0.0388395257629012,-0.00998577429357666,0.005002));
#14594=CARTESIAN_POINT('',(-0.0388395257629012,-0.00998577429357666,0.0002));
#14595=CARTESIAN_POINT('',(-0.0387386149596751,-0.0101584503191051,0.0002));
#14596=CARTESIAN_POINT('',(-0.0387386149596751,-0.0101584503191051,0.005002));
#14597=CARTESIAN_POINT('',(-0.04,-0.008,0.005002));
#14598=CARTESIAN_POINT('',(-0.04,-0.008,0.0002));
#14599=CARTESIAN_POINT('',(-0.0412613850403249,-0.0101584503191051,0.0002));
#14600=CARTESIAN_POINT('',(-0.0412613850403249,-0.0101584503191051,0.005002));
#14601=CARTESIAN_POINT('',(-0.0411604742370989,-0.00998577429357666,0.005002));
#14602=CARTESIAN_POINT('',(-0.0411604742370989,-0.00998577429357666,0.0002));
#14603=CARTESIAN_POINT('',(-0.0413133546566018,-0.0101147222572387,0.0002));
#14604=CARTESIAN_POINT('',(-0.0413133546566018,-0.0101147222572387,0.005002));
#14605=CARTESIAN_POINT('',(-0.0464324872594622,-0.0144324872594621,0.005002));
#14606=CARTESIAN_POINT('',(-0.0464324872594622,-0.0144324872594621,0.0002));
#14607=CARTESIAN_POINT('',(-0.0421147222572388,-0.00931335465660181,0.0002));
#14608=CARTESIAN_POINT('',(-0.0421147222572388,-0.00931335465660181,0.005002));
#14609=CARTESIAN_POINT('',(-0.0419857742935767,-0.00916047423709886,0.005002));
#14610=CARTESIAN_POINT('',(-0.0419857742935767,-0.00916047423709886,0.0002));
#14611=CARTESIAN_POINT('',(-0.04,-0.016,0.005002));
#14612=CARTESIAN_POINT('',(-0.042158450319105,-0.0172613850403249,0.005002));
#14613=CARTESIAN_POINT('',(-0.042158450319105,-0.0172613850403249,0.0002));
#14614=CARTESIAN_POINT('',(-0.04,-0.016,0.0002));
#14615=CARTESIAN_POINT('',(-0.0421584503191051,-0.0147386149596752,0.0002));
#14616=CARTESIAN_POINT('',(-0.0421584503191051,-0.0147386149596752,0.005002));
#14617=CARTESIAN_POINT('',(-0.0419857742935767,-0.0148395257629012,0.005002));
#14618=CARTESIAN_POINT('',(-0.0419857742935767,-0.0148395257629012,0.0002));
#14619=CARTESIAN_POINT('',(-0.0421147222572388,-0.0146866453433982,0.0002));
#14620=CARTESIAN_POINT('',(-0.0421147222572388,-0.0146866453433982,0.005002));
#14621=CARTESIAN_POINT('',(-0.0464324872594622,-0.00956751274053791,0.005002));
#14622=CARTESIAN_POINT('',(-0.0464324872594622,-0.00956751274053791,0.0002));
#14623=CARTESIAN_POINT('',(-0.0413133546566018,-0.0138852777427613,0.0002));
#14624=CARTESIAN_POINT('',(-0.0413133546566018,-0.0138852777427613,0.005002));
#14625=CARTESIAN_POINT('',(-0.0411604742370989,-0.0140142257064234,0.005002));
#14626=CARTESIAN_POINT('',(-0.0411604742370989,-0.0140142257064234,0.0002));
#14627=CARTESIAN_POINT('',(-0.0412613850403249,-0.013841549680895,0.0002));
#14628=CARTESIAN_POINT('',(-0.0412613850403249,-0.013841549680895,0.005002));
#14629=CARTESIAN_POINT('',(-0.04,-0.016,0.005002));
#14630=CARTESIAN_POINT('',(-0.04,-0.016,0.0002));
#14631=CARTESIAN_POINT('',(-0.0387386149596752,-0.013841549680895,0.0002));
#14632=CARTESIAN_POINT('',(-0.0387386149596752,-0.013841549680895,0.005002));
#14633=CARTESIAN_POINT('',(-0.0388395257629012,-0.0140142257064234,0.005002));
#14634=CARTESIAN_POINT('',(-0.0388395257629012,-0.0140142257064234,0.0002));
#14635=CARTESIAN_POINT('',(-0.0386866453433982,-0.0138852777427613,0.0002));
#14636=CARTESIAN_POINT('',(-0.0386866453433982,-0.0138852777427613,0.005002));
#14637=CARTESIAN_POINT('',(-0.0335675127405379,-0.00956751274053791,0.005002));
#14638=CARTESIAN_POINT('',(-0.0335675127405379,-0.00956751274053791,0.0002));
#14639=CARTESIAN_POINT('',(-0.0378852777427613,-0.0146866453433982,0.0002));
#14640=CARTESIAN_POINT('',(-0.0378852777427613,-0.0146866453433982,0.005002));
#14641=CARTESIAN_POINT('',(-0.0380142257064234,-0.0148395257629011,0.005002));
#14642=CARTESIAN_POINT('',(-0.0380142257064234,-0.0148395257629011,0.0002));
#14643=CARTESIAN_POINT('',(-0.037841549680895,-0.0147386149596752,0.0002));
#14644=CARTESIAN_POINT('',(-0.037841549680895,-0.0147386149596752,0.005002));
#14645=CARTESIAN_POINT('',(-0.04,-0.016,0.005002));
#14646=CARTESIAN_POINT('',(-0.04,-0.016,0.0002));
#14647=CARTESIAN_POINT('',(-0.037841549680895,-0.0172613850403249,0.0002));
#14648=CARTESIAN_POINT('',(-0.037841549680895,-0.0172613850403249,0.005002));
#14649=CARTESIAN_POINT('',(-0.0380142257064234,-0.0171604742370989,0.005002));
#14650=CARTESIAN_POINT('',(-0.0380142257064234,-0.0171604742370989,0.0002));
#14651=CARTESIAN_POINT('',(-0.0378852777427613,-0.0173133546566019,0.0002));
#14652=CARTESIAN_POINT('',(-0.0378852777427613,-0.0173133546566019,0.005002));
#14653=CARTESIAN_POINT('',(-0.0335675127405379,-0.0224324872594622,0.005002));
#14654=CARTESIAN_POINT('',(-0.0335675127405379,-0.0224324872594622,0.0002));
#14655=CARTESIAN_POINT('',(-0.0386866453433982,-0.0181147222572388,0.0002));
#14656=CARTESIAN_POINT('',(-0.0386866453433982,-0.0181147222572388,0.005002));
#14657=CARTESIAN_POINT('',(-0.0388395257629012,-0.0179857742935766,0.005002));
#14658=CARTESIAN_POINT('',(-0.0388395257629012,-0.0179857742935766,0.0002));
#14659=CARTESIAN_POINT('',(-0.0387386149596751,-0.0181584503191051,0.0002));
#14660=CARTESIAN_POINT('',(-0.0387386149596751,-0.0181584503191051,0.005002));
#14661=CARTESIAN_POINT('',(-0.04,-0.016,0.005002));
#14662=CARTESIAN_POINT('',(-0.04,-0.016,0.0002));
#14663=CARTESIAN_POINT('',(-0.0412613850403249,-0.0181584503191051,0.0002));
#14664=CARTESIAN_POINT('',(-0.0412613850403249,-0.0181584503191051,0.005002));
#14665=CARTESIAN_POINT('',(-0.0411604742370989,-0.0179857742935766,0.005002));
#14666=CARTESIAN_POINT('',(-0.0411604742370989,-0.0179857742935766,0.0002));
#14667=CARTESIAN_POINT('',(-0.0413133546566018,-0.0181147222572388,0.0002));
#14668=CARTESIAN_POINT('',(-0.0413133546566018,-0.0181147222572388,0.005002));
#14669=CARTESIAN_POINT('',(-0.0464324872594622,-0.0224324872594622,0.005002));
#14670=CARTESIAN_POINT('',(-0.0464324872594622,-0.0224324872594622,0.0002));
#14671=CARTESIAN_POINT('',(-0.0421147222572388,-0.0173133546566019,0.0002));
#14672=CARTESIAN_POINT('',(-0.0421147222572388,-0.0173133546566019,0.005002));
#14673=CARTESIAN_POINT('',(-0.0419857742935767,-0.0171604742370989,0.005002));
#14674=CARTESIAN_POINT('',(-0.0419857742935767,-0.0171604742370989,0.0002));
#14675=CARTESIAN_POINT('',(-0.04,-0.024,0.005002));
#14676=CARTESIAN_POINT('',(-0.042158450319105,-0.0252613850403249,0.005002));
#14677=CARTESIAN_POINT('',(-0.042158450319105,-0.0252613850403249,0.0002));
#14678=CARTESIAN_POINT('',(-0.04,-0.024,0.0002));
#14679=CARTESIAN_POINT('',(-0.0421584503191051,-0.0227386149596751,0.0002));
#14680=CARTESIAN_POINT('',(-0.0421584503191051,-0.0227386149596751,0.005002));
#14681=CARTESIAN_POINT('',(-0.0419857742935767,-0.0228395257629011,0.005002));
#14682=CARTESIAN_POINT('',(-0.0419857742935767,-0.0228395257629011,0.0002));
#14683=CARTESIAN_POINT('',(-0.0421147222572388,-0.0226866453433982,0.0002));
#14684=CARTESIAN_POINT('',(-0.0421147222572388,-0.0226866453433982,0.005002));
#14685=CARTESIAN_POINT('',(-0.0464324872594622,-0.0175675127405379,0.005002));
#14686=CARTESIAN_POINT('',(-0.0464324872594622,-0.0175675127405379,0.0002));
#14687=CARTESIAN_POINT('',(-0.0413133546566018,-0.0218852777427613,0.0002));
#14688=CARTESIAN_POINT('',(-0.0413133546566018,-0.0218852777427613,0.005002));
#14689=CARTESIAN_POINT('',(-0.0411604742370989,-0.0220142257064234,0.005002));
#14690=CARTESIAN_POINT('',(-0.0411604742370989,-0.0220142257064234,0.0002));
#14691=CARTESIAN_POINT('',(-0.0412613850403249,-0.0218415496808949,0.0002));
#14692=CARTESIAN_POINT('',(-0.0412613850403249,-0.0218415496808949,0.005002));
#14693=CARTESIAN_POINT('',(-0.04,-0.024,0.005002));
#14694=CARTESIAN_POINT('',(-0.04,-0.024,0.0002));
#14695=CARTESIAN_POINT('',(-0.0387386149596752,-0.0218415496808949,0.0002));
#14696=CARTESIAN_POINT('',(-0.0387386149596752,-0.0218415496808949,0.005002));
#14697=CARTESIAN_POINT('',(-0.0388395257629012,-0.0220142257064234,0.005002));
#14698=CARTESIAN_POINT('',(-0.0388395257629012,-0.0220142257064234,0.0002));
#14699=CARTESIAN_POINT('',(-0.0386866453433982,-0.0218852777427613,0.0002));
#14700=CARTESIAN_POINT('',(-0.0386866453433982,-0.0218852777427613,0.005002));
#14701=CARTESIAN_POINT('',(-0.0335675127405379,-0.0175675127405379,0.005002));
#14702=CARTESIAN_POINT('',(-0.0335675127405379,-0.0175675127405379,0.0002));
#14703=CARTESIAN_POINT('',(-0.0378852777427613,-0.0226866453433982,0.0002));
#14704=CARTESIAN_POINT('',(-0.0378852777427613,-0.0226866453433982,0.005002));
#14705=CARTESIAN_POINT('',(-0.0380142257064234,-0.0228395257629011,0.005002));
#14706=CARTESIAN_POINT('',(-0.0380142257064234,-0.0228395257629011,0.0002));
#14707=CARTESIAN_POINT('',(-0.037841549680895,-0.0227386149596751,0.0002));
#14708=CARTESIAN_POINT('',(-0.037841549680895,-0.0227386149596751,0.005002));
#14709=CARTESIAN_POINT('',(-0.04,-0.024,0.005002));
#14710=CARTESIAN_POINT('',(-0.04,-0.024,0.0002));
#14711=CARTESIAN_POINT('',(-0.037841549680895,-0.0252613850403249,0.0002));
#14712=CARTESIAN_POINT('',(-0.037841549680895,-0.0252613850403249,0.005002));
#14713=CARTESIAN_POINT('',(-0.0380142257064234,-0.0251604742370989,0.005002));
#14714=CARTESIAN_POINT('',(-0.0380142257064234,-0.0251604742370989,0.0002));
#14715=CARTESIAN_POINT('',(-0.0378852777427613,-0.0253133546566019,0.0002));
#14716=CARTESIAN_POINT('',(-0.0378852777427613,-0.0253133546566019,0.005002));
#14717=CARTESIAN_POINT('',(-0.0335675127405379,-0.0304324872594622,0.005002));
#14718=CARTESIAN_POINT('',(-0.0335675127405379,-0.0304324872594622,0.0002));
#14719=CARTESIAN_POINT('',(-0.0386866453433982,-0.0261147222572387,0.0002));
#14720=CARTESIAN_POINT('',(-0.0386866453433982,-0.0261147222572387,0.005002));
#14721=CARTESIAN_POINT('',(-0.0388395257629012,-0.0259857742935766,0.005002));
#14722=CARTESIAN_POINT('',(-0.0388395257629012,-0.0259857742935766,0.0002));
#14723=CARTESIAN_POINT('',(-0.0387386149596751,-0.0261584503191051,0.0002));
#14724=CARTESIAN_POINT('',(-0.0387386149596751,-0.0261584503191051,0.005002));
#14725=CARTESIAN_POINT('',(-0.04,-0.024,0.005002));
#14726=CARTESIAN_POINT('',(-0.04,-0.024,0.0002));
#14727=CARTESIAN_POINT('',(-0.0412613850403249,-0.0261584503191051,0.0002));
#14728=CARTESIAN_POINT('',(-0.0412613850403249,-0.0261584503191051,0.005002));
#14729=CARTESIAN_POINT('',(-0.0411604742370989,-0.0259857742935766,0.005002));
#14730=CARTESIAN_POINT('',(-0.0411604742370989,-0.0259857742935766,0.0002));
#14731=CARTESIAN_POINT('',(-0.0413133546566018,-0.0261147222572387,0.0002));
#14732=CARTESIAN_POINT('',(-0.0413133546566018,-0.0261147222572387,0.005002));
#14733=CARTESIAN_POINT('',(-0.0464324872594622,-0.0304324872594622,0.005002));
#14734=CARTESIAN_POINT('',(-0.0464324872594622,-0.0304324872594622,0.0002));
#14735=CARTESIAN_POINT('',(-0.0421147222572388,-0.0253133546566019,0.0002));
#14736=CARTESIAN_POINT('',(-0.0421147222572388,-0.0253133546566019,0.005002));
#14737=CARTESIAN_POINT('',(-0.0419857742935767,-0.0251604742370989,0.005002));
#14738=CARTESIAN_POINT('',(-0.0419857742935767,-0.0251604742370989,0.0002));
#14739=CARTESIAN_POINT('',(-0.04,0.024,0.0002));
#14740=CARTESIAN_POINT('',(-0.0423311263446335,0.0253622958435508,0.0002));
#14741=CARTESIAN_POINT('',(-0.0423311263446335,0.0253622958435508,-1.59816781171186E-18));
#14742=CARTESIAN_POINT('',(-0.0423311263446335,0.0226377041564491,0.0002));
#14743=CARTESIAN_POINT('',(-0.0423311263446335,0.0226377041564491,-1.31387945192964E-18));
#14744=CARTESIAN_POINT('',(-0.04,0.024,-1.46957615897682E-18));
#14745=CARTESIAN_POINT('',(-0.0419857742935767,0.0251604742370989,0.0002));
#14746=CARTESIAN_POINT('',(-0.0422436702209009,0.0254662350761048,0.0002));
#14747=CARTESIAN_POINT('',(-0.0422436702209009,0.0254662350761048,-1.66777738086284E-18));
#14748=CARTESIAN_POINT('',(-0.0419857742935767,0.0251604742370989,-1.54063471197463E-18));
#14749=CARTESIAN_POINT('',(-0.0464324872594622,0.0304324872594621,0.0002));
#14750=CARTESIAN_POINT('',(-0.0414662350761048,0.0262436702209008,0.0002));
#14751=CARTESIAN_POINT('',(-0.0414662350761048,0.0262436702209008,-1.86897686171257E-18));
#14752=CARTESIAN_POINT('',(-0.0464324872594622,0.0304324872594621,-1.86345240561964E-18));
#14753=CARTESIAN_POINT('',(-0.0411604742370989,0.0259857742935766,0.0002));
#14754=CARTESIAN_POINT('',(-0.0413622958435509,0.0263311263446334,0.0002));
#14755=CARTESIAN_POINT('',(-0.0413622958435509,0.0263311263446334,-1.5355188259106E-18));
#14756=CARTESIAN_POINT('',(-0.0411604742370989,0.0259857742935766,-1.59116976559971E-18));
#14757=CARTESIAN_POINT('',(-0.04,0.024,0.0002));
#14758=CARTESIAN_POINT('',(-0.04,0.024,-1.46957615897682E-18));
#14759=CARTESIAN_POINT('',(-0.0386377041564492,0.0263311263446334,-1.70266666083545E-18));
#14760=CARTESIAN_POINT('',(-0.0386377041564492,0.0263311263446334,0.0002));
#14761=CARTESIAN_POINT('',(-0.0388395257629012,0.0259857742935766,0.0002));
#14762=CARTESIAN_POINT('',(-0.0388395257629012,0.0259857742935766,-1.59116976559971E-18));
#14763=CARTESIAN_POINT('',(-0.0385337649238953,0.0262436702209008,-1.30880573926173E-18));
#14764=CARTESIAN_POINT('',(-0.0385337649238953,0.0262436702209008,0.0002));
#14765=CARTESIAN_POINT('',(-0.0335675127405379,0.0304324872594621,0.0002));
#14766=CARTESIAN_POINT('',(-0.0335675127405379,0.0304324872594621,-1.86345240561964E-18));
#14767=CARTESIAN_POINT('',(-0.0377563297790992,0.0254662350761048,-2.18277341279345E-18));
#14768=CARTESIAN_POINT('',(-0.0377563297790992,0.0254662350761048,0.0002));
#14769=CARTESIAN_POINT('',(-0.0380142257064234,0.0251604742370989,0.0002));
#14770=CARTESIAN_POINT('',(-0.0380142257064234,0.0251604742370989,-1.54063471197463E-18));
#14771=CARTESIAN_POINT('',(-0.0376688736553666,0.0253622958435509,-1.68174172917429E-18));
#14772=CARTESIAN_POINT('',(-0.0376688736553666,0.0253622958435509,0.0002));
#14773=CARTESIAN_POINT('',(-0.04,0.024,0.0002));
#14774=CARTESIAN_POINT('',(-0.04,0.024,-1.46957615897682E-18));
#14775=CARTESIAN_POINT('',(-0.0376688736553666,0.0226377041564492,-1.61655255841518E-18));
#14776=CARTESIAN_POINT('',(-0.0376688736553666,0.0226377041564492,0.0002));
#14777=CARTESIAN_POINT('',(-0.0380142257064234,0.0228395257629011,0.0002));
#14778=CARTESIAN_POINT('',(-0.0380142257064234,0.0228395257629011,-1.39851760597902E-18));
#14779=CARTESIAN_POINT('',(-0.0377563297790992,0.0225337649238952,-1.59663558883646E-18));
#14780=CARTESIAN_POINT('',(-0.0377563297790992,0.0225337649238952,0.0002));
#14781=CARTESIAN_POINT('',(-0.0335675127405379,0.0175675127405379,0.0002));
#14782=CARTESIAN_POINT('',(-0.0335675127405379,0.0175675127405379,-1.075699912334E-18));
#14783=CARTESIAN_POINT('',(-0.0385337649238953,0.0217563297790992,-1.53547888859943E-18));
#14784=CARTESIAN_POINT('',(-0.0385337649238953,0.0217563297790992,0.0002));
#14785=CARTESIAN_POINT('',(-0.0388395257629012,0.0220142257064234,0.0002));
#14786=CARTESIAN_POINT('',(-0.0388395257629012,0.0220142257064234,-1.34798255235394E-18));
#14787=CARTESIAN_POINT('',(-0.0386377041564492,0.0216688736553666,-1.001575186413E-18));
#14788=CARTESIAN_POINT('',(-0.0386377041564492,0.0216688736553666,0.0002));
#14789=CARTESIAN_POINT('',(-0.04,0.024,0.0002));
#14790=CARTESIAN_POINT('',(-0.04,0.024,-1.46957615897682E-18));
#14791=CARTESIAN_POINT('',(-0.0413622958435509,0.0216688736553666,-1.41718601919911E-18));
#14792=CARTESIAN_POINT('',(-0.0413622958435509,0.0216688736553666,0.0002));
#14793=CARTESIAN_POINT('',(-0.0411604742370989,0.0220142257064234,0.0002));
#14794=CARTESIAN_POINT('',(-0.0414662350761048,0.0217563297790992,0.0002));
#14795=CARTESIAN_POINT('',(-0.0414662350761048,0.0217563297790992,-1.49482130713123E-18));
#14796=CARTESIAN_POINT('',(-0.0411604742370989,0.0220142257064234,-1.34798255235394E-18));
#14797=CARTESIAN_POINT('',(-0.0464324872594622,0.0175675127405379,0.0002));
#14798=CARTESIAN_POINT('',(-0.0422436702209009,0.0225337649238952,0.0002));
#14799=CARTESIAN_POINT('',(-0.0422436702209009,0.0225337649238952,-1.67795075177287E-18));
#14800=CARTESIAN_POINT('',(-0.0464324872594622,0.0175675127405379,-1.075699912334E-18));
#14801=CARTESIAN_POINT('',(-0.0419857742935767,0.0228395257629011,0.0002));
#14802=CARTESIAN_POINT('',(-0.0419857742935767,0.0228395257629011,-1.39851760597902E-18));
#14803=CARTESIAN_POINT('',(-0.04,0.016,0.0002));
#14804=CARTESIAN_POINT('',(-0.0423311263446335,0.0173622958435509,0.0002));
#14805=CARTESIAN_POINT('',(-0.0423311263446335,0.0173622958435509,-1.14444916446911E-18));
#14806=CARTESIAN_POINT('',(-0.0423311263446335,0.0146377041564491,0.0002));
#14807=CARTESIAN_POINT('',(-0.0423311263446335,0.0146377041564491,-8.24020732270698E-19));
#14808=CARTESIAN_POINT('',(-0.04,0.016,-9.79717439317882E-19));
#14809=CARTESIAN_POINT('',(-0.0419857742935767,0.0171604742370989,0.0002));
#14810=CARTESIAN_POINT('',(-0.0422436702209009,0.0174662350761048,0.0002));
#14811=CARTESIAN_POINT('',(-0.0422436702209009,0.0174662350761048,-1.1779186612039E-18));
#14812=CARTESIAN_POINT('',(-0.0419857742935767,0.0171604742370989,-1.05077599231569E-18));
#14813=CARTESIAN_POINT('',(-0.0464324872594622,0.0224324872594621,0.0002));
#14814=CARTESIAN_POINT('',(-0.0414662350761048,0.0182436702209008,0.0002));
#14815=CARTESIAN_POINT('',(-0.0414662350761048,0.0182436702209008,-1.25262788859699E-18));
#14816=CARTESIAN_POINT('',(-0.0464324872594622,0.0224324872594621,-1.3735936859607E-18));
#14817=CARTESIAN_POINT('',(-0.0411604742370989,0.0179857742935766,0.0002));
#14818=CARTESIAN_POINT('',(-0.0413622958435509,0.0183311263446334,0.0002));
#14819=CARTESIAN_POINT('',(-0.0413622958435509,0.0183311263446334,-1.09535270582391E-18));
#14820=CARTESIAN_POINT('',(-0.0411604742370989,0.0179857742935766,-1.10131104594077E-18));
#14821=CARTESIAN_POINT('',(-0.04,0.016,0.0002));
#14822=CARTESIAN_POINT('',(-0.04,0.016,-9.79717439317882E-19));
#14823=CARTESIAN_POINT('',(-0.0386377041564492,0.0183311263446335,-9.733799614193E-19));
#14824=CARTESIAN_POINT('',(-0.0386377041564492,0.0183311263446334,0.0002));
#14825=CARTESIAN_POINT('',(-0.0388395257629012,0.0179857742935766,0.0002));
#14826=CARTESIAN_POINT('',(-0.0388395257629012,0.0179857742935766,-1.10131104594077E-18));
#14827=CARTESIAN_POINT('',(-0.0385337649238953,0.0182436702209008,-1.34749557868947E-18));
#14828=CARTESIAN_POINT('',(-0.0385337649238953,0.0182436702209008,0.0002));
#14829=CARTESIAN_POINT('',(-0.0335675127405379,0.0224324872594621,0.0002));
#14830=CARTESIAN_POINT('',(-0.0335675127405379,0.0224324872594621,-1.3735936859607E-18));
#14831=CARTESIAN_POINT('',(-0.0377563297790992,0.0174662350761048,-1.48510927674146E-18));
#14832=CARTESIAN_POINT('',(-0.0377563297790992,0.0174662350761048,0.0002));
#14833=CARTESIAN_POINT('',(-0.0380142257064234,0.0171604742370989,0.0002));
#14834=CARTESIAN_POINT('',(-0.0380142257064234,0.0171604742370989,-1.05077599231569E-18));
#14835=CARTESIAN_POINT('',(-0.0376688736553666,0.0173622958435509,-1.24383436361362E-18));
#14836=CARTESIAN_POINT('',(-0.0376688736553666,0.0173622958435509,0.0002));
#14837=CARTESIAN_POINT('',(-0.04,0.016,0.0002));
#14838=CARTESIAN_POINT('',(-0.04,0.016,-9.79717439317882E-19));
#14839=CARTESIAN_POINT('',(-0.0376688736553666,0.0146377041564492,-1.20349149264063E-18));
#14840=CARTESIAN_POINT('',(-0.0376688736553666,0.0146377041564492,0.0002));
#14841=CARTESIAN_POINT('',(-0.0380142257064234,0.0148395257629011,0.0002));
#14842=CARTESIAN_POINT('',(-0.0380142257064234,0.0148395257629011,-9.08658886320076E-19));
#14843=CARTESIAN_POINT('',(-0.0377563297790992,0.0145337649238952,-1.18809203211393E-18));
#14844=CARTESIAN_POINT('',(-0.0377563297790992,0.0145337649238952,0.0002));
#14845=CARTESIAN_POINT('',(-0.0335675127405379,0.0095675127405379,0.0002));
#14846=CARTESIAN_POINT('',(-0.0335675127405379,0.0095675127405379,-5.85841192675063E-19));
#14847=CARTESIAN_POINT('',(-0.0385337649238953,0.0137563297790992,-1.04562016894049E-18));
#14848=CARTESIAN_POINT('',(-0.0385337649238953,0.0137563297790992,0.0002));
#14849=CARTESIAN_POINT('',(-0.0388395257629012,0.0140142257064234,0.0002));
#14850=CARTESIAN_POINT('',(-0.0388395257629012,0.0140142257064234,-8.58123832694998E-19));
#14851=CARTESIAN_POINT('',(-0.0386377041564492,0.0136688736553666,-5.11716466754063E-19));
#14852=CARTESIAN_POINT('',(-0.0386377041564492,0.0136688736553666,0.0002));
#14853=CARTESIAN_POINT('',(-0.04,0.016,0.0002));
#14854=CARTESIAN_POINT('',(-0.04,0.016,-9.79717439317882E-19));
#14855=CARTESIAN_POINT('',(-0.0413622958435509,0.0136688736553666,-9.27327299540173E-19));
#14856=CARTESIAN_POINT('',(-0.0413622958435509,0.0136688736553666,0.0002));
#14857=CARTESIAN_POINT('',(-0.0411604742370989,0.0140142257064234,0.0002));
#14858=CARTESIAN_POINT('',(-0.0414662350761048,0.0137563297790992,0.0002));
#14859=CARTESIAN_POINT('',(-0.0414662350761048,0.0137563297790992,-9.95927569368242E-19));
#14860=CARTESIAN_POINT('',(-0.0411604742370989,0.0140142257064234,-8.58123832694998E-19));
#14861=CARTESIAN_POINT('',(-0.0464324872594622,0.0095675127405379,0.0002));
#14862=CARTESIAN_POINT('',(-0.0422436702209009,0.0145337649238952,0.0002));
#14863=CARTESIAN_POINT('',(-0.0422436702209009,0.0145337649238952,-1.28747723125843E-18));
#14864=CARTESIAN_POINT('',(-0.0464324872594622,0.0095675127405379,-5.85841192675063E-19));
#14865=CARTESIAN_POINT('',(-0.0419857742935767,0.0148395257629011,0.0002));
#14866=CARTESIAN_POINT('',(-0.0419857742935767,0.0148395257629011,-9.08658886320076E-19));
#14867=CARTESIAN_POINT('',(-0.04,0.008,0.0002));
#14868=CARTESIAN_POINT('',(-0.0423311263446335,0.00936229584355084,0.0002));
#14869=CARTESIAN_POINT('',(-0.0423311263446335,0.00936229584355084,-6.18450372393985E-19));
#14870=CARTESIAN_POINT('',(-0.0423311263446335,0.00663770415644915,0.0002));
#14871=CARTESIAN_POINT('',(-0.0423311263446335,0.00663770415644915,-3.65784575975921E-19));
#14872=CARTESIAN_POINT('',(-0.04,0.008,-4.89858719658941E-19));
#14873=CARTESIAN_POINT('',(-0.0419857742935767,0.00916047423709884,0.0002));
#14874=CARTESIAN_POINT('',(-0.0422436702209009,0.00946623507610474,0.0002));
#14875=CARTESIAN_POINT('',(-0.0422436702209009,0.00946623507610474,-6.88059941544954E-19));
#14876=CARTESIAN_POINT('',(-0.0419857742935767,0.00916047423709884,-5.60917272656745E-19));
#14877=CARTESIAN_POINT('',(-0.0464324872594622,0.0144324872594621,0.0002));
#14878=CARTESIAN_POINT('',(-0.0414662350761048,0.0102436702209008,0.0002));
#14879=CARTESIAN_POINT('',(-0.0414662350761048,0.0102436702209008,-8.30531804718396E-19));
#14880=CARTESIAN_POINT('',(-0.0464324872594622,0.0144324872594621,-8.83734966301761E-19));
#14881=CARTESIAN_POINT('',(-0.0411604742370989,0.00998577429357664,0.0002));
#14882=CARTESIAN_POINT('',(-0.0413622958435509,0.0103311263446334,0.0002));
#14883=CARTESIAN_POINT('',(-0.0413622958435509,0.0103311263446334,-4.79003732708333E-19));
#14884=CARTESIAN_POINT('',(-0.0411604742370989,0.00998577429357664,-6.11452326281829E-19));
#14885=CARTESIAN_POINT('',(-0.04,0.008,0.0002));
#14886=CARTESIAN_POINT('',(-0.04,0.008,-4.89858719658941E-19));
#14887=CARTESIAN_POINT('',(-0.0386377041564492,0.0103311263446334,-7.22949221517571E-19));
#14888=CARTESIAN_POINT('',(-0.0386377041564492,0.0103311263446334,0.0002));
#14889=CARTESIAN_POINT('',(-0.0388395257629012,0.00998577429357664,0.0002));
#14890=CARTESIAN_POINT('',(-0.0388395257629012,0.00998577429357664,-6.11452326281829E-19));
#14891=CARTESIAN_POINT('',(-0.0385337649238953,0.0102436702209008,-3.29088299943851E-19));
#14892=CARTESIAN_POINT('',(-0.0385337649238953,0.0102436702209008,0.0002));
#14893=CARTESIAN_POINT('',(-0.0335675127405379,0.0144324872594621,0.0002));
#14894=CARTESIAN_POINT('',(-0.0335675127405379,0.0144324872594621,-8.83734966301761E-19));
#14895=CARTESIAN_POINT('',(-0.0377563297790992,0.00946623507610479,-9.95250557082517E-19));
#14896=CARTESIAN_POINT('',(-0.0377563297790992,0.00946623507610479,0.0002));
#14897=CARTESIAN_POINT('',(-0.0380142257064234,0.00916047423709889,0.0002));
#14898=CARTESIAN_POINT('',(-0.0380142257064234,0.00916047423709889,-5.60917272656748E-19));
#14899=CARTESIAN_POINT('',(-0.0376688736553666,0.00936229584355084,-7.53975643954673E-19));
#14900=CARTESIAN_POINT('',(-0.0376688736553666,0.00936229584355084,0.0002));
#14901=CARTESIAN_POINT('',(-0.04,0.008,0.0002));
#14902=CARTESIAN_POINT('',(-0.04,0.008,-4.89858719658941E-19));
#14903=CARTESIAN_POINT('',(-0.0376688736553666,0.00663770415644915,-7.13632772981686E-19));
#14904=CARTESIAN_POINT('',(-0.0376688736553666,0.00663770415644915,0.0002));
#14905=CARTESIAN_POINT('',(-0.0380142257064234,0.00683952576290114,0.0002));
#14906=CARTESIAN_POINT('',(-0.0380142257064234,0.00683952576290114,-4.18800166661138E-19));
#14907=CARTESIAN_POINT('',(-0.0377563297790992,0.00653376492389524,-6.98233312454992E-19));
#14908=CARTESIAN_POINT('',(-0.0377563297790992,0.00653376492389524,0.0002));
#14909=CARTESIAN_POINT('',(-0.0335675127405379,0.00156751274053789,0.0002));
#14910=CARTESIAN_POINT('',(-0.0335675127405379,0.00156751274053789,-9.59824730161219E-20));
#14911=CARTESIAN_POINT('',(-0.0385337649238953,0.00575632977909914,-5.5576144928155E-19));
#14912=CARTESIAN_POINT('',(-0.0385337649238953,0.00575632977909914,0.0002));
#14913=CARTESIAN_POINT('',(-0.0388395257629012,0.00601422570642334,0.0002));
#14914=CARTESIAN_POINT('',(-0.0388395257629012,0.00601422570642334,-3.68265113036054E-19));
#14915=CARTESIAN_POINT('',(-0.0386377041564492,0.00566887365536654,-2.18577470951186E-20));
#14916=CARTESIAN_POINT('',(-0.0386377041564492,0.00566887365536654,0.0002));
#14917=CARTESIAN_POINT('',(-0.04,0.008,0.0002));
#14918=CARTESIAN_POINT('',(-0.04,0.008,-4.89858719658941E-19));
#14919=CARTESIAN_POINT('',(-0.0413622958435509,0.00566887365536654,-4.37468579881229E-19));
#14920=CARTESIAN_POINT('',(-0.0413622958435509,0.00566887365536654,0.0002));
#14921=CARTESIAN_POINT('',(-0.0411604742370989,0.00601422570642339,0.0002));
#14922=CARTESIAN_POINT('',(-0.0414662350761048,0.00575632977909919,0.0002));
#14923=CARTESIAN_POINT('',(-0.0414662350761048,0.00575632977909919,-5.15103867813347E-19));
#14924=CARTESIAN_POINT('',(-0.0411604742370989,0.00601422570642339,-3.68265113036057E-19));
#14925=CARTESIAN_POINT('',(-0.0464324872594622,0.00156751274053789,0.0002));
#14926=CARTESIAN_POINT('',(-0.0422436702209009,0.00653376492389519,0.0002));
#14927=CARTESIAN_POINT('',(-0.0422436702209009,0.00653376492389519,-5.98848113310484E-19));
#14928=CARTESIAN_POINT('',(-0.0464324872594622,0.00156751274053789,-9.59824730161219E-20));
#14929=CARTESIAN_POINT('',(-0.0419857742935767,0.0068395257629011,0.0002));
#14930=CARTESIAN_POINT('',(-0.0419857742935767,0.0068395257629011,-4.18800166661134E-19));
#14931=CARTESIAN_POINT('',(-0.04,-6.7070621857921E-18,0.0002));
#14932=CARTESIAN_POINT('',(-0.0423311263446335,0.00136229584355084,0.0002));
#14933=CARTESIAN_POINT('',(-0.0423311263446335,0.00136229584355084,-1.28591652735044E-19));
#14934=CARTESIAN_POINT('',(-0.0423311263446335,-0.00136229584355086,0.0002));
#14935=CARTESIAN_POINT('',(-0.0423311263446335,-0.00136229584355086,1.44402934417124E-19));
#14936=CARTESIAN_POINT('',(-0.04,-6.71930865378358E-18,0.));
#14937=CARTESIAN_POINT('',(-0.0419857742935767,0.00116047423709889,0.0002));
#14938=CARTESIAN_POINT('',(-0.0422436702209009,0.00146623507610479,0.0002));
#14939=CARTESIAN_POINT('',(-0.0422436702209009,0.00146623507610479,-1.98201221886017E-19));
#14940=CARTESIAN_POINT('',(-0.0419857742935767,0.00116047423709889,-7.10585529978066E-20));
#14941=CARTESIAN_POINT('',(-0.0464324872594622,0.00643248725946209,0.0002));
#14942=CARTESIAN_POINT('',(-0.0414662350761048,0.00224367022090085,0.0002));
#14943=CARTESIAN_POINT('',(-0.0414662350761048,0.00224367022090085,-2.72910449279111E-19));
#14944=CARTESIAN_POINT('',(-0.0464324872594622,0.00643248725946209,-3.9387624664282E-19));
#14945=CARTESIAN_POINT('',(-0.0411604742370989,0.00198577429357665,0.0002));
#14946=CARTESIAN_POINT('',(-0.0413622958435509,0.00233112634463345,0.0002));
#14947=CARTESIAN_POINT('',(-0.0413622958435509,0.00233112634463345,-1.15635266506034E-19));
#14948=CARTESIAN_POINT('',(-0.0411604742370989,0.00198577429357665,-1.21593606622887E-19));
#14949=CARTESIAN_POINT('',(-0.04,-6.7070621857921E-18,0.0002));
#14950=CARTESIAN_POINT('',(-0.04,-6.71930865378358E-18,0.));
#14951=CARTESIAN_POINT('',(-0.0386377041564492,0.00233112634463345,6.33747789858583E-21));
#14952=CARTESIAN_POINT('',(-0.0386377041564492,0.00233112634463345,0.0002));
#14953=CARTESIAN_POINT('',(-0.0388395257629012,0.00198577429357665,0.0002));
#14954=CARTESIAN_POINT('',(-0.0388395257629012,0.00198577429357665,-1.21593606622887E-19));
#14955=CARTESIAN_POINT('',(-0.0385337649238953,0.00224367022090085,-3.00015503591249E-19));
#14956=CARTESIAN_POINT('',(-0.0385337649238953,0.00224367022090085,0.0002));
#14957=CARTESIAN_POINT('',(-0.0335675127405379,0.00643248725946209,0.0002));
#14958=CARTESIAN_POINT('',(-0.0335675127405379,0.00643248725946209,-3.9387624664282E-19));
#14959=CARTESIAN_POINT('',(-0.0377563297790992,0.00146623507610479,-5.05391837423576E-19));
#14960=CARTESIAN_POINT('',(-0.0377563297790992,0.00146623507610479,0.0002));
#14961=CARTESIAN_POINT('',(-0.0380142257064234,0.00116047423709889,0.0002));
#14962=CARTESIAN_POINT('',(-0.0380142257064234,0.00116047423709889,-7.10585529978066E-20));
#14963=CARTESIAN_POINT('',(-0.0376688736553666,0.00136229584355084,-2.64116924295732E-19));
#14964=CARTESIAN_POINT('',(-0.0376688736553666,0.00136229584355084,0.0002));
#14965=CARTESIAN_POINT('',(-0.04,-6.7070621857921E-18,0.0002));
#14966=CARTESIAN_POINT('',(-0.04,-6.71930865378358E-18,0.));
#14967=CARTESIAN_POINT('',(-0.0376688736553666,-0.00136229584355086,2.32494360931571E-19));
#14968=CARTESIAN_POINT('',(-0.0376688736553666,-0.00136229584355086,0.0002));
#14969=CARTESIAN_POINT('',(-0.0380142257064234,-0.00116047423709886,0.0002));
#14970=CARTESIAN_POINT('',(-0.0380142257064234,-0.00116047423709886,7.10585529978038E-20));
#14971=CARTESIAN_POINT('',(-0.0377563297790992,-0.00146623507610481,-1.99339574692002E-19));
#14972=CARTESIAN_POINT('',(-0.0377563297790992,-0.00146623507610481,0.0002));
#14973=CARTESIAN_POINT('',(-0.0335675127405379,-0.00643248725946211,0.0002));
#14974=CARTESIAN_POINT('',(-0.0335675127405379,-0.00643248725946211,3.9387624664282E-19));
#14975=CARTESIAN_POINT('',(-0.0385337649238953,-0.00224367022090086,1.73525250134607E-19));
#14976=CARTESIAN_POINT('',(-0.0385337649238953,-0.00224367022090081,0.0002));
#14977=CARTESIAN_POINT('',(-0.0388395257629012,-0.00198577429357666,0.0002));
#14978=CARTESIAN_POINT('',(-0.0388395257629012,-0.00198577429357666,1.21593606622887E-19));
#14979=CARTESIAN_POINT('',(-0.0386377041564492,-0.00233112634463346,1.69845375130309E-19));
#14980=CARTESIAN_POINT('',(-0.0386377041564492,-0.00233112634463346,0.0002));
#14981=CARTESIAN_POINT('',(-0.04,-6.7070621857921E-18,0.0002));
#14982=CARTESIAN_POINT('',(-0.04,-6.71930865378358E-18,0.));
#14983=CARTESIAN_POINT('',(-0.0413622958435509,-0.00233112634463346,5.23901397777125E-20));
#14984=CARTESIAN_POINT('',(-0.0413622958435509,-0.00233112634463346,0.0002));
#14985=CARTESIAN_POINT('',(-0.0411604742370989,-0.00198577429357661,0.0002));
#14986=CARTESIAN_POINT('',(-0.0414662350761048,-0.00224367022090081,0.0002));
#14987=CARTESIAN_POINT('',(-0.0414662350761048,-0.00224367022090081,2.909804854872E-19));
#14988=CARTESIAN_POINT('',(-0.0411604742370989,-0.00198577429357661,1.21593606622884E-19));
#14989=CARTESIAN_POINT('',(-0.0464324872594622,-0.00643248725946211,0.0002));
#14990=CARTESIAN_POINT('',(-0.0422436702209009,-0.00146623507610481,0.0002));
#14991=CARTESIAN_POINT('',(-0.0422436702209009,-0.00146623507610481,-2.08374592796048E-19));
#14992=CARTESIAN_POINT('',(-0.0464324872594622,-0.00643248725946211,3.9387624664282E-19));
#14993=CARTESIAN_POINT('',(-0.0419857742935767,-0.00116047423709886,0.0002));
#14994=CARTESIAN_POINT('',(-0.0419857742935767,-0.00116047423709886,7.10585529978038E-20));
#14995=CARTESIAN_POINT('',(-0.04,-0.008,0.0002));
#14996=CARTESIAN_POINT('',(-0.0423311263446335,-0.00663770415644916,0.0002));
#14997=CARTESIAN_POINT('',(-0.0423311263446335,-0.00663770415644916,3.25126994507714E-19));
#14998=CARTESIAN_POINT('',(-0.0423311263446335,-0.00936229584355086,0.0002));
#14999=CARTESIAN_POINT('',(-0.0423311263446335,-0.00936229584355086,6.45555426706123E-19));
#15000=CARTESIAN_POINT('',(-0.04,-0.008,4.89858719658941E-19));
#15001=CARTESIAN_POINT('',(-0.0419857742935767,-0.00683952576290111,0.0002));
#15002=CARTESIAN_POINT('',(-0.0422436702209009,-0.00653376492389521,0.0002));
#15003=CARTESIAN_POINT('',(-0.0422436702209009,-0.00653376492389521,-7.87782444929556E-20));
#15004=CARTESIAN_POINT('',(-0.0419857742935767,-0.00683952576290111,4.18800166661134E-19));
#15005=CARTESIAN_POINT('',(-0.0464324872594622,-0.00156751274053791,0.0002));
#15006=CARTESIAN_POINT('',(-0.0414662350761048,-0.00575632977909916,0.0002));
#15007=CARTESIAN_POINT('',(-0.0414662350761048,-0.00575632977909916,3.88613614356702E-19));
#15008=CARTESIAN_POINT('',(-0.0464324872594622,-0.00156751274053791,9.59824730161219E-20));
#15009=CARTESIAN_POINT('',(-0.0411604742370989,-0.00601422570642336,0.0002));
#15010=CARTESIAN_POINT('',(-0.0413622958435509,-0.00566887365536656,0.0002));
#15011=CARTESIAN_POINT('',(-0.0413622958435509,-0.00566887365536656,3.74223453152908E-19));
#15012=CARTESIAN_POINT('',(-0.0411604742370989,-0.00601422570642336,3.68265113036055E-19));
#15013=CARTESIAN_POINT('',(-0.04,-0.008,0.0002));
#15014=CARTESIAN_POINT('',(-0.04,-0.008,4.89858719658941E-19));
#15015=CARTESIAN_POINT('',(-0.0386377041564492,-0.00566887365536656,5.54923815233825E-19));
#15016=CARTESIAN_POINT('',(-0.0386377041564492,-0.00566887365536656,0.0002));
#15017=CARTESIAN_POINT('',(-0.0388395257629012,-0.00601422570642336,0.0002));
#15018=CARTESIAN_POINT('',(-0.0388395257629012,-0.00601422570642336,3.68265113036055E-19));
#15019=CARTESIAN_POINT('',(-0.0385337649238953,-0.00575632977909916,5.06068849709298E-19));
#15020=CARTESIAN_POINT('',(-0.0385337649238953,-0.00575632977909916,0.0002));
#15021=CARTESIAN_POINT('',(-0.0335675127405379,-0.00156751274053791,0.0002));
#15022=CARTESIAN_POINT('',(-0.0335675127405379,-0.00156751274053791,9.59824730161219E-20));
#15023=CARTESIAN_POINT('',(-0.0377563297790992,-0.00653376492389521,-1.55331177646347E-20));
#15024=CARTESIAN_POINT('',(-0.0377563297790992,-0.00653376492389521,0.0002));
#15025=CARTESIAN_POINT('',(-0.0380142257064234,-0.00683952576290111,0.0002));
#15026=CARTESIAN_POINT('',(-0.0380142257064234,-0.00683952576290111,4.18800166661134E-19));
#15027=CARTESIAN_POINT('',(-0.0376688736553666,-0.00663770415644916,2.25741795363209E-19));
#15028=CARTESIAN_POINT('',(-0.0376688736553666,-0.00663770415644916,0.0002));
#15029=CARTESIAN_POINT('',(-0.04,-0.008,0.0002));
#15030=CARTESIAN_POINT('',(-0.04,-0.008,4.89858719658941E-19));
#15031=CARTESIAN_POINT('',(-0.0376688736553666,-0.00936229584355086,6.72660481018261E-19));
#15032=CARTESIAN_POINT('',(-0.0376688736553666,-0.00936229584355086,0.0002));
#15033=CARTESIAN_POINT('',(-0.0380142257064234,-0.00916047423709886,0.0002));
#15034=CARTESIAN_POINT('',(-0.0380142257064234,-0.00916047423709886,5.60917272656745E-19));
#15035=CARTESIAN_POINT('',(-0.0377563297790992,-0.00946623507610481,3.62799289799307E-19));
#15036=CARTESIAN_POINT('',(-0.0377563297790992,-0.00946623507610481,0.0002));
#15037=CARTESIAN_POINT('',(-0.0335675127405379,-0.0144324872594621,0.0002));
#15038=CARTESIAN_POINT('',(-0.0335675127405379,-0.0144324872594621,8.83734966301761E-19));
#15039=CARTESIAN_POINT('',(-0.0385337649238953,-0.0102436702209008,6.63383969793545E-19));
#15040=CARTESIAN_POINT('',(-0.0385337649238953,-0.0102436702209008,0.0002));
#15041=CARTESIAN_POINT('',(-0.0388395257629012,-0.00998577429357666,0.0002));
#15042=CARTESIAN_POINT('',(-0.0388395257629012,-0.00998577429357666,6.11452326281828E-19));
#15043=CARTESIAN_POINT('',(-0.0386377041564492,-0.0103311263446335,6.5970409478925E-19));
#15044=CARTESIAN_POINT('',(-0.0386377041564492,-0.0103311263446335,0.0002));
#15045=CARTESIAN_POINT('',(-0.04,-0.008,0.0002));
#15046=CARTESIAN_POINT('',(-0.04,-0.008,4.89858719658941E-19));
#15047=CARTESIAN_POINT('',(-0.0413622958435509,-0.0103311263446335,5.42248859436654E-19));
#15048=CARTESIAN_POINT('',(-0.0413622958435509,-0.0103311263446335,0.0002));
#15049=CARTESIAN_POINT('',(-0.0411604742370989,-0.00998577429357666,0.0002));
#15050=CARTESIAN_POINT('',(-0.0414662350761048,-0.0102436702209008,0.0002));
#15051=CARTESIAN_POINT('',(-0.0414662350761048,-0.0102436702209008,7.80839205146141E-19));
#15052=CARTESIAN_POINT('',(-0.0411604742370989,-0.00998577429357666,6.11452326281828E-19));
#15053=CARTESIAN_POINT('',(-0.0464324872594622,-0.0144324872594621,0.0002));
#15054=CARTESIAN_POINT('',(-0.0422436702209009,-0.00946623507610481,0.0002));
#15055=CARTESIAN_POINT('',(-0.0422436702209009,-0.00946623507610481,1.82098927718389E-19));
#15056=CARTESIAN_POINT('',(-0.0464324872594622,-0.0144324872594621,8.83734966301761E-19));
#15057=CARTESIAN_POINT('',(-0.0419857742935767,-0.00916047423709886,0.0002));
#15058=CARTESIAN_POINT('',(-0.0419857742935767,-0.00916047423709886,5.60917272656745E-19));
#15059=CARTESIAN_POINT('',(-0.04,-0.016,0.0002));
#15060=CARTESIAN_POINT('',(-0.0423311263446335,-0.0146377041564492,0.0002));
#15061=CARTESIAN_POINT('',(-0.0423311263446335,-0.0146377041564492,8.6919582279093E-19));
#15062=CARTESIAN_POINT('',(-0.0423311263446335,-0.0173622958435509,0.0002));
#15063=CARTESIAN_POINT('',(-0.0423311263446335,-0.0173622958435509,1.09023905584484E-18));
#15064=CARTESIAN_POINT('',(-0.04,-0.016,9.79717439317882E-19));
#15065=CARTESIAN_POINT('',(-0.0419857742935767,-0.0148395257629012,0.0002));
#15066=CARTESIAN_POINT('',(-0.0422436702209009,-0.0145337649238952,0.0002));
#15067=CARTESIAN_POINT('',(-0.0422436702209009,-0.0145337649238952,4.11080475165986E-19));
#15068=CARTESIAN_POINT('',(-0.0419857742935767,-0.0148395257629012,9.08658886320079E-19));
#15069=CARTESIAN_POINT('',(-0.0464324872594622,-0.00956751274053791,0.0002));
#15070=CARTESIAN_POINT('',(-0.0414662350761048,-0.0137563297790992,0.0002));
#15071=CARTESIAN_POINT('',(-0.0414662350761048,-0.0137563297790992,8.78472334015643E-19));
#15072=CARTESIAN_POINT('',(-0.0464324872594622,-0.00956751274053791,5.85841192675063E-19));
#15073=CARTESIAN_POINT('',(-0.0411604742370989,-0.0140142257064234,0.0002));
#15074=CARTESIAN_POINT('',(-0.0413622958435509,-0.0136688736553666,0.0002));
#15075=CARTESIAN_POINT('',(-0.0413622958435509,-0.0136688736553666,8.77634699967918E-19));
#15076=CARTESIAN_POINT('',(-0.0411604742370989,-0.0140142257064234,8.58123832694996E-19));
#15077=CARTESIAN_POINT('',(-0.04,-0.016,0.0002));
#15078=CARTESIAN_POINT('',(-0.04,-0.016,9.79717439317882E-19));
#15079=CARTESIAN_POINT('',(-0.0386377041564492,-0.0136688736553666,1.04478253489277E-18));
#15080=CARTESIAN_POINT('',(-0.0386377041564492,-0.0136688736553666,0.0002));
#15081=CARTESIAN_POINT('',(-0.0388395257629012,-0.0140142257064234,0.0002));
#15082=CARTESIAN_POINT('',(-0.0388395257629012,-0.0140142257064234,8.58123832694996E-19));
#15083=CARTESIAN_POINT('',(-0.0385337649238953,-0.0137563297790992,9.9592756936824E-19));
#15084=CARTESIAN_POINT('',(-0.0385337649238953,-0.0137563297790992,0.0002));
#15085=CARTESIAN_POINT('',(-0.0335675127405379,-0.00956751274053791,0.0002));
#15086=CARTESIAN_POINT('',(-0.0335675127405379,-0.00956751274053791,5.85841192675063E-19));
#15087=CARTESIAN_POINT('',(-0.0377563297790992,-0.0145337649238952,4.74325601894307E-19));
#15088=CARTESIAN_POINT('',(-0.0377563297790992,-0.0145337649238952,0.0002));
#15089=CARTESIAN_POINT('',(-0.0380142257064234,-0.0148395257629011,0.0002));
#15090=CARTESIAN_POINT('',(-0.0380142257064234,-0.0148395257629011,9.08658886320076E-19));
#15091=CARTESIAN_POINT('',(-0.0376688736553666,-0.0146377041564492,7.1560051502215E-19));
#15092=CARTESIAN_POINT('',(-0.0376688736553666,-0.0146377041564492,0.0002));
#15093=CARTESIAN_POINT('',(-0.04,-0.016,0.0002));
#15094=CARTESIAN_POINT('',(-0.04,-0.016,9.79717439317882E-19));
#15095=CARTESIAN_POINT('',(-0.0376688736553666,-0.0173622958435509,1.27093941792575E-18));
#15096=CARTESIAN_POINT('',(-0.0376688736553666,-0.0173622958435509,0.0002));
#15097=CARTESIAN_POINT('',(-0.0380142257064234,-0.0171604742370989,0.0002));
#15098=CARTESIAN_POINT('',(-0.0380142257064234,-0.0171604742370989,1.05077599231569E-18));
#15099=CARTESIAN_POINT('',(-0.0377563297790992,-0.0174662350761048,1.22309375172413E-18));
#15100=CARTESIAN_POINT('',(-0.0377563297790992,-0.0174662350761048,0.0002));
#15101=CARTESIAN_POINT('',(-0.0335675127405379,-0.0224324872594622,0.0002));
#15102=CARTESIAN_POINT('',(-0.0335675127405379,-0.0224324872594622,1.3735936859607E-18));
#15103=CARTESIAN_POINT('',(-0.0385337649238953,-0.0182436702209008,1.15324268945249E-18));
#15104=CARTESIAN_POINT('',(-0.0385337649238953,-0.0182436702209008,0.0002));
#15105=CARTESIAN_POINT('',(-0.0388395257629012,-0.0179857742935766,0.0002));
#15106=CARTESIAN_POINT('',(-0.0388395257629012,-0.0179857742935766,1.10131104594077E-18));
#15107=CARTESIAN_POINT('',(-0.0386377041564492,-0.0183311263446334,1.14956281444819E-18));
#15108=CARTESIAN_POINT('',(-0.0386377041564492,-0.0183311263446334,0.0002));
#15109=CARTESIAN_POINT('',(-0.04,-0.016,0.0002));
#15110=CARTESIAN_POINT('',(-0.04,-0.016,9.79717439317882E-19));
#15111=CARTESIAN_POINT('',(-0.0413622958435509,-0.0183311263446334,1.03210757909559E-18));
#15112=CARTESIAN_POINT('',(-0.0413622958435509,-0.0183311263446334,0.0002));
#15113=CARTESIAN_POINT('',(-0.0411604742370989,-0.0179857742935766,0.0002));
#15114=CARTESIAN_POINT('',(-0.0414662350761048,-0.0182436702209008,0.0002));
#15115=CARTESIAN_POINT('',(-0.0414662350761048,-0.0182436702209008,1.27069792480508E-18));
#15116=CARTESIAN_POINT('',(-0.0411604742370989,-0.0179857742935766,1.10131104594077E-18));
#15117=CARTESIAN_POINT('',(-0.0464324872594622,-0.0224324872594622,0.0002));
#15118=CARTESIAN_POINT('',(-0.0422436702209009,-0.0174662350761048,0.0002));
#15119=CARTESIAN_POINT('',(-0.0422436702209009,-0.0174662350761048,9.24938154290613E-19));
#15120=CARTESIAN_POINT('',(-0.0464324872594622,-0.0224324872594622,1.3735936859607E-18));
#15121=CARTESIAN_POINT('',(-0.0419857742935767,-0.0171604742370989,0.0002));
#15122=CARTESIAN_POINT('',(-0.0419857742935767,-0.0171604742370989,1.05077599231569E-18));
#15123=CARTESIAN_POINT('',(-0.04,-0.024,0.0002));
#15124=CARTESIAN_POINT('',(-0.0423311263446335,-0.0226377041564492,0.0002));
#15125=CARTESIAN_POINT('',(-0.0423311263446335,-0.0226377041564492,1.34098450624178E-18));
#15126=CARTESIAN_POINT('',(-0.0423311263446335,-0.0253622958435509,0.0002));
#15127=CARTESIAN_POINT('',(-0.0423311263446335,-0.0253622958435509,1.56654524834771E-18));
#15128=CARTESIAN_POINT('',(-0.04,-0.024,1.46957615897682E-18));
#15129=CARTESIAN_POINT('',(-0.0419857742935767,-0.0228395257629011,0.0002));
#15130=CARTESIAN_POINT('',(-0.0422436702209009,-0.0225337649238952,0.0002));
#15131=CARTESIAN_POINT('',(-0.0422436702209009,-0.0225337649238952,1.53339046210814E-18));
#15132=CARTESIAN_POINT('',(-0.0419857742935767,-0.0228395257629011,1.39851760597902E-18));
#15133=CARTESIAN_POINT('',(-0.0464324872594622,-0.0175675127405379,0.0002));
#15134=CARTESIAN_POINT('',(-0.0414662350761048,-0.0217563297790992,0.0002));
#15135=CARTESIAN_POINT('',(-0.0414662350761048,-0.0217563297790992,1.36833105367459E-18));
#15136=CARTESIAN_POINT('',(-0.0464324872594622,-0.0175675127405379,1.075699912334E-18));
#15137=CARTESIAN_POINT('',(-0.0411604742370989,-0.0220142257064234,0.0002));
#15138=CARTESIAN_POINT('',(-0.0413622958435509,-0.0216688736553666,0.0002));
#15139=CARTESIAN_POINT('',(-0.0413622958435509,-0.0216688736553666,1.49850118213552E-18));
#15140=CARTESIAN_POINT('',(-0.0411604742370989,-0.0220142257064234,1.34798255235394E-18));
#15141=CARTESIAN_POINT('',(-0.04,-0.024,0.0002));
#15142=CARTESIAN_POINT('',(-0.04,-0.024,1.46957615897682E-18));
#15143=CARTESIAN_POINT('',(-0.0386377041564492,-0.0216688736553666,1.53464125455171E-18));
#15144=CARTESIAN_POINT('',(-0.0386377041564492,-0.0216688736553666,0.0002));
#15145=CARTESIAN_POINT('',(-0.0388395257629012,-0.0220142257064234,0.0002));
#15146=CARTESIAN_POINT('',(-0.0388395257629012,-0.0220142257064234,1.34798255235394E-18));
#15147=CARTESIAN_POINT('',(-0.0385337649238953,-0.0217563297790992,1.44738746208499E-18));
#15148=CARTESIAN_POINT('',(-0.0385337649238953,-0.0217563297790992,0.0002));
#15149=CARTESIAN_POINT('',(-0.0335675127405379,-0.0175675127405379,0.0002));
#15150=CARTESIAN_POINT('',(-0.0335675127405379,-0.0175675127405379,1.075699912334E-18));
#15151=CARTESIAN_POINT('',(-0.0377563297790992,-0.0225337649238952,1.41593522675554E-18));
#15152=CARTESIAN_POINT('',(-0.0377563297790992,-0.0225337649238952,0.0002));
#15153=CARTESIAN_POINT('',(-0.0380142257064234,-0.0228395257629011,0.0002));
#15154=CARTESIAN_POINT('',(-0.0380142257064234,-0.0228395257629011,1.39851760597902E-18));
#15155=CARTESIAN_POINT('',(-0.0376688736553666,-0.0226377041564492,1.20545923468109E-18));
#15156=CARTESIAN_POINT('',(-0.0376688736553666,-0.0226377041564492,0.0002));
#15157=CARTESIAN_POINT('',(-0.04,-0.024,0.0002));
#15158=CARTESIAN_POINT('',(-0.04,-0.024,1.46957615897682E-18));
#15159=CARTESIAN_POINT('',(-0.0376688736553666,-0.0253622958435509,1.60720282981592E-18));
#15160=CARTESIAN_POINT('',(-0.0376688736553666,-0.0253622958435509,0.0002));
#15161=CARTESIAN_POINT('',(-0.0380142257064234,-0.0251604742370989,0.0002));
#15162=CARTESIAN_POINT('',(-0.0380142257064234,-0.0251604742370989,1.54063471197463E-18));
#15163=CARTESIAN_POINT('',(-0.0377563297790992,-0.0254662350761048,1.71295247138307E-18));
#15164=CARTESIAN_POINT('',(-0.0377563297790992,-0.0254662350761048,0.0002));
#15165=CARTESIAN_POINT('',(-0.0335675127405379,-0.0304324872594622,0.0002));
#15166=CARTESIAN_POINT('',(-0.0335675127405379,-0.0304324872594622,1.86345240561964E-18));
#15167=CARTESIAN_POINT('',(-0.0385337649238953,-0.0262436702209008,1.46240104703051E-18));
#15168=CARTESIAN_POINT('',(-0.0385337649238953,-0.0262436702209008,0.0002));
#15169=CARTESIAN_POINT('',(-0.0388395257629012,-0.0259857742935766,0.0002));
#15170=CARTESIAN_POINT('',(-0.0388395257629012,-0.0259857742935766,1.59116976559971E-18));
#15171=CARTESIAN_POINT('',(-0.0386377041564492,-0.0263311263446335,1.68459662462736E-18));
#15172=CARTESIAN_POINT('',(-0.0386377041564492,-0.0263311263446335,0.0002));
#15173=CARTESIAN_POINT('',(-0.04,-0.024,0.0002));
#15174=CARTESIAN_POINT('',(-0.04,-0.024,1.46957615897682E-18));
#15175=CARTESIAN_POINT('',(-0.0413622958435509,-0.0263311263446335,1.52196629875453E-18));
#15176=CARTESIAN_POINT('',(-0.0413622958435509,-0.0263311263446335,0.0002));
#15177=CARTESIAN_POINT('',(-0.0411604742370989,-0.0259857742935766,0.0002));
#15178=CARTESIAN_POINT('',(-0.0414662350761048,-0.0262436702209008,0.0002));
#15179=CARTESIAN_POINT('',(-0.0414662350761048,-0.0262436702209008,1.57985628238311E-18));
#15180=CARTESIAN_POINT('',(-0.0411604742370989,-0.0259857742935766,1.59116976559971E-18));
#15181=CARTESIAN_POINT('',(-0.0464324872594622,-0.0304324872594622,0.0002));
#15182=CARTESIAN_POINT('',(-0.0422436702209009,-0.0254662350761048,0.0002));
#15183=CARTESIAN_POINT('',(-0.0422436702209009,-0.0254662350761048,1.41479687394955E-18));
#15184=CARTESIAN_POINT('',(-0.0464324872594622,-0.0304324872594622,1.86345240561964E-18));
#15185=CARTESIAN_POINT('',(-0.0419857742935767,-0.0251604742370989,0.0002));
#15186=CARTESIAN_POINT('',(-0.0419857742935767,-0.0251604742370989,1.54063471197463E-18));
#15187=CARTESIAN_POINT('',(-0.048,-0.032,1.95943487863577E-18));
#15188=CARTESIAN_POINT('',(-0.04,0.024,-1.46957615897682E-18));
#15189=CARTESIAN_POINT('',(-0.04,0.0272,-1.6655196468404E-18));
#15190=CARTESIAN_POINT('',(-0.048,-0.032,1.95943487863577E-18));
#15191=CARTESIAN_POINT('',(-0.04,0.016,-9.79717439317882E-19));
#15192=CARTESIAN_POINT('',(-0.04,0.0192,-1.17566092718146E-18));
#15193=CARTESIAN_POINT('',(-0.048,-0.032,1.95943487863577E-18));
#15194=CARTESIAN_POINT('',(-0.04,0.008,-4.89858719658941E-19));
#15195=CARTESIAN_POINT('',(-0.04,0.0112,-6.85802207522518E-19));
#15196=CARTESIAN_POINT('',(-0.048,-0.032,1.95943487863577E-18));
#15197=CARTESIAN_POINT('',(-0.04,-6.71930865378358E-18,0.));
#15198=CARTESIAN_POINT('',(-0.04,0.00319999999999999,-1.95943487863577E-19));
#15199=CARTESIAN_POINT('',(-0.048,-0.032,1.95943487863577E-18));
#15200=CARTESIAN_POINT('',(-0.04,-0.008,4.89858719658941E-19));
#15201=CARTESIAN_POINT('',(-0.04,-0.0048,2.93915231795364E-19));
#15202=CARTESIAN_POINT('',(-0.048,-0.032,1.95943487863577E-18));
#15203=CARTESIAN_POINT('',(-0.04,-0.016,9.79717439317882E-19));
#15204=CARTESIAN_POINT('',(-0.04,-0.0128,7.83773951454306E-19));
#15205=CARTESIAN_POINT('',(-0.048,-0.032,1.95943487863577E-18));
#15206=CARTESIAN_POINT('',(-0.04,-0.024,1.46957615897682E-18));
#15207=CARTESIAN_POINT('',(-0.04,-0.0208,1.27363267111325E-18));
#15208=CARTESIAN_POINT('',(-0.04,0.024,0.005002));
#15209=CARTESIAN_POINT('',(-0.04,0.024,0.0022));
#15210=CARTESIAN_POINT('',(-0.04,0.0272,0.0022));
#15211=CARTESIAN_POINT('',(-0.04,0.016,0.005002));
#15212=CARTESIAN_POINT('',(-0.04,0.016,0.0022));
#15213=CARTESIAN_POINT('',(-0.04,0.0192,0.0022));
#15214=CARTESIAN_POINT('',(-0.04,0.008,0.005002));
#15215=CARTESIAN_POINT('',(-0.04,0.008,0.0022));
#15216=CARTESIAN_POINT('',(-0.04,0.0112,0.0022));
#15217=CARTESIAN_POINT('',(-0.04,-6.41302448931682E-18,0.005002));
#15218=CARTESIAN_POINT('',(-0.04,-6.58459750587737E-18,0.0022));
#15219=CARTESIAN_POINT('',(-0.04,0.00319999999999999,0.0022));
#15220=CARTESIAN_POINT('',(-0.04,-0.008,0.005002));
#15221=CARTESIAN_POINT('',(-0.04,-0.008,0.0022));
#15222=CARTESIAN_POINT('',(-0.04,-0.0048,0.0022));
#15223=CARTESIAN_POINT('',(-0.04,-0.016,0.005002));
#15224=CARTESIAN_POINT('',(-0.04,-0.016,0.0022));
#15225=CARTESIAN_POINT('',(-0.04,-0.0128,0.0022));
#15226=CARTESIAN_POINT('',(-0.04,-0.024,0.005002));
#15227=CARTESIAN_POINT('',(-0.04,-0.024,0.0022));
#15228=CARTESIAN_POINT('',(-0.04,-0.0208,0.0022));
#15229=CARTESIAN_POINT('',(-0.048,-0.032,0.0022));
#15230=CARTESIAN_POINT('',(-0.0465,-0.032,0.0022));
#15231=CARTESIAN_POINT('',(-0.0465,0.0305,0.0022));
#15232=CARTESIAN_POINT('',(-0.0465,-0.0305,0.0022));
#15233=CARTESIAN_POINT('',(-0.048,0.0305,0.0022));
#15234=CARTESIAN_POINT('',(-0.0335,0.0305,0.0022));
#15235=CARTESIAN_POINT('',(-0.0335,-0.032,0.0022));
#15236=CARTESIAN_POINT('',(-0.0335,-0.0305,0.0022));
#15237=CARTESIAN_POINT('',(-0.048,-0.0305,0.0022));
#15238=CARTESIAN_POINT('',(-0.0335,-0.032,0.0032));
#15239=CARTESIAN_POINT('',(-0.0335,-0.0305,0.0032));
#15240=CARTESIAN_POINT('',(-0.0335,0.0305,0.0032));
#15241=CARTESIAN_POINT('',(-0.048,-0.0305,0.0032));
#15242=CARTESIAN_POINT('',(-0.0465,-0.0305,0.0032));
#15243=CARTESIAN_POINT('',(-0.0465,-0.032,0.0032));
#15244=CARTESIAN_POINT('',(-0.0465,0.0305,0.0032));
#15245=CARTESIAN_POINT('',(-0.048,0.0305,0.0032));
#15246=CARTESIAN_POINT('',(0.032,-0.032,0.0022));
#15247=CARTESIAN_POINT('',(0.04,0.024,0.0022));
#15248=CARTESIAN_POINT('',(0.0412613850403248,0.026158450319105,0.0022));
#15249=CARTESIAN_POINT('',(0.0387386149596751,0.026158450319105,0.0022));
#15250=CARTESIAN_POINT('',(0.0411604742370988,0.0259857742935766,0.0022));
#15251=CARTESIAN_POINT('',(0.0413133546566018,0.0261147222572387,0.0022));
#15252=CARTESIAN_POINT('',(0.0464324872594621,0.0304324872594621,0.0022));
#15253=CARTESIAN_POINT('',(0.0421147222572387,0.0253133546566018,0.0022));
#15254=CARTESIAN_POINT('',(0.0419857742935767,0.0251604742370989,0.0022));
#15255=CARTESIAN_POINT('',(0.042158450319105,0.0252613850403249,0.0022));
#15256=CARTESIAN_POINT('',(0.04,0.024,0.0022));
#15257=CARTESIAN_POINT('',(0.042158450319105,0.0227386149596752,0.0022));
#15258=CARTESIAN_POINT('',(0.0419857742935767,0.0228395257629011,0.0022));
#15259=CARTESIAN_POINT('',(0.0421147222572388,0.0226866453433982,0.0022));
#15260=CARTESIAN_POINT('',(0.0464324872594621,0.0175675127405379,0.0022));
#15261=CARTESIAN_POINT('',(0.0413133546566018,0.0218852777427613,0.0022));
#15262=CARTESIAN_POINT('',(0.0411604742370988,0.0220142257064234,0.0022));
#15263=CARTESIAN_POINT('',(0.0412613850403248,0.021841549680895,0.0022));
#15264=CARTESIAN_POINT('',(0.04,0.024,0.0022));
#15265=CARTESIAN_POINT('',(0.0387386149596751,0.021841549680895,0.0022));
#15266=CARTESIAN_POINT('',(0.0388395257629011,0.0220142257064234,0.0022));
#15267=CARTESIAN_POINT('',(0.0386866453433982,0.0218852777427613,0.0022));
#15268=CARTESIAN_POINT('',(0.0335675127405379,0.0175675127405379,0.0022));
#15269=CARTESIAN_POINT('',(0.0378852777427613,0.0226866453433982,0.0022));
#15270=CARTESIAN_POINT('',(0.0380142257064233,0.0228395257629011,0.0022));
#15271=CARTESIAN_POINT('',(0.037841549680895,0.0227386149596751,0.0022));
#15272=CARTESIAN_POINT('',(0.04,0.024,0.0022));
#15273=CARTESIAN_POINT('',(0.037841549680895,0.0252613850403249,0.0022));
#15274=CARTESIAN_POINT('',(0.0380142257064233,0.0251604742370989,0.0022));
#15275=CARTESIAN_POINT('',(0.0378852777427613,0.0253133546566018,0.0022));
#15276=CARTESIAN_POINT('',(0.0335675127405379,0.0304324872594621,0.0022));
#15277=CARTESIAN_POINT('',(0.0386866453433982,0.0261147222572387,0.0022));
#15278=CARTESIAN_POINT('',(0.0388395257629012,0.0259857742935766,0.0022));
#15279=CARTESIAN_POINT('',(0.032,-0.032,0.0022));
#15280=CARTESIAN_POINT('',(0.04,0.016,0.0022));
#15281=CARTESIAN_POINT('',(0.0412613850403248,0.018158450319105,0.0022));
#15282=CARTESIAN_POINT('',(0.0387386149596751,0.018158450319105,0.0022));
#15283=CARTESIAN_POINT('',(0.0411604742370988,0.0179857742935766,0.0022));
#15284=CARTESIAN_POINT('',(0.0413133546566018,0.0181147222572387,0.0022));
#15285=CARTESIAN_POINT('',(0.0464324872594621,0.0224324872594621,0.0022));
#15286=CARTESIAN_POINT('',(0.0421147222572387,0.0173133546566018,0.0022));
#15287=CARTESIAN_POINT('',(0.0419857742935767,0.0171604742370989,0.0022));
#15288=CARTESIAN_POINT('',(0.042158450319105,0.0172613850403249,0.0022));
#15289=CARTESIAN_POINT('',(0.04,0.016,0.0022));
#15290=CARTESIAN_POINT('',(0.042158450319105,0.0147386149596752,0.0022));
#15291=CARTESIAN_POINT('',(0.0419857742935767,0.0148395257629011,0.0022));
#15292=CARTESIAN_POINT('',(0.0421147222572388,0.0146866453433982,0.0022));
#15293=CARTESIAN_POINT('',(0.0464324872594621,0.00956751274053791,0.0022));
#15294=CARTESIAN_POINT('',(0.0413133546566018,0.0138852777427613,0.0022));
#15295=CARTESIAN_POINT('',(0.0411604742370988,0.0140142257064234,0.0022));
#15296=CARTESIAN_POINT('',(0.0412613850403248,0.013841549680895,0.0022));
#15297=CARTESIAN_POINT('',(0.04,0.016,0.0022));
#15298=CARTESIAN_POINT('',(0.0387386149596751,0.013841549680895,0.0022));
#15299=CARTESIAN_POINT('',(0.0388395257629011,0.0140142257064234,0.0022));
#15300=CARTESIAN_POINT('',(0.0386866453433982,0.0138852777427613,0.0022));
#15301=CARTESIAN_POINT('',(0.0335675127405379,0.00956751274053791,0.0022));
#15302=CARTESIAN_POINT('',(0.0378852777427613,0.0146866453433982,0.0022));
#15303=CARTESIAN_POINT('',(0.0380142257064233,0.0148395257629011,0.0022));
#15304=CARTESIAN_POINT('',(0.037841549680895,0.0147386149596751,0.0022));
#15305=CARTESIAN_POINT('',(0.04,0.016,0.0022));
#15306=CARTESIAN_POINT('',(0.037841549680895,0.0172613850403249,0.0022));
#15307=CARTESIAN_POINT('',(0.0380142257064233,0.0171604742370989,0.0022));
#15308=CARTESIAN_POINT('',(0.0378852777427613,0.0173133546566018,0.0022));
#15309=CARTESIAN_POINT('',(0.0335675127405379,0.0224324872594621,0.0022));
#15310=CARTESIAN_POINT('',(0.0386866453433982,0.0181147222572387,0.0022));
#15311=CARTESIAN_POINT('',(0.0388395257629011,0.0179857742935766,0.0022));
#15312=CARTESIAN_POINT('',(0.032,-0.032,0.0022));
#15313=CARTESIAN_POINT('',(0.04,0.008,0.0022));
#15314=CARTESIAN_POINT('',(0.0412613850403248,0.0101584503191051,0.0022));
#15315=CARTESIAN_POINT('',(0.0387386149596751,0.0101584503191051,0.0022));
#15316=CARTESIAN_POINT('',(0.0411604742370988,0.00998577429357666,0.0022));
#15317=CARTESIAN_POINT('',(0.0413133546566018,0.0101147222572388,0.0022));
#15318=CARTESIAN_POINT('',(0.0464324872594621,0.0144324872594621,0.0022));
#15319=CARTESIAN_POINT('',(0.0421147222572387,0.00931335465660186,0.0022));
#15320=CARTESIAN_POINT('',(0.0419857742935767,0.00916047423709891,0.0022));
#15321=CARTESIAN_POINT('',(0.042158450319105,0.00926138504032486,0.0022));
#15322=CARTESIAN_POINT('',(0.04,0.008,0.0022));
#15323=CARTESIAN_POINT('',(0.042158450319105,0.00673861495967516,0.0022));
#15324=CARTESIAN_POINT('',(0.0419857742935767,0.00683952576290116,0.0022));
#15325=CARTESIAN_POINT('',(0.0421147222572388,0.00668664534339822,0.0022));
#15326=CARTESIAN_POINT('',(0.0464324872594621,0.00156751274053791,0.0022));
#15327=CARTESIAN_POINT('',(0.0413133546566018,0.00588527774276126,0.0022));
#15328=CARTESIAN_POINT('',(0.0411604742370988,0.00601422570642336,0.0022));
#15329=CARTESIAN_POINT('',(0.0412613850403248,0.00584154968089497,0.0022));
#15330=CARTESIAN_POINT('',(0.04,0.008,0.0022));
#15331=CARTESIAN_POINT('',(0.0387386149596751,0.00584154968089497,0.0022));
#15332=CARTESIAN_POINT('',(0.0388395257629011,0.00601422570642341,0.0022));
#15333=CARTESIAN_POINT('',(0.0386866453433982,0.00588527774276131,0.0022));
#15334=CARTESIAN_POINT('',(0.0335675127405379,0.00156751274053791,0.0022));
#15335=CARTESIAN_POINT('',(0.0378852777427613,0.00668664534339817,0.0022));
#15336=CARTESIAN_POINT('',(0.0380142257064233,0.00683952576290112,0.0022));
#15337=CARTESIAN_POINT('',(0.037841549680895,0.00673861495967516,0.0022));
#15338=CARTESIAN_POINT('',(0.04,0.008,0.0022));
#15339=CARTESIAN_POINT('',(0.037841549680895,0.00926138504032486,0.0022));
#15340=CARTESIAN_POINT('',(0.0380142257064233,0.00916047423709886,0.0022));
#15341=CARTESIAN_POINT('',(0.0378852777427613,0.00931335465660181,0.0022));
#15342=CARTESIAN_POINT('',(0.0335675127405379,0.0144324872594621,0.0022));
#15343=CARTESIAN_POINT('',(0.0386866453433982,0.0101147222572388,0.0022));
#15344=CARTESIAN_POINT('',(0.0388395257629012,0.00998577429357666,0.0022));
#15345=CARTESIAN_POINT('',(0.032,-0.032,0.0022));
#15346=CARTESIAN_POINT('',(0.04,1.21240658046573E-17,0.0022));
#15347=CARTESIAN_POINT('',(0.0412613850403248,0.00215845031910506,0.0022));
#15348=CARTESIAN_POINT('',(0.0387386149596751,0.00215845031910506,0.0022));
#15349=CARTESIAN_POINT('',(0.0411604742370988,0.00198577429357667,0.0022));
#15350=CARTESIAN_POINT('',(0.0413133546566018,0.00211472225723877,0.0022));
#15351=CARTESIAN_POINT('',(0.0464324872594621,0.00643248725946211,0.0022));
#15352=CARTESIAN_POINT('',(0.0421147222572387,0.00131335465660186,0.0022));
#15353=CARTESIAN_POINT('',(0.0419857742935767,0.00116047423709891,0.0022));
#15354=CARTESIAN_POINT('',(0.042158450319105,0.00126138504032486,0.0022));
#15355=CARTESIAN_POINT('',(0.04,1.21240658046573E-17,0.0022));
#15356=CARTESIAN_POINT('',(0.042158450319105,-0.00126138504032484,0.0022));
#15357=CARTESIAN_POINT('',(0.0419857742935767,-0.00116047423709884,0.0022));
#15358=CARTESIAN_POINT('',(0.0421147222572388,-0.00131335465660179,0.0022));
#15359=CARTESIAN_POINT('',(0.0464324872594621,-0.00643248725946209,0.0022));
#15360=CARTESIAN_POINT('',(0.0413133546566018,-0.00211472225723874,0.0022));
#15361=CARTESIAN_POINT('',(0.0411604742370988,-0.00198577429357664,0.0022));
#15362=CARTESIAN_POINT('',(0.0412613850403248,-0.00215845031910504,0.0022));
#15363=CARTESIAN_POINT('',(0.04,1.21240658046573E-17,0.0022));
#15364=CARTESIAN_POINT('',(0.0387386149596751,-0.00215845031910504,0.0022));
#15365=CARTESIAN_POINT('',(0.0388395257629011,-0.00198577429357659,0.0022));
#15366=CARTESIAN_POINT('',(0.0386866453433982,-0.00211472225723869,0.0022));
#15367=CARTESIAN_POINT('',(0.0335675127405379,-0.00643248725946209,0.0022));
#15368=CARTESIAN_POINT('',(0.0378852777427613,-0.00131335465660179,0.0022));
#15369=CARTESIAN_POINT('',(0.0380142257064233,-0.00116047423709884,0.0022));
#15370=CARTESIAN_POINT('',(0.037841549680895,-0.00126138504032484,0.0022));
#15371=CARTESIAN_POINT('',(0.04,1.21240658046573E-17,0.0022));
#15372=CARTESIAN_POINT('',(0.037841549680895,0.00126138504032491,0.0022));
#15373=CARTESIAN_POINT('',(0.0380142257064233,0.00116047423709891,0.0022));
#15374=CARTESIAN_POINT('',(0.0378852777427613,0.00131335465660186,0.0022));
#15375=CARTESIAN_POINT('',(0.0335675127405379,0.00643248725946211,0.0022));
#15376=CARTESIAN_POINT('',(0.0386866453433982,0.00211472225723877,0.0022));
#15377=CARTESIAN_POINT('',(0.0388395257629011,0.00198577429357667,0.0022));
#15378=CARTESIAN_POINT('',(0.032,-0.032,0.0022));
#15379=CARTESIAN_POINT('',(0.04,-0.008,0.0022));
#15380=CARTESIAN_POINT('',(0.0412613850403248,-0.00584154968089494,0.0022));
#15381=CARTESIAN_POINT('',(0.0387386149596751,-0.00584154968089494,0.0022));
#15382=CARTESIAN_POINT('',(0.0411604742370988,-0.00601422570642334,0.0022));
#15383=CARTESIAN_POINT('',(0.0413133546566018,-0.00588527774276124,0.0022));
#15384=CARTESIAN_POINT('',(0.0464324872594621,-0.00156751274053789,0.0022));
#15385=CARTESIAN_POINT('',(0.0421147222572387,-0.00668664534339814,0.0022));
#15386=CARTESIAN_POINT('',(0.0419857742935767,-0.00683952576290109,0.0022));
#15387=CARTESIAN_POINT('',(0.042158450319105,-0.00673861495967514,0.0022));
#15388=CARTESIAN_POINT('',(0.04,-0.008,0.0022));
#15389=CARTESIAN_POINT('',(0.042158450319105,-0.00926138504032484,0.0022));
#15390=CARTESIAN_POINT('',(0.0419857742935767,-0.00916047423709884,0.0022));
#15391=CARTESIAN_POINT('',(0.0421147222572388,-0.00931335465660179,0.0022));
#15392=CARTESIAN_POINT('',(0.0464324872594621,-0.0144324872594621,0.0022));
#15393=CARTESIAN_POINT('',(0.0413133546566018,-0.0101147222572387,0.0022));
#15394=CARTESIAN_POINT('',(0.0411604742370988,-0.00998577429357664,0.0022));
#15395=CARTESIAN_POINT('',(0.0412613850403248,-0.010158450319105,0.0022));
#15396=CARTESIAN_POINT('',(0.04,-0.008,0.0022));
#15397=CARTESIAN_POINT('',(0.0387386149596751,-0.010158450319105,0.0022));
#15398=CARTESIAN_POINT('',(0.0388395257629011,-0.00998577429357664,0.0022));
#15399=CARTESIAN_POINT('',(0.0386866453433982,-0.0101147222572387,0.0022));
#15400=CARTESIAN_POINT('',(0.0335675127405379,-0.0144324872594621,0.0022));
#15401=CARTESIAN_POINT('',(0.0378852777427613,-0.00931335465660179,0.0022));
#15402=CARTESIAN_POINT('',(0.0380142257064233,-0.00916047423709884,0.0022));
#15403=CARTESIAN_POINT('',(0.037841549680895,-0.00926138504032484,0.0022));
#15404=CARTESIAN_POINT('',(0.04,-0.008,0.0022));
#15405=CARTESIAN_POINT('',(0.037841549680895,-0.00673861495967514,0.0022));
#15406=CARTESIAN_POINT('',(0.0380142257064233,-0.00683952576290109,0.0022));
#15407=CARTESIAN_POINT('',(0.0378852777427613,-0.00668664534339814,0.0022));
#15408=CARTESIAN_POINT('',(0.0335675127405379,-0.00156751274053789,0.0022));
#15409=CARTESIAN_POINT('',(0.0386866453433982,-0.00588527774276124,0.0022));
#15410=CARTESIAN_POINT('',(0.0388395257629012,-0.00601422570642334,0.0022));
#15411=CARTESIAN_POINT('',(0.032,-0.032,0.0022));
#15412=CARTESIAN_POINT('',(0.0464324872594621,-0.00956751274053789,0.0022));
#15413=CARTESIAN_POINT('',(0.0421147222572387,-0.0146866453433981,0.0022));
#15414=CARTESIAN_POINT('',(0.0413133546566018,-0.0138852777427612,0.0022));
#15415=CARTESIAN_POINT('',(0.0419857742935767,-0.0148395257629011,0.0022));
#15416=CARTESIAN_POINT('',(0.042158450319105,-0.0147386149596751,0.0022));
#15417=CARTESIAN_POINT('',(0.04,-0.016,0.0022));
#15418=CARTESIAN_POINT('',(0.042158450319105,-0.0172613850403249,0.0022));
#15419=CARTESIAN_POINT('',(0.0419857742935767,-0.0171604742370988,0.0022));
#15420=CARTESIAN_POINT('',(0.0421147222572387,-0.0173133546566019,0.0022));
#15421=CARTESIAN_POINT('',(0.0464324872594621,-0.0224324872594621,0.0022));
#15422=CARTESIAN_POINT('',(0.0413133546566018,-0.0181147222572388,0.0022));
#15423=CARTESIAN_POINT('',(0.0411604742370988,-0.0179857742935766,0.0022));
#15424=CARTESIAN_POINT('',(0.0412613850403248,-0.0181584503191051,0.0022));
#15425=CARTESIAN_POINT('',(0.04,-0.016,0.0022));
#15426=CARTESIAN_POINT('',(0.0387386149596751,-0.0181584503191051,0.0022));
#15427=CARTESIAN_POINT('',(0.0388395257629011,-0.0179857742935766,0.0022));
#15428=CARTESIAN_POINT('',(0.0386866453433982,-0.0181147222572387,0.0022));
#15429=CARTESIAN_POINT('',(0.0335675127405379,-0.0224324872594621,0.0022));
#15430=CARTESIAN_POINT('',(0.0378852777427613,-0.0173133546566019,0.0022));
#15431=CARTESIAN_POINT('',(0.0380142257064233,-0.0171604742370988,0.0022));
#15432=CARTESIAN_POINT('',(0.037841549680895,-0.0172613850403249,0.0022));
#15433=CARTESIAN_POINT('',(0.04,-0.016,0.0022));
#15434=CARTESIAN_POINT('',(0.037841549680895,-0.0147386149596751,0.0022));
#15435=CARTESIAN_POINT('',(0.0380142257064233,-0.0148395257629011,0.0022));
#15436=CARTESIAN_POINT('',(0.0378852777427613,-0.0146866453433981,0.0022));
#15437=CARTESIAN_POINT('',(0.0335675127405379,-0.00956751274053789,0.0022));
#15438=CARTESIAN_POINT('',(0.0386866453433982,-0.0138852777427612,0.0022));
#15439=CARTESIAN_POINT('',(0.0388395257629012,-0.0140142257064233,0.0022));
#15440=CARTESIAN_POINT('',(0.0387386149596751,-0.0138415496808949,0.0022));
#15441=CARTESIAN_POINT('',(0.04,-0.016,0.0022));
#15442=CARTESIAN_POINT('',(0.0412613850403248,-0.0138415496808949,0.0022));
#15443=CARTESIAN_POINT('',(0.0411604742370988,-0.0140142257064233,0.0022));
#15444=CARTESIAN_POINT('',(0.032,-0.032,0.0022));
#15445=CARTESIAN_POINT('',(0.04,-0.024,0.0022));
#15446=CARTESIAN_POINT('',(0.0412613850403248,-0.0218415496808949,0.0022));
#15447=CARTESIAN_POINT('',(0.0387386149596751,-0.0218415496808949,0.0022));
#15448=CARTESIAN_POINT('',(0.0411604742370988,-0.0220142257064234,0.0022));
#15449=CARTESIAN_POINT('',(0.0413133546566018,-0.0218852777427612,0.0022));
#15450=CARTESIAN_POINT('',(0.0464324872594621,-0.0175675127405379,0.0022));
#15451=CARTESIAN_POINT('',(0.0421147222572387,-0.0226866453433981,0.0022));
#15452=CARTESIAN_POINT('',(0.0419857742935767,-0.0228395257629011,0.0022));
#15453=CARTESIAN_POINT('',(0.042158450319105,-0.0227386149596751,0.0022));
#15454=CARTESIAN_POINT('',(0.04,-0.024,0.0022));
#15455=CARTESIAN_POINT('',(0.042158450319105,-0.0252613850403249,0.0022));
#15456=CARTESIAN_POINT('',(0.0419857742935767,-0.0251604742370988,0.0022));
#15457=CARTESIAN_POINT('',(0.0421147222572387,-0.0253133546566018,0.0022));
#15458=CARTESIAN_POINT('',(0.0464324872594621,-0.0304324872594621,0.0022));
#15459=CARTESIAN_POINT('',(0.0413133546566018,-0.0261147222572387,0.0022));
#15460=CARTESIAN_POINT('',(0.0411604742370988,-0.0259857742935766,0.0022));
#15461=CARTESIAN_POINT('',(0.0412613850403248,-0.0261584503191051,0.0022));
#15462=CARTESIAN_POINT('',(0.04,-0.024,0.0022));
#15463=CARTESIAN_POINT('',(0.0387386149596751,-0.026158450319105,0.0022));
#15464=CARTESIAN_POINT('',(0.0388395257629011,-0.0259857742935766,0.0022));
#15465=CARTESIAN_POINT('',(0.0386866453433982,-0.0261147222572387,0.0022));
#15466=CARTESIAN_POINT('',(0.0335675127405379,-0.0304324872594621,0.0022));
#15467=CARTESIAN_POINT('',(0.0378852777427613,-0.0253133546566018,0.0022));
#15468=CARTESIAN_POINT('',(0.0380142257064233,-0.0251604742370988,0.0022));
#15469=CARTESIAN_POINT('',(0.037841549680895,-0.0252613850403249,0.0022));
#15470=CARTESIAN_POINT('',(0.04,-0.024,0.0022));
#15471=CARTESIAN_POINT('',(0.037841549680895,-0.0227386149596751,0.0022));
#15472=CARTESIAN_POINT('',(0.0380142257064233,-0.0228395257629011,0.0022));
#15473=CARTESIAN_POINT('',(0.0378852777427613,-0.0226866453433981,0.0022));
#15474=CARTESIAN_POINT('',(0.0335675127405379,-0.0175675127405379,0.0022));
#15475=CARTESIAN_POINT('',(0.0386866453433982,-0.0218852777427612,0.0022));
#15476=CARTESIAN_POINT('',(0.0388395257629012,-0.0220142257064234,0.0022));
#15477=CARTESIAN_POINT('',(0.04,0.024,0.005002));
#15478=CARTESIAN_POINT('',(0.037841549680895,0.0227386149596751,0.005002));
#15479=CARTESIAN_POINT('',(0.037841549680895,0.0227386149596751,0.0002));
#15480=CARTESIAN_POINT('',(0.04,0.024,0.0002));
#15481=CARTESIAN_POINT('',(0.037841549680895,0.0252613850403249,0.0002));
#15482=CARTESIAN_POINT('',(0.037841549680895,0.0252613850403249,0.005002));
#15483=CARTESIAN_POINT('',(0.0380142257064233,0.0251604742370989,0.005002));
#15484=CARTESIAN_POINT('',(0.0380142257064233,0.0251604742370989,0.0002));
#15485=CARTESIAN_POINT('',(0.0378852777427613,0.0253133546566018,0.0002));
#15486=CARTESIAN_POINT('',(0.0378852777427613,0.0253133546566018,0.005002));
#15487=CARTESIAN_POINT('',(0.0335675127405379,0.0304324872594621,0.005002));
#15488=CARTESIAN_POINT('',(0.0335675127405379,0.0304324872594621,0.0002));
#15489=CARTESIAN_POINT('',(0.0386866453433982,0.0261147222572387,0.0002));
#15490=CARTESIAN_POINT('',(0.0386866453433982,0.0261147222572387,0.005002));
#15491=CARTESIAN_POINT('',(0.0388395257629012,0.0259857742935766,0.005002));
#15492=CARTESIAN_POINT('',(0.0388395257629012,0.0259857742935766,0.0002));
#15493=CARTESIAN_POINT('',(0.0387386149596751,0.026158450319105,0.0002));
#15494=CARTESIAN_POINT('',(0.0387386149596751,0.026158450319105,0.005002));
#15495=CARTESIAN_POINT('',(0.04,0.024,0.005002));
#15496=CARTESIAN_POINT('',(0.04,0.024,0.0002));
#15497=CARTESIAN_POINT('',(0.0412613850403248,0.026158450319105,0.0002));
#15498=CARTESIAN_POINT('',(0.0412613850403248,0.026158450319105,0.005002));
#15499=CARTESIAN_POINT('',(0.0411604742370988,0.0259857742935766,0.005002));
#15500=CARTESIAN_POINT('',(0.0411604742370988,0.0259857742935766,0.0002));
#15501=CARTESIAN_POINT('',(0.0413133546566018,0.0261147222572387,0.0002));
#15502=CARTESIAN_POINT('',(0.0413133546566018,0.0261147222572387,0.005002));
#15503=CARTESIAN_POINT('',(0.0464324872594621,0.0304324872594621,0.005002));
#15504=CARTESIAN_POINT('',(0.0464324872594621,0.0304324872594621,0.0002));
#15505=CARTESIAN_POINT('',(0.0421147222572387,0.0253133546566018,0.0002));
#15506=CARTESIAN_POINT('',(0.0421147222572387,0.0253133546566018,0.005002));
#15507=CARTESIAN_POINT('',(0.0419857742935767,0.0251604742370989,0.005002));
#15508=CARTESIAN_POINT('',(0.0419857742935767,0.0251604742370989,0.0002));
#15509=CARTESIAN_POINT('',(0.042158450319105,0.0252613850403249,0.0002));
#15510=CARTESIAN_POINT('',(0.042158450319105,0.0252613850403249,0.005002));
#15511=CARTESIAN_POINT('',(0.04,0.024,0.005002));
#15512=CARTESIAN_POINT('',(0.04,0.024,0.0002));
#15513=CARTESIAN_POINT('',(0.042158450319105,0.0227386149596752,0.0002));
#15514=CARTESIAN_POINT('',(0.042158450319105,0.0227386149596752,0.005002));
#15515=CARTESIAN_POINT('',(0.0419857742935767,0.0228395257629011,0.005002));
#15516=CARTESIAN_POINT('',(0.0419857742935767,0.0228395257629011,0.0002));
#15517=CARTESIAN_POINT('',(0.0421147222572388,0.0226866453433982,0.0002));
#15518=CARTESIAN_POINT('',(0.0421147222572388,0.0226866453433982,0.005002));
#15519=CARTESIAN_POINT('',(0.0464324872594621,0.0175675127405379,0.005002));
#15520=CARTESIAN_POINT('',(0.0464324872594621,0.0175675127405379,0.0002));
#15521=CARTESIAN_POINT('',(0.0413133546566018,0.0218852777427613,0.0002));
#15522=CARTESIAN_POINT('',(0.0413133546566018,0.0218852777427613,0.005002));
#15523=CARTESIAN_POINT('',(0.0411604742370988,0.0220142257064234,0.005002));
#15524=CARTESIAN_POINT('',(0.0411604742370988,0.0220142257064234,0.0002));
#15525=CARTESIAN_POINT('',(0.0412613850403248,0.021841549680895,0.0002));
#15526=CARTESIAN_POINT('',(0.0412613850403248,0.021841549680895,0.005002));
#15527=CARTESIAN_POINT('',(0.04,0.024,0.005002));
#15528=CARTESIAN_POINT('',(0.04,0.024,0.0002));
#15529=CARTESIAN_POINT('',(0.0387386149596751,0.021841549680895,0.0002));
#15530=CARTESIAN_POINT('',(0.0387386149596751,0.021841549680895,0.005002));
#15531=CARTESIAN_POINT('',(0.0388395257629011,0.0220142257064234,0.005002));
#15532=CARTESIAN_POINT('',(0.0388395257629011,0.0220142257064234,0.0002));
#15533=CARTESIAN_POINT('',(0.0386866453433982,0.0218852777427613,0.0002));
#15534=CARTESIAN_POINT('',(0.0386866453433982,0.0218852777427613,0.005002));
#15535=CARTESIAN_POINT('',(0.0335675127405379,0.0175675127405379,0.005002));
#15536=CARTESIAN_POINT('',(0.0335675127405379,0.0175675127405379,0.0002));
#15537=CARTESIAN_POINT('',(0.0378852777427613,0.0226866453433982,0.0002));
#15538=CARTESIAN_POINT('',(0.0378852777427613,0.0226866453433982,0.005002));
#15539=CARTESIAN_POINT('',(0.0380142257064233,0.0228395257629011,0.005002));
#15540=CARTESIAN_POINT('',(0.0380142257064233,0.0228395257629011,0.0002));
#15541=CARTESIAN_POINT('',(0.04,0.016,0.005002));
#15542=CARTESIAN_POINT('',(0.037841549680895,0.0147386149596751,0.005002));
#15543=CARTESIAN_POINT('',(0.037841549680895,0.0147386149596751,0.0002));
#15544=CARTESIAN_POINT('',(0.04,0.016,0.0002));
#15545=CARTESIAN_POINT('',(0.037841549680895,0.0172613850403249,0.0002));
#15546=CARTESIAN_POINT('',(0.037841549680895,0.0172613850403249,0.005002));
#15547=CARTESIAN_POINT('',(0.0380142257064233,0.0171604742370989,0.005002));
#15548=CARTESIAN_POINT('',(0.0380142257064233,0.0171604742370989,0.0002));
#15549=CARTESIAN_POINT('',(0.0378852777427613,0.0173133546566018,0.0002));
#15550=CARTESIAN_POINT('',(0.0378852777427613,0.0173133546566018,0.005002));
#15551=CARTESIAN_POINT('',(0.0335675127405379,0.0224324872594621,0.005002));
#15552=CARTESIAN_POINT('',(0.0335675127405379,0.0224324872594621,0.0002));
#15553=CARTESIAN_POINT('',(0.0386866453433982,0.0181147222572387,0.0002));
#15554=CARTESIAN_POINT('',(0.0386866453433982,0.0181147222572387,0.005002));
#15555=CARTESIAN_POINT('',(0.0388395257629011,0.0179857742935766,0.005002));
#15556=CARTESIAN_POINT('',(0.0388395257629011,0.0179857742935766,0.0002));
#15557=CARTESIAN_POINT('',(0.0387386149596751,0.018158450319105,0.0002));
#15558=CARTESIAN_POINT('',(0.0387386149596751,0.018158450319105,0.005002));
#15559=CARTESIAN_POINT('',(0.04,0.016,0.005002));
#15560=CARTESIAN_POINT('',(0.04,0.016,0.0002));
#15561=CARTESIAN_POINT('',(0.0412613850403248,0.018158450319105,0.0002));
#15562=CARTESIAN_POINT('',(0.0412613850403248,0.018158450319105,0.005002));
#15563=CARTESIAN_POINT('',(0.0411604742370988,0.0179857742935766,0.005002));
#15564=CARTESIAN_POINT('',(0.0411604742370988,0.0179857742935766,0.0002));
#15565=CARTESIAN_POINT('',(0.0413133546566018,0.0181147222572387,0.0002));
#15566=CARTESIAN_POINT('',(0.0413133546566018,0.0181147222572387,0.005002));
#15567=CARTESIAN_POINT('',(0.0464324872594621,0.0224324872594621,0.005002));
#15568=CARTESIAN_POINT('',(0.0464324872594621,0.0224324872594621,0.0002));
#15569=CARTESIAN_POINT('',(0.0421147222572387,0.0173133546566018,0.0002));
#15570=CARTESIAN_POINT('',(0.0421147222572387,0.0173133546566018,0.005002));
#15571=CARTESIAN_POINT('',(0.0419857742935767,0.0171604742370989,0.005002));
#15572=CARTESIAN_POINT('',(0.0419857742935767,0.0171604742370989,0.0002));
#15573=CARTESIAN_POINT('',(0.042158450319105,0.0172613850403249,0.0002));
#15574=CARTESIAN_POINT('',(0.042158450319105,0.0172613850403249,0.005002));
#15575=CARTESIAN_POINT('',(0.04,0.016,0.005002));
#15576=CARTESIAN_POINT('',(0.04,0.016,0.0002));
#15577=CARTESIAN_POINT('',(0.042158450319105,0.0147386149596752,0.0002));
#15578=CARTESIAN_POINT('',(0.042158450319105,0.0147386149596752,0.005002));
#15579=CARTESIAN_POINT('',(0.0419857742935767,0.0148395257629011,0.005002));
#15580=CARTESIAN_POINT('',(0.0419857742935767,0.0148395257629011,0.0002));
#15581=CARTESIAN_POINT('',(0.0421147222572388,0.0146866453433982,0.0002));
#15582=CARTESIAN_POINT('',(0.0421147222572388,0.0146866453433982,0.005002));
#15583=CARTESIAN_POINT('',(0.0464324872594621,0.00956751274053791,0.005002));
#15584=CARTESIAN_POINT('',(0.0464324872594621,0.00956751274053791,0.0002));
#15585=CARTESIAN_POINT('',(0.0413133546566018,0.0138852777427613,0.0002));
#15586=CARTESIAN_POINT('',(0.0413133546566018,0.0138852777427613,0.005002));
#15587=CARTESIAN_POINT('',(0.0411604742370988,0.0140142257064234,0.005002));
#15588=CARTESIAN_POINT('',(0.0411604742370988,0.0140142257064234,0.0002));
#15589=CARTESIAN_POINT('',(0.0412613850403248,0.013841549680895,0.0002));
#15590=CARTESIAN_POINT('',(0.0412613850403248,0.013841549680895,0.005002));
#15591=CARTESIAN_POINT('',(0.04,0.016,0.005002));
#15592=CARTESIAN_POINT('',(0.04,0.016,0.0002));
#15593=CARTESIAN_POINT('',(0.0387386149596751,0.013841549680895,0.0002));
#15594=CARTESIAN_POINT('',(0.0387386149596751,0.013841549680895,0.005002));
#15595=CARTESIAN_POINT('',(0.0388395257629011,0.0140142257064234,0.005002));
#15596=CARTESIAN_POINT('',(0.0388395257629011,0.0140142257064234,0.0002));
#15597=CARTESIAN_POINT('',(0.0386866453433982,0.0138852777427613,0.0002));
#15598=CARTESIAN_POINT('',(0.0386866453433982,0.0138852777427613,0.005002));
#15599=CARTESIAN_POINT('',(0.0335675127405379,0.00956751274053791,0.005002));
#15600=CARTESIAN_POINT('',(0.0335675127405379,0.00956751274053791,0.0002));
#15601=CARTESIAN_POINT('',(0.0378852777427613,0.0146866453433982,0.0002));
#15602=CARTESIAN_POINT('',(0.0378852777427613,0.0146866453433982,0.005002));
#15603=CARTESIAN_POINT('',(0.0380142257064233,0.0148395257629011,0.005002));
#15604=CARTESIAN_POINT('',(0.0380142257064233,0.0148395257629011,0.0002));
#15605=CARTESIAN_POINT('',(0.04,0.008,0.005002));
#15606=CARTESIAN_POINT('',(0.037841549680895,0.00673861495967516,0.005002));
#15607=CARTESIAN_POINT('',(0.037841549680895,0.00673861495967516,0.0002));
#15608=CARTESIAN_POINT('',(0.04,0.008,0.0002));
#15609=CARTESIAN_POINT('',(0.037841549680895,0.00926138504032486,0.0002));
#15610=CARTESIAN_POINT('',(0.037841549680895,0.00926138504032486,0.005002));
#15611=CARTESIAN_POINT('',(0.0380142257064233,0.00916047423709886,0.005002));
#15612=CARTESIAN_POINT('',(0.0380142257064233,0.00916047423709886,0.0002));
#15613=CARTESIAN_POINT('',(0.0378852777427613,0.00931335465660181,0.0002));
#15614=CARTESIAN_POINT('',(0.0378852777427613,0.00931335465660181,0.005002));
#15615=CARTESIAN_POINT('',(0.0335675127405379,0.0144324872594621,0.005002));
#15616=CARTESIAN_POINT('',(0.0335675127405379,0.0144324872594621,0.0002));
#15617=CARTESIAN_POINT('',(0.0386866453433982,0.0101147222572388,0.0002));
#15618=CARTESIAN_POINT('',(0.0386866453433982,0.0101147222572388,0.005002));
#15619=CARTESIAN_POINT('',(0.0388395257629012,0.00998577429357666,0.005002));
#15620=CARTESIAN_POINT('',(0.0388395257629012,0.00998577429357666,0.0002));
#15621=CARTESIAN_POINT('',(0.0387386149596751,0.0101584503191051,0.0002));
#15622=CARTESIAN_POINT('',(0.0387386149596751,0.0101584503191051,0.005002));
#15623=CARTESIAN_POINT('',(0.04,0.008,0.005002));
#15624=CARTESIAN_POINT('',(0.04,0.008,0.0002));
#15625=CARTESIAN_POINT('',(0.0412613850403248,0.0101584503191051,0.0002));
#15626=CARTESIAN_POINT('',(0.0412613850403248,0.0101584503191051,0.005002));
#15627=CARTESIAN_POINT('',(0.0411604742370988,0.00998577429357666,0.005002));
#15628=CARTESIAN_POINT('',(0.0411604742370988,0.00998577429357666,0.0002));
#15629=CARTESIAN_POINT('',(0.0413133546566018,0.0101147222572388,0.0002));
#15630=CARTESIAN_POINT('',(0.0413133546566018,0.0101147222572388,0.005002));
#15631=CARTESIAN_POINT('',(0.0464324872594621,0.0144324872594621,0.005002));
#15632=CARTESIAN_POINT('',(0.0464324872594621,0.0144324872594621,0.0002));
#15633=CARTESIAN_POINT('',(0.0421147222572387,0.00931335465660186,0.0002));
#15634=CARTESIAN_POINT('',(0.0421147222572387,0.00931335465660186,0.005002));
#15635=CARTESIAN_POINT('',(0.0419857742935767,0.00916047423709891,0.005002));
#15636=CARTESIAN_POINT('',(0.0419857742935767,0.00916047423709891,0.0002));
#15637=CARTESIAN_POINT('',(0.042158450319105,0.00926138504032486,0.0002));
#15638=CARTESIAN_POINT('',(0.042158450319105,0.00926138504032486,0.005002));
#15639=CARTESIAN_POINT('',(0.04,0.008,0.005002));
#15640=CARTESIAN_POINT('',(0.04,0.008,0.0002));
#15641=CARTESIAN_POINT('',(0.042158450319105,0.00673861495967516,0.0002));
#15642=CARTESIAN_POINT('',(0.042158450319105,0.00673861495967516,0.005002));
#15643=CARTESIAN_POINT('',(0.0419857742935767,0.00683952576290116,0.005002));
#15644=CARTESIAN_POINT('',(0.0419857742935767,0.00683952576290116,0.0002));
#15645=CARTESIAN_POINT('',(0.0421147222572388,0.00668664534339822,0.0002));
#15646=CARTESIAN_POINT('',(0.0421147222572388,0.00668664534339822,0.005002));
#15647=CARTESIAN_POINT('',(0.0464324872594621,0.00156751274053791,0.005002));
#15648=CARTESIAN_POINT('',(0.0464324872594621,0.00156751274053791,0.0002));
#15649=CARTESIAN_POINT('',(0.0413133546566018,0.00588527774276126,0.0002));
#15650=CARTESIAN_POINT('',(0.0413133546566018,0.00588527774276126,0.005002));
#15651=CARTESIAN_POINT('',(0.0411604742370988,0.00601422570642336,0.005002));
#15652=CARTESIAN_POINT('',(0.0411604742370988,0.00601422570642336,0.0002));
#15653=CARTESIAN_POINT('',(0.0412613850403248,0.00584154968089497,0.0002));
#15654=CARTESIAN_POINT('',(0.0412613850403248,0.00584154968089497,0.005002));
#15655=CARTESIAN_POINT('',(0.04,0.008,0.005002));
#15656=CARTESIAN_POINT('',(0.04,0.008,0.0002));
#15657=CARTESIAN_POINT('',(0.0387386149596751,0.00584154968089497,0.0002));
#15658=CARTESIAN_POINT('',(0.0387386149596751,0.00584154968089497,0.005002));
#15659=CARTESIAN_POINT('',(0.0388395257629011,0.00601422570642341,0.005002));
#15660=CARTESIAN_POINT('',(0.0388395257629011,0.00601422570642341,0.0002));
#15661=CARTESIAN_POINT('',(0.0386866453433982,0.00588527774276131,0.0002));
#15662=CARTESIAN_POINT('',(0.0386866453433982,0.00588527774276131,0.005002));
#15663=CARTESIAN_POINT('',(0.0335675127405379,0.00156751274053791,0.005002));
#15664=CARTESIAN_POINT('',(0.0335675127405379,0.00156751274053791,0.0002));
#15665=CARTESIAN_POINT('',(0.0378852777427613,0.00668664534339817,0.0002));
#15666=CARTESIAN_POINT('',(0.0378852777427613,0.00668664534339817,0.005002));
#15667=CARTESIAN_POINT('',(0.0380142257064233,0.00683952576290112,0.005002));
#15668=CARTESIAN_POINT('',(0.0380142257064233,0.00683952576290112,0.0002));
#15669=CARTESIAN_POINT('',(0.04,1.22956388212178E-17,0.005002));
#15670=CARTESIAN_POINT('',(0.037841549680895,-0.00126138504032484,0.005002));
#15671=CARTESIAN_POINT('',(0.037841549680895,-0.00126138504032484,0.0002));
#15672=CARTESIAN_POINT('',(0.04,1.20016011247426E-17,0.0002));
#15673=CARTESIAN_POINT('',(0.037841549680895,0.00126138504032491,0.0002));
#15674=CARTESIAN_POINT('',(0.037841549680895,0.00126138504032491,0.005002));
#15675=CARTESIAN_POINT('',(0.0380142257064233,0.00116047423709891,0.005002));
#15676=CARTESIAN_POINT('',(0.0380142257064233,0.00116047423709891,0.0002));
#15677=CARTESIAN_POINT('',(0.0378852777427613,0.00131335465660186,0.0002));
#15678=CARTESIAN_POINT('',(0.0378852777427613,0.00131335465660186,0.005002));
#15679=CARTESIAN_POINT('',(0.0335675127405379,0.00643248725946211,0.005002));
#15680=CARTESIAN_POINT('',(0.0335675127405379,0.00643248725946211,0.0002));
#15681=CARTESIAN_POINT('',(0.0386866453433982,0.00211472225723877,0.0002));
#15682=CARTESIAN_POINT('',(0.0386866453433982,0.00211472225723877,0.005002));
#15683=CARTESIAN_POINT('',(0.0388395257629011,0.00198577429357667,0.005002));
#15684=CARTESIAN_POINT('',(0.0388395257629011,0.00198577429357667,0.0002));
#15685=CARTESIAN_POINT('',(0.0387386149596751,0.00215845031910506,0.0002));
#15686=CARTESIAN_POINT('',(0.0387386149596751,0.00215845031910506,0.005002));
#15687=CARTESIAN_POINT('',(0.04,1.22956388212178E-17,0.005002));
#15688=CARTESIAN_POINT('',(0.04,1.20016011247426E-17,0.0002));
#15689=CARTESIAN_POINT('',(0.0412613850403248,0.00215845031910506,0.0002));
#15690=CARTESIAN_POINT('',(0.0412613850403248,0.00215845031910506,0.005002));
#15691=CARTESIAN_POINT('',(0.0411604742370988,0.00198577429357667,0.005002));
#15692=CARTESIAN_POINT('',(0.0411604742370988,0.00198577429357667,0.0002));
#15693=CARTESIAN_POINT('',(0.0413133546566018,0.00211472225723877,0.0002));
#15694=CARTESIAN_POINT('',(0.0413133546566018,0.00211472225723877,0.005002));
#15695=CARTESIAN_POINT('',(0.0464324872594621,0.00643248725946211,0.005002));
#15696=CARTESIAN_POINT('',(0.0464324872594621,0.00643248725946211,0.0002));
#15697=CARTESIAN_POINT('',(0.0421147222572387,0.00131335465660186,0.0002));
#15698=CARTESIAN_POINT('',(0.0421147222572387,0.00131335465660186,0.005002));
#15699=CARTESIAN_POINT('',(0.0419857742935767,0.00116047423709891,0.005002));
#15700=CARTESIAN_POINT('',(0.0419857742935767,0.00116047423709891,0.0002));
#15701=CARTESIAN_POINT('',(0.042158450319105,0.00126138504032486,0.0002));
#15702=CARTESIAN_POINT('',(0.042158450319105,0.00126138504032486,0.005002));
#15703=CARTESIAN_POINT('',(0.04,1.22956388212178E-17,0.005002));
#15704=CARTESIAN_POINT('',(0.04,1.20016011247426E-17,0.0002));
#15705=CARTESIAN_POINT('',(0.042158450319105,-0.00126138504032484,0.0002));
#15706=CARTESIAN_POINT('',(0.042158450319105,-0.00126138504032484,0.005002));
#15707=CARTESIAN_POINT('',(0.0419857742935767,-0.00116047423709884,0.005002));
#15708=CARTESIAN_POINT('',(0.0419857742935767,-0.00116047423709884,0.0002));
#15709=CARTESIAN_POINT('',(0.0421147222572388,-0.00131335465660179,0.0002));
#15710=CARTESIAN_POINT('',(0.0421147222572387,-0.00131335465660179,0.005002));
#15711=CARTESIAN_POINT('',(0.0464324872594621,-0.00643248725946209,0.005002));
#15712=CARTESIAN_POINT('',(0.0464324872594621,-0.00643248725946209,0.0002));
#15713=CARTESIAN_POINT('',(0.0413133546566018,-0.00211472225723874,0.0002));
#15714=CARTESIAN_POINT('',(0.0413133546566018,-0.00211472225723874,0.005002));
#15715=CARTESIAN_POINT('',(0.0411604742370988,-0.00198577429357664,0.005002));
#15716=CARTESIAN_POINT('',(0.0411604742370988,-0.00198577429357664,0.0002));
#15717=CARTESIAN_POINT('',(0.0412613850403248,-0.00215845031910504,0.0002));
#15718=CARTESIAN_POINT('',(0.0412613850403248,-0.00215845031910504,0.005002));
#15719=CARTESIAN_POINT('',(0.04,1.22956388212178E-17,0.005002));
#15720=CARTESIAN_POINT('',(0.04,1.20016011247426E-17,0.0002));
#15721=CARTESIAN_POINT('',(0.0387386149596751,-0.00215845031910504,0.0002));
#15722=CARTESIAN_POINT('',(0.0387386149596751,-0.00215845031910504,0.005002));
#15723=CARTESIAN_POINT('',(0.0388395257629011,-0.00198577429357658,0.005002));
#15724=CARTESIAN_POINT('',(0.0388395257629011,-0.00198577429357659,0.0002));
#15725=CARTESIAN_POINT('',(0.0386866453433982,-0.00211472225723869,0.0002));
#15726=CARTESIAN_POINT('',(0.0386866453433982,-0.00211472225723869,0.005002));
#15727=CARTESIAN_POINT('',(0.0335675127405379,-0.00643248725946209,0.005002));
#15728=CARTESIAN_POINT('',(0.0335675127405379,-0.00643248725946209,0.0002));
#15729=CARTESIAN_POINT('',(0.0378852777427613,-0.00131335465660179,0.0002));
#15730=CARTESIAN_POINT('',(0.0378852777427613,-0.00131335465660179,0.005002));
#15731=CARTESIAN_POINT('',(0.0380142257064233,-0.00116047423709884,0.005002));
#15732=CARTESIAN_POINT('',(0.0380142257064233,-0.00116047423709884,0.0002));
#15733=CARTESIAN_POINT('',(0.04,-0.008,0.005002));
#15734=CARTESIAN_POINT('',(0.037841549680895,-0.00926138504032484,0.005002));
#15735=CARTESIAN_POINT('',(0.037841549680895,-0.00926138504032484,0.0002));
#15736=CARTESIAN_POINT('',(0.04,-0.008,0.0002));
#15737=CARTESIAN_POINT('',(0.037841549680895,-0.00673861495967514,0.0002));
#15738=CARTESIAN_POINT('',(0.037841549680895,-0.00673861495967514,0.005002));
#15739=CARTESIAN_POINT('',(0.0380142257064233,-0.00683952576290109,0.005002));
#15740=CARTESIAN_POINT('',(0.0380142257064233,-0.00683952576290109,0.0002));
#15741=CARTESIAN_POINT('',(0.0378852777427613,-0.00668664534339814,0.0002));
#15742=CARTESIAN_POINT('',(0.0378852777427613,-0.00668664534339814,0.005002));
#15743=CARTESIAN_POINT('',(0.0335675127405379,-0.00156751274053789,0.005002));
#15744=CARTESIAN_POINT('',(0.0335675127405379,-0.00156751274053789,0.0002));
#15745=CARTESIAN_POINT('',(0.0386866453433982,-0.00588527774276124,0.0002));
#15746=CARTESIAN_POINT('',(0.0386866453433982,-0.00588527774276124,0.005002));
#15747=CARTESIAN_POINT('',(0.0388395257629012,-0.00601422570642334,0.005002));
#15748=CARTESIAN_POINT('',(0.0388395257629012,-0.00601422570642334,0.0002));
#15749=CARTESIAN_POINT('',(0.0387386149596751,-0.00584154968089494,0.0002));
#15750=CARTESIAN_POINT('',(0.0387386149596751,-0.00584154968089494,0.005002));
#15751=CARTESIAN_POINT('',(0.04,-0.008,0.005002));
#15752=CARTESIAN_POINT('',(0.04,-0.008,0.0002));
#15753=CARTESIAN_POINT('',(0.0412613850403248,-0.00584154968089494,0.0002));
#15754=CARTESIAN_POINT('',(0.0412613850403248,-0.00584154968089494,0.005002));
#15755=CARTESIAN_POINT('',(0.0411604742370988,-0.00601422570642334,0.005002));
#15756=CARTESIAN_POINT('',(0.0411604742370988,-0.00601422570642334,0.0002));
#15757=CARTESIAN_POINT('',(0.0413133546566018,-0.00588527774276124,0.0002));
#15758=CARTESIAN_POINT('',(0.0413133546566018,-0.00588527774276124,0.005002));
#15759=CARTESIAN_POINT('',(0.0464324872594621,-0.00156751274053789,0.005002));
#15760=CARTESIAN_POINT('',(0.0464324872594621,-0.00156751274053789,0.0002));
#15761=CARTESIAN_POINT('',(0.0421147222572387,-0.00668664534339814,0.0002));
#15762=CARTESIAN_POINT('',(0.0421147222572387,-0.00668664534339814,0.005002));
#15763=CARTESIAN_POINT('',(0.0419857742935767,-0.00683952576290109,0.005002));
#15764=CARTESIAN_POINT('',(0.0419857742935767,-0.00683952576290109,0.0002));
#15765=CARTESIAN_POINT('',(0.042158450319105,-0.00673861495967514,0.0002));
#15766=CARTESIAN_POINT('',(0.042158450319105,-0.00673861495967514,0.005002));
#15767=CARTESIAN_POINT('',(0.04,-0.008,0.005002));
#15768=CARTESIAN_POINT('',(0.04,-0.008,0.0002));
#15769=CARTESIAN_POINT('',(0.042158450319105,-0.00926138504032484,0.0002));
#15770=CARTESIAN_POINT('',(0.042158450319105,-0.00926138504032484,0.005002));
#15771=CARTESIAN_POINT('',(0.0419857742935767,-0.00916047423709884,0.005002));
#15772=CARTESIAN_POINT('',(0.0419857742935767,-0.00916047423709884,0.0002));
#15773=CARTESIAN_POINT('',(0.0421147222572388,-0.00931335465660179,0.0002));
#15774=CARTESIAN_POINT('',(0.0421147222572387,-0.00931335465660179,0.005002));
#15775=CARTESIAN_POINT('',(0.0464324872594621,-0.0144324872594621,0.005002));
#15776=CARTESIAN_POINT('',(0.0464324872594621,-0.0144324872594621,0.0002));
#15777=CARTESIAN_POINT('',(0.0413133546566018,-0.0101147222572387,0.0002));
#15778=CARTESIAN_POINT('',(0.0413133546566018,-0.0101147222572387,0.005002));
#15779=CARTESIAN_POINT('',(0.0411604742370988,-0.00998577429357664,0.005002));
#15780=CARTESIAN_POINT('',(0.0411604742370988,-0.00998577429357664,0.0002));
#15781=CARTESIAN_POINT('',(0.0412613850403248,-0.010158450319105,0.0002));
#15782=CARTESIAN_POINT('',(0.0412613850403248,-0.010158450319105,0.005002));
#15783=CARTESIAN_POINT('',(0.04,-0.008,0.005002));
#15784=CARTESIAN_POINT('',(0.04,-0.008,0.0002));
#15785=CARTESIAN_POINT('',(0.0387386149596751,-0.010158450319105,0.0002));
#15786=CARTESIAN_POINT('',(0.0387386149596751,-0.010158450319105,0.005002));
#15787=CARTESIAN_POINT('',(0.0388395257629011,-0.00998577429357664,0.005002));
#15788=CARTESIAN_POINT('',(0.0388395257629011,-0.00998577429357664,0.0002));
#15789=CARTESIAN_POINT('',(0.0386866453433982,-0.0101147222572387,0.0002));
#15790=CARTESIAN_POINT('',(0.0386866453433982,-0.0101147222572387,0.005002));
#15791=CARTESIAN_POINT('',(0.0335675127405379,-0.0144324872594621,0.005002));
#15792=CARTESIAN_POINT('',(0.0335675127405379,-0.0144324872594621,0.0002));
#15793=CARTESIAN_POINT('',(0.0378852777427613,-0.00931335465660179,0.0002));
#15794=CARTESIAN_POINT('',(0.0378852777427613,-0.00931335465660179,0.005002));
#15795=CARTESIAN_POINT('',(0.0380142257064233,-0.00916047423709884,0.005002));
#15796=CARTESIAN_POINT('',(0.0380142257064233,-0.00916047423709884,0.0002));
#15797=CARTESIAN_POINT('',(0.04,-0.016,0.005002));
#15798=CARTESIAN_POINT('',(0.037841549680895,-0.0172613850403249,0.005002));
#15799=CARTESIAN_POINT('',(0.037841549680895,-0.0172613850403249,0.0002));
#15800=CARTESIAN_POINT('',(0.04,-0.016,0.0002));
#15801=CARTESIAN_POINT('',(0.037841549680895,-0.0147386149596751,0.0002));
#15802=CARTESIAN_POINT('',(0.037841549680895,-0.0147386149596751,0.005002));
#15803=CARTESIAN_POINT('',(0.0380142257064233,-0.0148395257629011,0.005002));
#15804=CARTESIAN_POINT('',(0.0380142257064233,-0.0148395257629011,0.0002));
#15805=CARTESIAN_POINT('',(0.0378852777427613,-0.0146866453433981,0.0002));
#15806=CARTESIAN_POINT('',(0.0378852777427613,-0.0146866453433981,0.005002));
#15807=CARTESIAN_POINT('',(0.0335675127405379,-0.00956751274053789,0.005002));
#15808=CARTESIAN_POINT('',(0.0335675127405379,-0.00956751274053789,0.0002));
#15809=CARTESIAN_POINT('',(0.0386866453433982,-0.0138852777427612,0.0002));
#15810=CARTESIAN_POINT('',(0.0386866453433982,-0.0138852777427612,0.005002));
#15811=CARTESIAN_POINT('',(0.0388395257629012,-0.0140142257064233,0.005002));
#15812=CARTESIAN_POINT('',(0.0388395257629012,-0.0140142257064233,0.0002));
#15813=CARTESIAN_POINT('',(0.0387386149596751,-0.0138415496808949,0.0002));
#15814=CARTESIAN_POINT('',(0.0387386149596751,-0.0138415496808949,0.005002));
#15815=CARTESIAN_POINT('',(0.04,-0.016,0.005002));
#15816=CARTESIAN_POINT('',(0.04,-0.016,0.0002));
#15817=CARTESIAN_POINT('',(0.0412613850403248,-0.0138415496808949,0.0002));
#15818=CARTESIAN_POINT('',(0.0412613850403248,-0.0138415496808949,0.005002));
#15819=CARTESIAN_POINT('',(0.0411604742370988,-0.0140142257064233,0.005002));
#15820=CARTESIAN_POINT('',(0.0411604742370988,-0.0140142257064233,0.0002));
#15821=CARTESIAN_POINT('',(0.0413133546566018,-0.0138852777427612,0.0002));
#15822=CARTESIAN_POINT('',(0.0413133546566018,-0.0138852777427612,0.005002));
#15823=CARTESIAN_POINT('',(0.0464324872594621,-0.00956751274053789,0.005002));
#15824=CARTESIAN_POINT('',(0.0464324872594621,-0.00956751274053789,0.0002));
#15825=CARTESIAN_POINT('',(0.0421147222572387,-0.0146866453433981,0.0002));
#15826=CARTESIAN_POINT('',(0.0421147222572387,-0.0146866453433981,0.005002));
#15827=CARTESIAN_POINT('',(0.0419857742935767,-0.0148395257629011,0.005002));
#15828=CARTESIAN_POINT('',(0.0419857742935767,-0.0148395257629011,0.0002));
#15829=CARTESIAN_POINT('',(0.042158450319105,-0.0147386149596751,0.0002));
#15830=CARTESIAN_POINT('',(0.042158450319105,-0.0147386149596751,0.005002));
#15831=CARTESIAN_POINT('',(0.04,-0.016,0.005002));
#15832=CARTESIAN_POINT('',(0.04,-0.016,0.0002));
#15833=CARTESIAN_POINT('',(0.042158450319105,-0.0172613850403249,0.0002));
#15834=CARTESIAN_POINT('',(0.042158450319105,-0.0172613850403249,0.005002));
#15835=CARTESIAN_POINT('',(0.0419857742935767,-0.0171604742370988,0.005002));
#15836=CARTESIAN_POINT('',(0.0419857742935767,-0.0171604742370988,0.0002));
#15837=CARTESIAN_POINT('',(0.0421147222572387,-0.0173133546566019,0.0002));
#15838=CARTESIAN_POINT('',(0.0421147222572387,-0.0173133546566019,0.005002));
#15839=CARTESIAN_POINT('',(0.0464324872594621,-0.0224324872594621,0.005002));
#15840=CARTESIAN_POINT('',(0.0464324872594621,-0.0224324872594621,0.0002));
#15841=CARTESIAN_POINT('',(0.0413133546566018,-0.0181147222572388,0.0002));
#15842=CARTESIAN_POINT('',(0.0413133546566018,-0.0181147222572388,0.005002));
#15843=CARTESIAN_POINT('',(0.0411604742370988,-0.0179857742935766,0.005002));
#15844=CARTESIAN_POINT('',(0.0411604742370988,-0.0179857742935766,0.0002));
#15845=CARTESIAN_POINT('',(0.0412613850403248,-0.0181584503191051,0.0002));
#15846=CARTESIAN_POINT('',(0.0412613850403248,-0.0181584503191051,0.005002));
#15847=CARTESIAN_POINT('',(0.04,-0.016,0.005002));
#15848=CARTESIAN_POINT('',(0.04,-0.016,0.0002));
#15849=CARTESIAN_POINT('',(0.0387386149596751,-0.0181584503191051,0.0002));
#15850=CARTESIAN_POINT('',(0.0387386149596751,-0.0181584503191051,0.005002));
#15851=CARTESIAN_POINT('',(0.0388395257629011,-0.0179857742935766,0.005002));
#15852=CARTESIAN_POINT('',(0.0388395257629011,-0.0179857742935766,0.0002));
#15853=CARTESIAN_POINT('',(0.0386866453433982,-0.0181147222572387,0.0002));
#15854=CARTESIAN_POINT('',(0.0386866453433982,-0.0181147222572387,0.005002));
#15855=CARTESIAN_POINT('',(0.0335675127405379,-0.0224324872594621,0.005002));
#15856=CARTESIAN_POINT('',(0.0335675127405379,-0.0224324872594621,0.0002));
#15857=CARTESIAN_POINT('',(0.0378852777427613,-0.0173133546566019,0.0002));
#15858=CARTESIAN_POINT('',(0.0378852777427613,-0.0173133546566019,0.005002));
#15859=CARTESIAN_POINT('',(0.0380142257064233,-0.0171604742370988,0.005002));
#15860=CARTESIAN_POINT('',(0.0380142257064233,-0.0171604742370988,0.0002));
#15861=CARTESIAN_POINT('',(0.04,-0.024,0.005002));
#15862=CARTESIAN_POINT('',(0.037841549680895,-0.0252613850403249,0.005002));
#15863=CARTESIAN_POINT('',(0.037841549680895,-0.0252613850403249,0.0002));
#15864=CARTESIAN_POINT('',(0.04,-0.024,0.0002));
#15865=CARTESIAN_POINT('',(0.037841549680895,-0.0227386149596751,0.0002));
#15866=CARTESIAN_POINT('',(0.037841549680895,-0.0227386149596751,0.005002));
#15867=CARTESIAN_POINT('',(0.0380142257064233,-0.0228395257629011,0.005002));
#15868=CARTESIAN_POINT('',(0.0380142257064233,-0.0228395257629011,0.0002));
#15869=CARTESIAN_POINT('',(0.0378852777427613,-0.0226866453433981,0.0002));
#15870=CARTESIAN_POINT('',(0.0378852777427613,-0.0226866453433981,0.005002));
#15871=CARTESIAN_POINT('',(0.0335675127405379,-0.0175675127405379,0.005002));
#15872=CARTESIAN_POINT('',(0.0335675127405379,-0.0175675127405379,0.0002));
#15873=CARTESIAN_POINT('',(0.0386866453433982,-0.0218852777427612,0.0002));
#15874=CARTESIAN_POINT('',(0.0386866453433982,-0.0218852777427612,0.005002));
#15875=CARTESIAN_POINT('',(0.0388395257629012,-0.0220142257064234,0.005002));
#15876=CARTESIAN_POINT('',(0.0388395257629012,-0.0220142257064234,0.0002));
#15877=CARTESIAN_POINT('',(0.0387386149596751,-0.0218415496808949,0.0002));
#15878=CARTESIAN_POINT('',(0.0387386149596751,-0.0218415496808949,0.005002));
#15879=CARTESIAN_POINT('',(0.04,-0.024,0.005002));
#15880=CARTESIAN_POINT('',(0.04,-0.024,0.0002));
#15881=CARTESIAN_POINT('',(0.0412613850403248,-0.0218415496808949,0.0002));
#15882=CARTESIAN_POINT('',(0.0412613850403248,-0.0218415496808949,0.005002));
#15883=CARTESIAN_POINT('',(0.0411604742370988,-0.0220142257064234,0.005002));
#15884=CARTESIAN_POINT('',(0.0411604742370988,-0.0220142257064234,0.0002));
#15885=CARTESIAN_POINT('',(0.0413133546566018,-0.0218852777427612,0.0002));
#15886=CARTESIAN_POINT('',(0.0413133546566018,-0.0218852777427612,0.005002));
#15887=CARTESIAN_POINT('',(0.0464324872594621,-0.0175675127405379,0.005002));
#15888=CARTESIAN_POINT('',(0.0464324872594621,-0.0175675127405379,0.0002));
#15889=CARTESIAN_POINT('',(0.0421147222572387,-0.0226866453433981,0.0002));
#15890=CARTESIAN_POINT('',(0.0421147222572387,-0.0226866453433981,0.005002));
#15891=CARTESIAN_POINT('',(0.0419857742935767,-0.0228395257629011,0.005002));
#15892=CARTESIAN_POINT('',(0.0419857742935767,-0.0228395257629011,0.0002));
#15893=CARTESIAN_POINT('',(0.042158450319105,-0.0227386149596751,0.0002));
#15894=CARTESIAN_POINT('',(0.042158450319105,-0.0227386149596751,0.005002));
#15895=CARTESIAN_POINT('',(0.04,-0.024,0.005002));
#15896=CARTESIAN_POINT('',(0.04,-0.024,0.0002));
#15897=CARTESIAN_POINT('',(0.042158450319105,-0.0252613850403249,0.0002));
#15898=CARTESIAN_POINT('',(0.042158450319105,-0.0252613850403249,0.005002));
#15899=CARTESIAN_POINT('',(0.0419857742935767,-0.0251604742370988,0.005002));
#15900=CARTESIAN_POINT('',(0.0419857742935767,-0.0251604742370988,0.0002));
#15901=CARTESIAN_POINT('',(0.0421147222572387,-0.0253133546566018,0.0002));
#15902=CARTESIAN_POINT('',(0.0421147222572387,-0.0253133546566018,0.005002));
#15903=CARTESIAN_POINT('',(0.0464324872594621,-0.0304324872594621,0.005002));
#15904=CARTESIAN_POINT('',(0.0464324872594621,-0.0304324872594621,0.0002));
#15905=CARTESIAN_POINT('',(0.0413133546566018,-0.0261147222572387,0.0002));
#15906=CARTESIAN_POINT('',(0.0413133546566018,-0.0261147222572387,0.005002));
#15907=CARTESIAN_POINT('',(0.0411604742370988,-0.0259857742935766,0.005002));
#15908=CARTESIAN_POINT('',(0.0411604742370988,-0.0259857742935766,0.0002));
#15909=CARTESIAN_POINT('',(0.0412613850403248,-0.0261584503191051,0.0002));
#15910=CARTESIAN_POINT('',(0.0412613850403248,-0.0261584503191051,0.005002));
#15911=CARTESIAN_POINT('',(0.04,-0.024,0.005002));
#15912=CARTESIAN_POINT('',(0.04,-0.024,0.0002));
#15913=CARTESIAN_POINT('',(0.0387386149596751,-0.026158450319105,0.0002));
#15914=CARTESIAN_POINT('',(0.0387386149596751,-0.026158450319105,0.005002));
#15915=CARTESIAN_POINT('',(0.0388395257629011,-0.0259857742935766,0.005002));
#15916=CARTESIAN_POINT('',(0.0388395257629011,-0.0259857742935766,0.0002));
#15917=CARTESIAN_POINT('',(0.0386866453433982,-0.0261147222572387,0.0002));
#15918=CARTESIAN_POINT('',(0.0386866453433982,-0.0261147222572387,0.005002));
#15919=CARTESIAN_POINT('',(0.0335675127405379,-0.0304324872594621,0.005002));
#15920=CARTESIAN_POINT('',(0.0335675127405379,-0.0304324872594621,0.0002));
#15921=CARTESIAN_POINT('',(0.0378852777427613,-0.0253133546566018,0.0002));
#15922=CARTESIAN_POINT('',(0.0378852777427613,-0.0253133546566018,0.005002));
#15923=CARTESIAN_POINT('',(0.0380142257064233,-0.0251604742370988,0.005002));
#15924=CARTESIAN_POINT('',(0.0380142257064233,-0.0251604742370988,0.0002));
#15925=CARTESIAN_POINT('',(0.04,0.024,0.0002));
#15926=CARTESIAN_POINT('',(0.0376688736553666,0.0253622958435508,0.0002));
#15927=CARTESIAN_POINT('',(0.0376688736553666,0.0253622958435508,-1.59816781171186E-18));
#15928=CARTESIAN_POINT('',(0.0376688736553666,0.0226377041564491,0.0002));
#15929=CARTESIAN_POINT('',(0.0376688736553666,0.0226377041564491,-1.31387945192964E-18));
#15930=CARTESIAN_POINT('',(0.04,0.024,-1.46957615897682E-18));
#15931=CARTESIAN_POINT('',(0.0380142257064233,0.0251604742370989,0.0002));
#15932=CARTESIAN_POINT('',(0.0377563297790992,0.0254662350761048,0.0002));
#15933=CARTESIAN_POINT('',(0.0377563297790992,0.0254662350761048,-1.66777738086284E-18));
#15934=CARTESIAN_POINT('',(0.0380142257064233,0.0251604742370989,-1.54063471197463E-18));
#15935=CARTESIAN_POINT('',(0.0335675127405379,0.0304324872594621,0.0002));
#15936=CARTESIAN_POINT('',(0.0385337649238952,0.0262436702209008,0.0002));
#15937=CARTESIAN_POINT('',(0.0385337649238952,0.0262436702209008,-1.86897686171257E-18));
#15938=CARTESIAN_POINT('',(0.0335675127405379,0.0304324872594621,-1.86345240561964E-18));
#15939=CARTESIAN_POINT('',(0.0388395257629012,0.0259857742935766,0.0002));
#15940=CARTESIAN_POINT('',(0.0386377041564492,0.0263311263446334,0.0002));
#15941=CARTESIAN_POINT('',(0.0386377041564492,0.0263311263446334,-1.5355188259106E-18));
#15942=CARTESIAN_POINT('',(0.0388395257629012,0.0259857742935766,-1.59116976559971E-18));
#15943=CARTESIAN_POINT('',(0.04,0.024,0.0002));
#15944=CARTESIAN_POINT('',(0.04,0.024,-1.46957615897682E-18));
#15945=CARTESIAN_POINT('',(0.0413622958435508,0.0263311263446334,-1.70266666083545E-18));
#15946=CARTESIAN_POINT('',(0.0413622958435508,0.0263311263446334,0.0002));
#15947=CARTESIAN_POINT('',(0.0411604742370988,0.0259857742935766,0.0002));
#15948=CARTESIAN_POINT('',(0.0411604742370988,0.0259857742935766,-1.59116976559971E-18));
#15949=CARTESIAN_POINT('',(0.0414662350761047,0.0262436702209008,-1.30880573926173E-18));
#15950=CARTESIAN_POINT('',(0.0414662350761047,0.0262436702209008,0.0002));
#15951=CARTESIAN_POINT('',(0.0464324872594621,0.0304324872594621,0.0002));
#15952=CARTESIAN_POINT('',(0.0464324872594621,0.0304324872594621,-1.86345240561964E-18));
#15953=CARTESIAN_POINT('',(0.0422436702209008,0.0254662350761048,-2.18277341279345E-18));
#15954=CARTESIAN_POINT('',(0.0422436702209008,0.0254662350761048,0.0002));
#15955=CARTESIAN_POINT('',(0.0419857742935767,0.0251604742370989,0.0002));
#15956=CARTESIAN_POINT('',(0.0419857742935767,0.0251604742370989,-1.54063471197463E-18));
#15957=CARTESIAN_POINT('',(0.0423311263446335,0.0253622958435509,-1.68174172917429E-18));
#15958=CARTESIAN_POINT('',(0.0423311263446335,0.0253622958435509,0.0002));
#15959=CARTESIAN_POINT('',(0.04,0.024,0.0002));
#15960=CARTESIAN_POINT('',(0.04,0.024,-1.46957615897682E-18));
#15961=CARTESIAN_POINT('',(0.0423311263446335,0.0226377041564492,-1.61655255841518E-18));
#15962=CARTESIAN_POINT('',(0.0423311263446335,0.0226377041564492,0.0002));
#15963=CARTESIAN_POINT('',(0.0419857742935767,0.0228395257629011,0.0002));
#15964=CARTESIAN_POINT('',(0.0419857742935767,0.0228395257629011,-1.39851760597902E-18));
#15965=CARTESIAN_POINT('',(0.0422436702209009,0.0225337649238952,-1.59663558883646E-18));
#15966=CARTESIAN_POINT('',(0.0422436702209009,0.0225337649238952,0.0002));
#15967=CARTESIAN_POINT('',(0.0464324872594621,0.0175675127405379,0.0002));
#15968=CARTESIAN_POINT('',(0.0464324872594621,0.0175675127405379,-1.075699912334E-18));
#15969=CARTESIAN_POINT('',(0.0414662350761047,0.0217563297790992,-1.53547888859943E-18));
#15970=CARTESIAN_POINT('',(0.0414662350761047,0.0217563297790992,0.0002));
#15971=CARTESIAN_POINT('',(0.0411604742370988,0.0220142257064234,0.0002));
#15972=CARTESIAN_POINT('',(0.0411604742370988,0.0220142257064234,-1.34798255235394E-18));
#15973=CARTESIAN_POINT('',(0.0413622958435508,0.0216688736553666,-1.001575186413E-18));
#15974=CARTESIAN_POINT('',(0.0413622958435508,0.0216688736553666,0.0002));
#15975=CARTESIAN_POINT('',(0.04,0.024,0.0002));
#15976=CARTESIAN_POINT('',(0.04,0.024,-1.46957615897682E-18));
#15977=CARTESIAN_POINT('',(0.0386377041564492,0.0216688736553666,-1.41718601919911E-18));
#15978=CARTESIAN_POINT('',(0.0386377041564492,0.0216688736553666,0.0002));
#15979=CARTESIAN_POINT('',(0.0388395257629011,0.0220142257064234,0.0002));
#15980=CARTESIAN_POINT('',(0.0385337649238952,0.0217563297790992,0.0002));
#15981=CARTESIAN_POINT('',(0.0385337649238952,0.0217563297790992,-1.49482130713123E-18));
#15982=CARTESIAN_POINT('',(0.0388395257629011,0.0220142257064234,-1.34798255235394E-18));
#15983=CARTESIAN_POINT('',(0.0335675127405379,0.0175675127405379,0.0002));
#15984=CARTESIAN_POINT('',(0.0377563297790992,0.0225337649238952,0.0002));
#15985=CARTESIAN_POINT('',(0.0377563297790992,0.0225337649238952,-1.67795075177287E-18));
#15986=CARTESIAN_POINT('',(0.0335675127405379,0.0175675127405379,-1.075699912334E-18));
#15987=CARTESIAN_POINT('',(0.0380142257064233,0.0228395257629011,0.0002));
#15988=CARTESIAN_POINT('',(0.0380142257064233,0.0228395257629011,-1.39851760597902E-18));
#15989=CARTESIAN_POINT('',(0.04,0.016,0.0002));
#15990=CARTESIAN_POINT('',(0.0376688736553666,0.0173622958435509,0.0002));
#15991=CARTESIAN_POINT('',(0.0376688736553666,0.0173622958435509,-1.14444916446911E-18));
#15992=CARTESIAN_POINT('',(0.0376688736553666,0.0146377041564491,0.0002));
#15993=CARTESIAN_POINT('',(0.0376688736553666,0.0146377041564491,-8.24020732270698E-19));
#15994=CARTESIAN_POINT('',(0.04,0.016,-9.79717439317882E-19));
#15995=CARTESIAN_POINT('',(0.0380142257064233,0.0171604742370989,0.0002));
#15996=CARTESIAN_POINT('',(0.0377563297790992,0.0174662350761048,0.0002));
#15997=CARTESIAN_POINT('',(0.0377563297790992,0.0174662350761048,-1.1779186612039E-18));
#15998=CARTESIAN_POINT('',(0.0380142257064233,0.0171604742370989,-1.05077599231569E-18));
#15999=CARTESIAN_POINT('',(0.0335675127405379,0.0224324872594621,0.0002));
#16000=CARTESIAN_POINT('',(0.0385337649238952,0.0182436702209008,0.0002));
#16001=CARTESIAN_POINT('',(0.0385337649238952,0.0182436702209008,-1.25262788859699E-18));
#16002=CARTESIAN_POINT('',(0.0335675127405379,0.0224324872594621,-1.3735936859607E-18));
#16003=CARTESIAN_POINT('',(0.0388395257629011,0.0179857742935766,0.0002));
#16004=CARTESIAN_POINT('',(0.0386377041564492,0.0183311263446334,0.0002));
#16005=CARTESIAN_POINT('',(0.0386377041564492,0.0183311263446334,-1.09535270582391E-18));
#16006=CARTESIAN_POINT('',(0.0388395257629011,0.0179857742935766,-1.10131104594077E-18));
#16007=CARTESIAN_POINT('',(0.04,0.016,0.0002));
#16008=CARTESIAN_POINT('',(0.04,0.016,-9.79717439317882E-19));
#16009=CARTESIAN_POINT('',(0.0413622958435508,0.0183311263446335,-9.733799614193E-19));
#16010=CARTESIAN_POINT('',(0.0413622958435508,0.0183311263446334,0.0002));
#16011=CARTESIAN_POINT('',(0.0411604742370988,0.0179857742935766,0.0002));
#16012=CARTESIAN_POINT('',(0.0411604742370988,0.0179857742935766,-1.10131104594077E-18));
#16013=CARTESIAN_POINT('',(0.0414662350761047,0.0182436702209008,-1.34749557868947E-18));
#16014=CARTESIAN_POINT('',(0.0414662350761047,0.0182436702209008,0.0002));
#16015=CARTESIAN_POINT('',(0.0464324872594621,0.0224324872594621,0.0002));
#16016=CARTESIAN_POINT('',(0.0464324872594621,0.0224324872594621,-1.3735936859607E-18));
#16017=CARTESIAN_POINT('',(0.0422436702209008,0.0174662350761048,-1.48510927674146E-18));
#16018=CARTESIAN_POINT('',(0.0422436702209008,0.0174662350761048,0.0002));
#16019=CARTESIAN_POINT('',(0.0419857742935767,0.0171604742370989,0.0002));
#16020=CARTESIAN_POINT('',(0.0419857742935767,0.0171604742370989,-1.05077599231569E-18));
#16021=CARTESIAN_POINT('',(0.0423311263446335,0.0173622958435509,-1.24383436361362E-18));
#16022=CARTESIAN_POINT('',(0.0423311263446335,0.0173622958435509,0.0002));
#16023=CARTESIAN_POINT('',(0.04,0.016,0.0002));
#16024=CARTESIAN_POINT('',(0.04,0.016,-9.79717439317882E-19));
#16025=CARTESIAN_POINT('',(0.0423311263446335,0.0146377041564492,-1.20349149264063E-18));
#16026=CARTESIAN_POINT('',(0.0423311263446335,0.0146377041564492,0.0002));
#16027=CARTESIAN_POINT('',(0.0419857742935767,0.0148395257629011,0.0002));
#16028=CARTESIAN_POINT('',(0.0419857742935767,0.0148395257629011,-9.08658886320076E-19));
#16029=CARTESIAN_POINT('',(0.0422436702209008,0.0145337649238952,-1.18809203211393E-18));
#16030=CARTESIAN_POINT('',(0.0422436702209009,0.0145337649238952,0.0002));
#16031=CARTESIAN_POINT('',(0.0464324872594621,0.00956751274053791,0.0002));
#16032=CARTESIAN_POINT('',(0.0464324872594621,0.00956751274053791,-5.85841192675063E-19));
#16033=CARTESIAN_POINT('',(0.0414662350761047,0.0137563297790992,-1.04562016894049E-18));
#16034=CARTESIAN_POINT('',(0.0414662350761047,0.0137563297790992,0.0002));
#16035=CARTESIAN_POINT('',(0.0411604742370988,0.0140142257064234,0.0002));
#16036=CARTESIAN_POINT('',(0.0411604742370988,0.0140142257064234,-8.58123832694998E-19));
#16037=CARTESIAN_POINT('',(0.0413622958435508,0.0136688736553666,-5.11716466754063E-19));
#16038=CARTESIAN_POINT('',(0.0413622958435508,0.0136688736553666,0.0002));
#16039=CARTESIAN_POINT('',(0.04,0.016,0.0002));
#16040=CARTESIAN_POINT('',(0.04,0.016,-9.79717439317882E-19));
#16041=CARTESIAN_POINT('',(0.0386377041564492,0.0136688736553666,-9.27327299540173E-19));
#16042=CARTESIAN_POINT('',(0.0386377041564492,0.0136688736553666,0.0002));
#16043=CARTESIAN_POINT('',(0.0388395257629011,0.0140142257064234,0.0002));
#16044=CARTESIAN_POINT('',(0.0385337649238952,0.0137563297790992,0.0002));
#16045=CARTESIAN_POINT('',(0.0385337649238952,0.0137563297790992,-9.95927569368242E-19));
#16046=CARTESIAN_POINT('',(0.0388395257629011,0.0140142257064234,-8.58123832694998E-19));
#16047=CARTESIAN_POINT('',(0.0335675127405379,0.00956751274053791,0.0002));
#16048=CARTESIAN_POINT('',(0.0377563297790992,0.0145337649238952,0.0002));
#16049=CARTESIAN_POINT('',(0.0377563297790992,0.0145337649238952,-1.28747723125843E-18));
#16050=CARTESIAN_POINT('',(0.0335675127405379,0.00956751274053791,-5.85841192675063E-19));
#16051=CARTESIAN_POINT('',(0.0380142257064233,0.0148395257629011,0.0002));
#16052=CARTESIAN_POINT('',(0.0380142257064233,0.0148395257629011,-9.08658886320076E-19));
#16053=CARTESIAN_POINT('',(0.04,0.008,0.0002));
#16054=CARTESIAN_POINT('',(0.0376688736553666,0.00936229584355086,0.0002));
#16055=CARTESIAN_POINT('',(0.0376688736553666,0.00936229584355086,-6.18450372393985E-19));
#16056=CARTESIAN_POINT('',(0.0376688736553666,0.00663770415644917,0.0002));
#16057=CARTESIAN_POINT('',(0.0376688736553666,0.00663770415644917,-3.65784575975921E-19));
#16058=CARTESIAN_POINT('',(0.04,0.008,-4.89858719658941E-19));
#16059=CARTESIAN_POINT('',(0.0380142257064233,0.00916047423709886,0.0002));
#16060=CARTESIAN_POINT('',(0.0377563297790992,0.00946623507610476,0.0002));
#16061=CARTESIAN_POINT('',(0.0377563297790992,0.00946623507610476,-6.88059941544954E-19));
#16062=CARTESIAN_POINT('',(0.0380142257064233,0.00916047423709886,-5.60917272656745E-19));
#16063=CARTESIAN_POINT('',(0.0335675127405379,0.0144324872594621,0.0002));
#16064=CARTESIAN_POINT('',(0.0385337649238952,0.0102436702209009,0.0002));
#16065=CARTESIAN_POINT('',(0.0385337649238952,0.0102436702209009,-8.30531804718396E-19));
#16066=CARTESIAN_POINT('',(0.0335675127405379,0.0144324872594621,-8.83734966301761E-19));
#16067=CARTESIAN_POINT('',(0.0388395257629012,0.00998577429357666,0.0002));
#16068=CARTESIAN_POINT('',(0.0386377041564492,0.0103311263446335,0.0002));
#16069=CARTESIAN_POINT('',(0.0386377041564492,0.0103311263446335,-4.79003732708333E-19));
#16070=CARTESIAN_POINT('',(0.0388395257629012,0.00998577429357666,-6.11452326281829E-19));
#16071=CARTESIAN_POINT('',(0.04,0.008,0.0002));
#16072=CARTESIAN_POINT('',(0.04,0.008,-4.89858719658941E-19));
#16073=CARTESIAN_POINT('',(0.0413622958435508,0.0103311263446335,-7.22949221517571E-19));
#16074=CARTESIAN_POINT('',(0.0413622958435508,0.0103311263446335,0.0002));
#16075=CARTESIAN_POINT('',(0.0411604742370988,0.00998577429357666,0.0002));
#16076=CARTESIAN_POINT('',(0.0411604742370988,0.00998577429357666,-6.11452326281829E-19));
#16077=CARTESIAN_POINT('',(0.0414662350761047,0.0102436702209009,-3.29088299943851E-19));
#16078=CARTESIAN_POINT('',(0.0414662350761047,0.0102436702209009,0.0002));
#16079=CARTESIAN_POINT('',(0.0464324872594621,0.0144324872594621,0.0002));
#16080=CARTESIAN_POINT('',(0.0464324872594621,0.0144324872594621,-8.83734966301761E-19));
#16081=CARTESIAN_POINT('',(0.0422436702209008,0.00946623507610481,-9.95250557082517E-19));
#16082=CARTESIAN_POINT('',(0.0422436702209008,0.00946623507610481,0.0002));
#16083=CARTESIAN_POINT('',(0.0419857742935767,0.00916047423709891,0.0002));
#16084=CARTESIAN_POINT('',(0.0419857742935767,0.00916047423709891,-5.60917272656748E-19));
#16085=CARTESIAN_POINT('',(0.0423311263446335,0.00936229584355086,-7.53975643954673E-19));
#16086=CARTESIAN_POINT('',(0.0423311263446335,0.00936229584355086,0.0002));
#16087=CARTESIAN_POINT('',(0.04,0.008,0.0002));
#16088=CARTESIAN_POINT('',(0.04,0.008,-4.89858719658941E-19));
#16089=CARTESIAN_POINT('',(0.0423311263446335,0.00663770415644917,-7.13632772981686E-19));
#16090=CARTESIAN_POINT('',(0.0423311263446335,0.00663770415644917,0.0002));
#16091=CARTESIAN_POINT('',(0.0419857742935767,0.00683952576290116,0.0002));
#16092=CARTESIAN_POINT('',(0.0419857742935767,0.00683952576290116,-4.18800166661138E-19));
#16093=CARTESIAN_POINT('',(0.0422436702209008,0.00653376492389526,-6.98233312454992E-19));
#16094=CARTESIAN_POINT('',(0.0422436702209009,0.00653376492389526,0.0002));
#16095=CARTESIAN_POINT('',(0.0464324872594621,0.00156751274053791,0.0002));
#16096=CARTESIAN_POINT('',(0.0464324872594621,0.00156751274053791,-9.59824730161219E-20));
#16097=CARTESIAN_POINT('',(0.0414662350761047,0.00575632977909916,-5.5576144928155E-19));
#16098=CARTESIAN_POINT('',(0.0414662350761047,0.00575632977909916,0.0002));
#16099=CARTESIAN_POINT('',(0.0411604742370988,0.00601422570642336,0.0002));
#16100=CARTESIAN_POINT('',(0.0411604742370988,0.00601422570642336,-3.68265113036054E-19));
#16101=CARTESIAN_POINT('',(0.0413622958435508,0.00566887365536656,-2.18577470951186E-20));
#16102=CARTESIAN_POINT('',(0.0413622958435508,0.00566887365536656,0.0002));
#16103=CARTESIAN_POINT('',(0.04,0.008,0.0002));
#16104=CARTESIAN_POINT('',(0.04,0.008,-4.89858719658941E-19));
#16105=CARTESIAN_POINT('',(0.0386377041564492,0.00566887365536656,-4.37468579881229E-19));
#16106=CARTESIAN_POINT('',(0.0386377041564492,0.00566887365536656,0.0002));
#16107=CARTESIAN_POINT('',(0.0388395257629011,0.00601422570642341,0.0002));
#16108=CARTESIAN_POINT('',(0.0385337649238952,0.00575632977909921,0.0002));
#16109=CARTESIAN_POINT('',(0.0385337649238952,0.00575632977909921,-5.15103867813347E-19));
#16110=CARTESIAN_POINT('',(0.0388395257629011,0.00601422570642341,-3.68265113036057E-19));
#16111=CARTESIAN_POINT('',(0.0335675127405379,0.00156751274053791,0.0002));
#16112=CARTESIAN_POINT('',(0.0377563297790992,0.00653376492389521,0.0002));
#16113=CARTESIAN_POINT('',(0.0377563297790992,0.00653376492389521,-5.98848113310484E-19));
#16114=CARTESIAN_POINT('',(0.0335675127405379,0.00156751274053791,-9.59824730161219E-20));
#16115=CARTESIAN_POINT('',(0.0380142257064233,0.00683952576290112,0.0002));
#16116=CARTESIAN_POINT('',(0.0380142257064233,0.00683952576290112,-4.18800166661134E-19));
#16117=CARTESIAN_POINT('',(0.04,1.20016011247426E-17,0.0002));
#16118=CARTESIAN_POINT('',(0.0376688736553666,0.00136229584355086,0.0002));
#16119=CARTESIAN_POINT('',(0.0376688736553666,0.00136229584355086,-1.28591652735044E-19));
#16120=CARTESIAN_POINT('',(0.0376688736553666,-0.00136229584355084,0.0002));
#16121=CARTESIAN_POINT('',(0.0376688736553666,-0.00136229584355084,1.44402934417124E-19));
#16122=CARTESIAN_POINT('',(0.04,1.19893546567511E-17,0.));
#16123=CARTESIAN_POINT('',(0.0380142257064233,0.00116047423709891,0.0002));
#16124=CARTESIAN_POINT('',(0.0377563297790992,0.00146623507610481,0.0002));
#16125=CARTESIAN_POINT('',(0.0377563297790992,0.00146623507610481,-1.98201221886017E-19));
#16126=CARTESIAN_POINT('',(0.0380142257064233,0.00116047423709891,-7.10585529978066E-20));
#16127=CARTESIAN_POINT('',(0.0335675127405379,0.00643248725946211,0.0002));
#16128=CARTESIAN_POINT('',(0.0385337649238952,0.00224367022090086,0.0002));
#16129=CARTESIAN_POINT('',(0.0385337649238952,0.00224367022090086,-2.72910449279111E-19));
#16130=CARTESIAN_POINT('',(0.0335675127405379,0.00643248725946211,-3.9387624664282E-19));
#16131=CARTESIAN_POINT('',(0.0388395257629011,0.00198577429357667,0.0002));
#16132=CARTESIAN_POINT('',(0.0386377041564492,0.00233112634463346,0.0002));
#16133=CARTESIAN_POINT('',(0.0386377041564492,0.00233112634463346,-1.15635266506034E-19));
#16134=CARTESIAN_POINT('',(0.0388395257629011,0.00198577429357667,-1.21593606622887E-19));
#16135=CARTESIAN_POINT('',(0.04,1.20016011247426E-17,0.0002));
#16136=CARTESIAN_POINT('',(0.04,1.19893546567511E-17,0.));
#16137=CARTESIAN_POINT('',(0.0413622958435508,0.00233112634463346,6.33747789858583E-21));
#16138=CARTESIAN_POINT('',(0.0413622958435508,0.00233112634463346,0.0002));
#16139=CARTESIAN_POINT('',(0.0411604742370988,0.00198577429357667,0.0002));
#16140=CARTESIAN_POINT('',(0.0411604742370988,0.00198577429357667,-1.21593606622887E-19));
#16141=CARTESIAN_POINT('',(0.0414662350761047,0.00224367022090086,-3.00015503591249E-19));
#16142=CARTESIAN_POINT('',(0.0414662350761047,0.00224367022090086,0.0002));
#16143=CARTESIAN_POINT('',(0.0464324872594621,0.00643248725946211,0.0002));
#16144=CARTESIAN_POINT('',(0.0464324872594621,0.00643248725946211,-3.9387624664282E-19));
#16145=CARTESIAN_POINT('',(0.0422436702209008,0.00146623507610481,-5.05391837423576E-19));
#16146=CARTESIAN_POINT('',(0.0422436702209008,0.00146623507610481,0.0002));
#16147=CARTESIAN_POINT('',(0.0419857742935767,0.00116047423709891,0.0002));
#16148=CARTESIAN_POINT('',(0.0419857742935767,0.00116047423709891,-7.10585529978066E-20));
#16149=CARTESIAN_POINT('',(0.0423311263446335,0.00136229584355086,-2.64116924295732E-19));
#16150=CARTESIAN_POINT('',(0.0423311263446335,0.00136229584355086,0.0002));
#16151=CARTESIAN_POINT('',(0.04,1.20016011247426E-17,0.0002));
#16152=CARTESIAN_POINT('',(0.04,1.19893546567511E-17,0.));
#16153=CARTESIAN_POINT('',(0.0423311263446335,-0.00136229584355084,2.32494360931571E-19));
#16154=CARTESIAN_POINT('',(0.0423311263446335,-0.00136229584355084,0.0002));
#16155=CARTESIAN_POINT('',(0.0419857742935767,-0.00116047423709884,0.0002));
#16156=CARTESIAN_POINT('',(0.0419857742935767,-0.00116047423709884,7.10585529978038E-20));
#16157=CARTESIAN_POINT('',(0.0422436702209008,-0.00146623507610479,-1.99339574692002E-19));
#16158=CARTESIAN_POINT('',(0.0422436702209008,-0.00146623507610479,0.0002));
#16159=CARTESIAN_POINT('',(0.0464324872594621,-0.00643248725946209,0.0002));
#16160=CARTESIAN_POINT('',(0.0464324872594621,-0.00643248725946209,3.9387624664282E-19));
#16161=CARTESIAN_POINT('',(0.0414662350761047,-0.00224367022090084,1.73525250134607E-19));
#16162=CARTESIAN_POINT('',(0.0414662350761047,-0.00224367022090079,0.0002));
#16163=CARTESIAN_POINT('',(0.0411604742370988,-0.00198577429357664,0.0002));
#16164=CARTESIAN_POINT('',(0.0411604742370988,-0.00198577429357664,1.21593606622887E-19));
#16165=CARTESIAN_POINT('',(0.0413622958435508,-0.00233112634463344,1.69845375130309E-19));
#16166=CARTESIAN_POINT('',(0.0413622958435508,-0.00233112634463344,0.0002));
#16167=CARTESIAN_POINT('',(0.04,1.20016011247426E-17,0.0002));
#16168=CARTESIAN_POINT('',(0.04,1.19893546567511E-17,0.));
#16169=CARTESIAN_POINT('',(0.0386377041564492,-0.00233112634463344,5.23901397777125E-20));
#16170=CARTESIAN_POINT('',(0.0386377041564492,-0.00233112634463344,0.0002));
#16171=CARTESIAN_POINT('',(0.0388395257629011,-0.00198577429357659,0.0002));
#16172=CARTESIAN_POINT('',(0.0385337649238952,-0.00224367022090079,0.0002));
#16173=CARTESIAN_POINT('',(0.0385337649238952,-0.00224367022090079,2.909804854872E-19));
#16174=CARTESIAN_POINT('',(0.0388395257629011,-0.00198577429357659,1.21593606622884E-19));
#16175=CARTESIAN_POINT('',(0.0335675127405379,-0.00643248725946209,0.0002));
#16176=CARTESIAN_POINT('',(0.0377563297790992,-0.00146623507610479,0.0002));
#16177=CARTESIAN_POINT('',(0.0377563297790992,-0.00146623507610479,-2.08374592796048E-19));
#16178=CARTESIAN_POINT('',(0.0335675127405379,-0.00643248725946209,3.9387624664282E-19));
#16179=CARTESIAN_POINT('',(0.0380142257064233,-0.00116047423709884,0.0002));
#16180=CARTESIAN_POINT('',(0.0380142257064233,-0.00116047423709884,7.10585529978038E-20));
#16181=CARTESIAN_POINT('',(0.04,-0.008,0.0002));
#16182=CARTESIAN_POINT('',(0.0376688736553666,-0.00663770415644914,0.0002));
#16183=CARTESIAN_POINT('',(0.0376688736553666,-0.00663770415644914,3.25126994507714E-19));
#16184=CARTESIAN_POINT('',(0.0376688736553666,-0.00936229584355084,0.0002));
#16185=CARTESIAN_POINT('',(0.0376688736553666,-0.00936229584355084,6.45555426706123E-19));
#16186=CARTESIAN_POINT('',(0.04,-0.008,4.89858719658941E-19));
#16187=CARTESIAN_POINT('',(0.0380142257064233,-0.00683952576290109,0.0002));
#16188=CARTESIAN_POINT('',(0.0377563297790992,-0.00653376492389519,0.0002));
#16189=CARTESIAN_POINT('',(0.0377563297790992,-0.00653376492389519,-7.87782444929556E-20));
#16190=CARTESIAN_POINT('',(0.0380142257064233,-0.00683952576290109,4.18800166661134E-19));
#16191=CARTESIAN_POINT('',(0.0335675127405379,-0.00156751274053789,0.0002));
#16192=CARTESIAN_POINT('',(0.0385337649238952,-0.00575632977909914,0.0002));
#16193=CARTESIAN_POINT('',(0.0385337649238952,-0.00575632977909914,3.88613614356702E-19));
#16194=CARTESIAN_POINT('',(0.0335675127405379,-0.00156751274053789,9.59824730161219E-20));
#16195=CARTESIAN_POINT('',(0.0388395257629012,-0.00601422570642334,0.0002));
#16196=CARTESIAN_POINT('',(0.0386377041564492,-0.00566887365536654,0.0002));
#16197=CARTESIAN_POINT('',(0.0386377041564492,-0.00566887365536654,3.74223453152908E-19));
#16198=CARTESIAN_POINT('',(0.0388395257629012,-0.00601422570642334,3.68265113036055E-19));
#16199=CARTESIAN_POINT('',(0.04,-0.008,0.0002));
#16200=CARTESIAN_POINT('',(0.04,-0.008,4.89858719658941E-19));
#16201=CARTESIAN_POINT('',(0.0413622958435508,-0.00566887365536654,5.54923815233825E-19));
#16202=CARTESIAN_POINT('',(0.0413622958435508,-0.00566887365536654,0.0002));
#16203=CARTESIAN_POINT('',(0.0411604742370988,-0.00601422570642334,0.0002));
#16204=CARTESIAN_POINT('',(0.0411604742370988,-0.00601422570642334,3.68265113036055E-19));
#16205=CARTESIAN_POINT('',(0.0414662350761047,-0.00575632977909914,5.06068849709298E-19));
#16206=CARTESIAN_POINT('',(0.0414662350761047,-0.00575632977909914,0.0002));
#16207=CARTESIAN_POINT('',(0.0464324872594621,-0.00156751274053789,0.0002));
#16208=CARTESIAN_POINT('',(0.0464324872594621,-0.00156751274053789,9.59824730161219E-20));
#16209=CARTESIAN_POINT('',(0.0422436702209008,-0.00653376492389519,-1.55331177646347E-20));
#16210=CARTESIAN_POINT('',(0.0422436702209008,-0.00653376492389519,0.0002));
#16211=CARTESIAN_POINT('',(0.0419857742935767,-0.00683952576290109,0.0002));
#16212=CARTESIAN_POINT('',(0.0419857742935767,-0.00683952576290109,4.18800166661134E-19));
#16213=CARTESIAN_POINT('',(0.0423311263446335,-0.00663770415644914,2.25741795363209E-19));
#16214=CARTESIAN_POINT('',(0.0423311263446335,-0.00663770415644914,0.0002));
#16215=CARTESIAN_POINT('',(0.04,-0.008,0.0002));
#16216=CARTESIAN_POINT('',(0.04,-0.008,4.89858719658941E-19));
#16217=CARTESIAN_POINT('',(0.0423311263446335,-0.00936229584355084,6.72660481018261E-19));
#16218=CARTESIAN_POINT('',(0.0423311263446335,-0.00936229584355084,0.0002));
#16219=CARTESIAN_POINT('',(0.0419857742935767,-0.00916047423709884,0.0002));
#16220=CARTESIAN_POINT('',(0.0419857742935767,-0.00916047423709884,5.60917272656745E-19));
#16221=CARTESIAN_POINT('',(0.0422436702209008,-0.00946623507610479,3.62799289799307E-19));
#16222=CARTESIAN_POINT('',(0.0422436702209008,-0.00946623507610479,0.0002));
#16223=CARTESIAN_POINT('',(0.0464324872594621,-0.0144324872594621,0.0002));
#16224=CARTESIAN_POINT('',(0.0464324872594621,-0.0144324872594621,8.83734966301761E-19));
#16225=CARTESIAN_POINT('',(0.0414662350761047,-0.0102436702209008,6.63383969793545E-19));
#16226=CARTESIAN_POINT('',(0.0414662350761047,-0.0102436702209008,0.0002));
#16227=CARTESIAN_POINT('',(0.0411604742370988,-0.00998577429357664,0.0002));
#16228=CARTESIAN_POINT('',(0.0411604742370988,-0.00998577429357664,6.11452326281828E-19));
#16229=CARTESIAN_POINT('',(0.0413622958435508,-0.0103311263446334,6.5970409478925E-19));
#16230=CARTESIAN_POINT('',(0.0413622958435508,-0.0103311263446334,0.0002));
#16231=CARTESIAN_POINT('',(0.04,-0.008,0.0002));
#16232=CARTESIAN_POINT('',(0.04,-0.008,4.89858719658941E-19));
#16233=CARTESIAN_POINT('',(0.0386377041564492,-0.0103311263446334,5.42248859436654E-19));
#16234=CARTESIAN_POINT('',(0.0386377041564492,-0.0103311263446334,0.0002));
#16235=CARTESIAN_POINT('',(0.0388395257629011,-0.00998577429357664,0.0002));
#16236=CARTESIAN_POINT('',(0.0385337649238952,-0.0102436702209008,0.0002));
#16237=CARTESIAN_POINT('',(0.0385337649238952,-0.0102436702209008,7.80839205146141E-19));
#16238=CARTESIAN_POINT('',(0.0388395257629011,-0.00998577429357664,6.11452326281828E-19));
#16239=CARTESIAN_POINT('',(0.0335675127405379,-0.0144324872594621,0.0002));
#16240=CARTESIAN_POINT('',(0.0377563297790992,-0.00946623507610479,0.0002));
#16241=CARTESIAN_POINT('',(0.0377563297790992,-0.00946623507610479,1.82098927718389E-19));
#16242=CARTESIAN_POINT('',(0.0335675127405379,-0.0144324872594621,8.83734966301761E-19));
#16243=CARTESIAN_POINT('',(0.0380142257064233,-0.00916047423709884,0.0002));
#16244=CARTESIAN_POINT('',(0.0380142257064233,-0.00916047423709884,5.60917272656745E-19));
#16245=CARTESIAN_POINT('',(0.04,-0.016,0.0002));
#16246=CARTESIAN_POINT('',(0.0376688736553666,-0.0146377041564491,0.0002));
#16247=CARTESIAN_POINT('',(0.0376688736553666,-0.0146377041564491,8.6919582279093E-19));
#16248=CARTESIAN_POINT('',(0.0376688736553666,-0.0173622958435509,0.0002));
#16249=CARTESIAN_POINT('',(0.0376688736553666,-0.0173622958435509,1.09023905584484E-18));
#16250=CARTESIAN_POINT('',(0.04,-0.016,9.79717439317882E-19));
#16251=CARTESIAN_POINT('',(0.0380142257064233,-0.0148395257629011,0.0002));
#16252=CARTESIAN_POINT('',(0.0377563297790992,-0.0145337649238952,0.0002));
#16253=CARTESIAN_POINT('',(0.0377563297790992,-0.0145337649238952,4.11080475165986E-19));
#16254=CARTESIAN_POINT('',(0.0380142257064233,-0.0148395257629011,9.08658886320079E-19));
#16255=CARTESIAN_POINT('',(0.0335675127405379,-0.00956751274053789,0.0002));
#16256=CARTESIAN_POINT('',(0.0385337649238952,-0.0137563297790991,0.0002));
#16257=CARTESIAN_POINT('',(0.0385337649238952,-0.0137563297790991,8.78472334015643E-19));
#16258=CARTESIAN_POINT('',(0.0335675127405379,-0.00956751274053789,5.85841192675063E-19));
#16259=CARTESIAN_POINT('',(0.0388395257629012,-0.0140142257064233,0.0002));
#16260=CARTESIAN_POINT('',(0.0386377041564492,-0.0136688736553665,0.0002));
#16261=CARTESIAN_POINT('',(0.0386377041564492,-0.0136688736553665,8.77634699967918E-19));
#16262=CARTESIAN_POINT('',(0.0388395257629012,-0.0140142257064233,8.58123832694996E-19));
#16263=CARTESIAN_POINT('',(0.04,-0.016,0.0002));
#16264=CARTESIAN_POINT('',(0.04,-0.016,9.79717439317882E-19));
#16265=CARTESIAN_POINT('',(0.0413622958435508,-0.0136688736553665,1.04478253489277E-18));
#16266=CARTESIAN_POINT('',(0.0413622958435508,-0.0136688736553665,0.0002));
#16267=CARTESIAN_POINT('',(0.0411604742370988,-0.0140142257064233,0.0002));
#16268=CARTESIAN_POINT('',(0.0411604742370988,-0.0140142257064233,8.58123832694996E-19));
#16269=CARTESIAN_POINT('',(0.0414662350761047,-0.0137563297790991,9.9592756936824E-19));
#16270=CARTESIAN_POINT('',(0.0414662350761047,-0.0137563297790991,0.0002));
#16271=CARTESIAN_POINT('',(0.0464324872594621,-0.00956751274053789,0.0002));
#16272=CARTESIAN_POINT('',(0.0464324872594621,-0.00956751274053789,5.85841192675063E-19));
#16273=CARTESIAN_POINT('',(0.0422436702209008,-0.0145337649238952,4.74325601894307E-19));
#16274=CARTESIAN_POINT('',(0.0422436702209008,-0.0145337649238952,0.0002));
#16275=CARTESIAN_POINT('',(0.0419857742935767,-0.0148395257629011,0.0002));
#16276=CARTESIAN_POINT('',(0.0419857742935767,-0.0148395257629011,9.08658886320076E-19));
#16277=CARTESIAN_POINT('',(0.0423311263446335,-0.0146377041564491,7.1560051502215E-19));
#16278=CARTESIAN_POINT('',(0.0423311263446335,-0.0146377041564491,0.0002));
#16279=CARTESIAN_POINT('',(0.04,-0.016,0.0002));
#16280=CARTESIAN_POINT('',(0.04,-0.016,9.79717439317882E-19));
#16281=CARTESIAN_POINT('',(0.0423311263446335,-0.0173622958435509,1.27093941792575E-18));
#16282=CARTESIAN_POINT('',(0.0423311263446335,-0.0173622958435509,0.0002));
#16283=CARTESIAN_POINT('',(0.0419857742935767,-0.0171604742370988,0.0002));
#16284=CARTESIAN_POINT('',(0.0419857742935767,-0.0171604742370988,1.05077599231569E-18));
#16285=CARTESIAN_POINT('',(0.0422436702209008,-0.0174662350761047,1.22309375172413E-18));
#16286=CARTESIAN_POINT('',(0.0422436702209008,-0.0174662350761047,0.0002));
#16287=CARTESIAN_POINT('',(0.0464324872594621,-0.0224324872594621,0.0002));
#16288=CARTESIAN_POINT('',(0.0464324872594621,-0.0224324872594621,1.3735936859607E-18));
#16289=CARTESIAN_POINT('',(0.0414662350761047,-0.0182436702209008,1.15324268945249E-18));
#16290=CARTESIAN_POINT('',(0.0414662350761047,-0.0182436702209008,0.0002));
#16291=CARTESIAN_POINT('',(0.0411604742370988,-0.0179857742935766,0.0002));
#16292=CARTESIAN_POINT('',(0.0411604742370988,-0.0179857742935766,1.10131104594077E-18));
#16293=CARTESIAN_POINT('',(0.0413622958435508,-0.0183311263446334,1.14956281444819E-18));
#16294=CARTESIAN_POINT('',(0.0413622958435508,-0.0183311263446334,0.0002));
#16295=CARTESIAN_POINT('',(0.04,-0.016,0.0002));
#16296=CARTESIAN_POINT('',(0.04,-0.016,9.79717439317882E-19));
#16297=CARTESIAN_POINT('',(0.0386377041564492,-0.0183311263446334,1.03210757909559E-18));
#16298=CARTESIAN_POINT('',(0.0386377041564492,-0.0183311263446334,0.0002));
#16299=CARTESIAN_POINT('',(0.0388395257629011,-0.0179857742935766,0.0002));
#16300=CARTESIAN_POINT('',(0.0385337649238952,-0.0182436702209008,0.0002));
#16301=CARTESIAN_POINT('',(0.0385337649238952,-0.0182436702209008,1.27069792480508E-18));
#16302=CARTESIAN_POINT('',(0.0388395257629011,-0.0179857742935766,1.10131104594077E-18));
#16303=CARTESIAN_POINT('',(0.0335675127405379,-0.0224324872594621,0.0002));
#16304=CARTESIAN_POINT('',(0.0377563297790992,-0.0174662350761047,0.0002));
#16305=CARTESIAN_POINT('',(0.0377563297790992,-0.0174662350761047,9.24938154290613E-19));
#16306=CARTESIAN_POINT('',(0.0335675127405379,-0.0224324872594621,1.3735936859607E-18));
#16307=CARTESIAN_POINT('',(0.0380142257064233,-0.0171604742370988,0.0002));
#16308=CARTESIAN_POINT('',(0.0380142257064233,-0.0171604742370988,1.05077599231569E-18));
#16309=CARTESIAN_POINT('',(0.04,-0.024,0.0002));
#16310=CARTESIAN_POINT('',(0.0376688736553666,-0.0226377041564492,0.0002));
#16311=CARTESIAN_POINT('',(0.0376688736553666,-0.0226377041564492,1.34098450624178E-18));
#16312=CARTESIAN_POINT('',(0.0376688736553666,-0.0253622958435509,0.0002));
#16313=CARTESIAN_POINT('',(0.0376688736553666,-0.0253622958435509,1.56654524834771E-18));
#16314=CARTESIAN_POINT('',(0.04,-0.024,1.46957615897682E-18));
#16315=CARTESIAN_POINT('',(0.0380142257064233,-0.0228395257629011,0.0002));
#16316=CARTESIAN_POINT('',(0.0377563297790992,-0.0225337649238952,0.0002));
#16317=CARTESIAN_POINT('',(0.0377563297790992,-0.0225337649238952,1.53339046210814E-18));
#16318=CARTESIAN_POINT('',(0.0380142257064233,-0.0228395257629011,1.39851760597902E-18));
#16319=CARTESIAN_POINT('',(0.0335675127405379,-0.0175675127405379,0.0002));
#16320=CARTESIAN_POINT('',(0.0385337649238952,-0.0217563297790992,0.0002));
#16321=CARTESIAN_POINT('',(0.0385337649238952,-0.0217563297790992,1.36833105367459E-18));
#16322=CARTESIAN_POINT('',(0.0335675127405379,-0.0175675127405379,1.075699912334E-18));
#16323=CARTESIAN_POINT('',(0.0388395257629012,-0.0220142257064234,0.0002));
#16324=CARTESIAN_POINT('',(0.0386377041564492,-0.0216688736553666,0.0002));
#16325=CARTESIAN_POINT('',(0.0386377041564492,-0.0216688736553666,1.49850118213552E-18));
#16326=CARTESIAN_POINT('',(0.0388395257629012,-0.0220142257064234,1.34798255235394E-18));
#16327=CARTESIAN_POINT('',(0.04,-0.024,0.0002));
#16328=CARTESIAN_POINT('',(0.04,-0.024,1.46957615897682E-18));
#16329=CARTESIAN_POINT('',(0.0413622958435508,-0.0216688736553666,1.53464125455171E-18));
#16330=CARTESIAN_POINT('',(0.0413622958435508,-0.0216688736553666,0.0002));
#16331=CARTESIAN_POINT('',(0.0411604742370988,-0.0220142257064234,0.0002));
#16332=CARTESIAN_POINT('',(0.0411604742370988,-0.0220142257064234,1.34798255235394E-18));
#16333=CARTESIAN_POINT('',(0.0414662350761047,-0.0217563297790992,1.44738746208499E-18));
#16334=CARTESIAN_POINT('',(0.0414662350761047,-0.0217563297790992,0.0002));
#16335=CARTESIAN_POINT('',(0.0464324872594621,-0.0175675127405379,0.0002));
#16336=CARTESIAN_POINT('',(0.0464324872594621,-0.0175675127405379,1.075699912334E-18));
#16337=CARTESIAN_POINT('',(0.0422436702209008,-0.0225337649238952,1.41593522675554E-18));
#16338=CARTESIAN_POINT('',(0.0422436702209008,-0.0225337649238952,0.0002));
#16339=CARTESIAN_POINT('',(0.0419857742935767,-0.0228395257629011,0.0002));
#16340=CARTESIAN_POINT('',(0.0419857742935767,-0.0228395257629011,1.39851760597902E-18));
#16341=CARTESIAN_POINT('',(0.0423311263446335,-0.0226377041564492,1.20545923468109E-18));
#16342=CARTESIAN_POINT('',(0.0423311263446335,-0.0226377041564492,0.0002));
#16343=CARTESIAN_POINT('',(0.04,-0.024,0.0002));
#16344=CARTESIAN_POINT('',(0.04,-0.024,1.46957615897682E-18));
#16345=CARTESIAN_POINT('',(0.0423311263446335,-0.0253622958435509,1.60720282981592E-18));
#16346=CARTESIAN_POINT('',(0.0423311263446335,-0.0253622958435509,0.0002));
#16347=CARTESIAN_POINT('',(0.0419857742935767,-0.0251604742370988,0.0002));
#16348=CARTESIAN_POINT('',(0.0419857742935767,-0.0251604742370988,1.54063471197463E-18));
#16349=CARTESIAN_POINT('',(0.0422436702209008,-0.0254662350761048,1.71295247138307E-18));
#16350=CARTESIAN_POINT('',(0.0422436702209008,-0.0254662350761048,0.0002));
#16351=CARTESIAN_POINT('',(0.0464324872594621,-0.0304324872594621,0.0002));
#16352=CARTESIAN_POINT('',(0.0464324872594621,-0.0304324872594621,1.86345240561964E-18));
#16353=CARTESIAN_POINT('',(0.0414662350761047,-0.0262436702209008,1.46240104703051E-18));
#16354=CARTESIAN_POINT('',(0.0414662350761047,-0.0262436702209008,0.0002));
#16355=CARTESIAN_POINT('',(0.0411604742370988,-0.0259857742935766,0.0002));
#16356=CARTESIAN_POINT('',(0.0411604742370988,-0.0259857742935766,1.59116976559971E-18));
#16357=CARTESIAN_POINT('',(0.0413622958435508,-0.0263311263446335,1.68459662462736E-18));
#16358=CARTESIAN_POINT('',(0.0413622958435508,-0.0263311263446335,0.0002));
#16359=CARTESIAN_POINT('',(0.04,-0.024,0.0002));
#16360=CARTESIAN_POINT('',(0.04,-0.024,1.46957615897682E-18));
#16361=CARTESIAN_POINT('',(0.0386377041564492,-0.0263311263446334,1.52196629875453E-18));
#16362=CARTESIAN_POINT('',(0.0386377041564492,-0.0263311263446334,0.0002));
#16363=CARTESIAN_POINT('',(0.0388395257629011,-0.0259857742935766,0.0002));
#16364=CARTESIAN_POINT('',(0.0385337649238952,-0.0262436702209008,0.0002));
#16365=CARTESIAN_POINT('',(0.0385337649238952,-0.0262436702209008,1.57985628238311E-18));
#16366=CARTESIAN_POINT('',(0.0388395257629011,-0.0259857742935766,1.59116976559971E-18));
#16367=CARTESIAN_POINT('',(0.0335675127405379,-0.0304324872594621,0.0002));
#16368=CARTESIAN_POINT('',(0.0377563297790992,-0.0254662350761048,0.0002));
#16369=CARTESIAN_POINT('',(0.0377563297790992,-0.0254662350761048,1.41479687394955E-18));
#16370=CARTESIAN_POINT('',(0.0335675127405379,-0.0304324872594621,1.86345240561964E-18));
#16371=CARTESIAN_POINT('',(0.0380142257064233,-0.0251604742370988,0.0002));
#16372=CARTESIAN_POINT('',(0.0380142257064233,-0.0251604742370988,1.54063471197463E-18));
#16373=CARTESIAN_POINT('',(0.032,-0.032,1.95943487863577E-18));
#16374=CARTESIAN_POINT('',(0.04,0.024,-1.46957615897682E-18));
#16375=CARTESIAN_POINT('',(0.04,0.0272,-1.6655196468404E-18));
#16376=CARTESIAN_POINT('',(0.032,-0.032,1.95943487863577E-18));
#16377=CARTESIAN_POINT('',(0.04,0.016,-9.79717439317882E-19));
#16378=CARTESIAN_POINT('',(0.04,0.0192,-1.17566092718146E-18));
#16379=CARTESIAN_POINT('',(0.032,-0.032,1.95943487863577E-18));
#16380=CARTESIAN_POINT('',(0.04,0.008,-4.89858719658941E-19));
#16381=CARTESIAN_POINT('',(0.04,0.0112,-6.85802207522518E-19));
#16382=CARTESIAN_POINT('',(0.032,-0.032,1.95943487863577E-18));
#16383=CARTESIAN_POINT('',(0.04,1.19893546567511E-17,0.));
#16384=CARTESIAN_POINT('',(0.04,0.00320000000000001,-1.95943487863577E-19));
#16385=CARTESIAN_POINT('',(0.032,-0.032,1.95943487863577E-18));
#16386=CARTESIAN_POINT('',(0.04,-0.008,4.89858719658941E-19));
#16387=CARTESIAN_POINT('',(0.04,-0.0048,2.93915231795364E-19));
#16388=CARTESIAN_POINT('',(0.032,-0.032,1.95943487863577E-18));
#16389=CARTESIAN_POINT('',(0.04,-0.016,9.79717439317882E-19));
#16390=CARTESIAN_POINT('',(0.04,-0.0128,7.83773951454306E-19));
#16391=CARTESIAN_POINT('',(0.032,-0.032,1.95943487863577E-18));
#16392=CARTESIAN_POINT('',(0.04,-0.024,1.46957615897682E-18));
#16393=CARTESIAN_POINT('',(0.04,-0.0208,1.27363267111325E-18));
#16394=CARTESIAN_POINT('',(0.04,0.024,0.005002));
#16395=CARTESIAN_POINT('',(0.04,0.024,0.0022));
#16396=CARTESIAN_POINT('',(0.04,0.0272,0.0022));
#16397=CARTESIAN_POINT('',(0.04,0.016,0.005002));
#16398=CARTESIAN_POINT('',(0.04,0.016,0.0022));
#16399=CARTESIAN_POINT('',(0.04,0.0192,0.0022));
#16400=CARTESIAN_POINT('',(0.04,0.008,0.005002));
#16401=CARTESIAN_POINT('',(0.04,0.008,0.0022));
#16402=CARTESIAN_POINT('',(0.04,0.0112,0.0022));
#16403=CARTESIAN_POINT('',(0.04,1.22956388212178E-17,0.005002));
#16404=CARTESIAN_POINT('',(0.04,1.21240658046573E-17,0.0022));
#16405=CARTESIAN_POINT('',(0.04,0.00320000000000001,0.0022));
#16406=CARTESIAN_POINT('',(0.04,-0.008,0.005002));
#16407=CARTESIAN_POINT('',(0.04,-0.008,0.0022));
#16408=CARTESIAN_POINT('',(0.04,-0.0048,0.0022));
#16409=CARTESIAN_POINT('',(0.04,-0.016,0.005002));
#16410=CARTESIAN_POINT('',(0.04,-0.016,0.0022));
#16411=CARTESIAN_POINT('',(0.04,-0.0128,0.0022));
#16412=CARTESIAN_POINT('',(0.04,-0.024,0.005002));
#16413=CARTESIAN_POINT('',(0.04,-0.024,0.0022));
#16414=CARTESIAN_POINT('',(0.04,-0.0208,0.0022));
#16415=CARTESIAN_POINT('',(0.032,-0.032,0.0022));
#16416=CARTESIAN_POINT('',(0.0335,-0.032,0.0022));
#16417=CARTESIAN_POINT('',(0.0335,0.0305,0.0022));
#16418=CARTESIAN_POINT('',(0.0335,-0.0305,0.0022));
#16419=CARTESIAN_POINT('',(0.032,0.0305,0.0022));
#16420=CARTESIAN_POINT('',(0.0465,0.0305,0.0022));
#16421=CARTESIAN_POINT('',(0.0465,-0.032,0.0022));
#16422=CARTESIAN_POINT('',(0.0465,-0.0305,0.0022));
#16423=CARTESIAN_POINT('',(0.032,-0.0305,0.0022));
#16424=CARTESIAN_POINT('',(0.0465,-0.032,0.0032));
#16425=CARTESIAN_POINT('',(0.0465,-0.0305,0.0032));
#16426=CARTESIAN_POINT('',(0.0465,0.0305,0.0032));
#16427=CARTESIAN_POINT('',(0.032,-0.0305,0.0032));
#16428=CARTESIAN_POINT('',(0.0335,-0.0305,0.0032));
#16429=CARTESIAN_POINT('',(0.0335,-0.032,0.0032));
#16430=CARTESIAN_POINT('',(0.0335,0.0305,0.0032));
#16431=CARTESIAN_POINT('',(0.032,0.0305,0.0032));
#16432=CARTESIAN_POINT('',(0.,0.,0.0032));
#16433=CARTESIAN_POINT('',(0.,0.,0.0032));
#16434=CARTESIAN_POINT('',(0.,0.,0.0032));
#16435=CARTESIAN_POINT('',(0.,0.,0.0032));
#16436=CARTESIAN_POINT('',(0.,0.,0.0032));
#16437=CARTESIAN_POINT('',(0.,0.,0.0032));
#16438=CARTESIAN_POINT('',(0.,0.,0.0032));
#16439=CARTESIAN_POINT('',(0.,0.,0.0032));
#16440=CARTESIAN_POINT('',(0.,0.,0.0032));
#16441=CARTESIAN_POINT('',(0.,0.,0.0032));
#16442=CARTESIAN_POINT('',(0.,0.,0.0032));
#16443=CARTESIAN_POINT('',(0.,0.,0.0032));
#16444=CARTESIAN_POINT('',(0.,0.,0.0032));
#16445=CARTESIAN_POINT('',(0.,0.,0.0032));
#16446=CARTESIAN_POINT('',(0.,0.,0.0032));
#16447=CARTESIAN_POINT('',(0.,0.,0.0032));
#16448=CARTESIAN_POINT('',(0.,0.,0.0032));
#16449=CARTESIAN_POINT('',(0.,0.,0.0032));
#16450=CARTESIAN_POINT('',(0.,0.,0.0032));
#16451=CARTESIAN_POINT('',(0.,0.,0.0032));
#16452=CARTESIAN_POINT('',(0.,0.,0.0032));
#16453=CARTESIAN_POINT('',(0.,0.,0.0032));
#16454=CARTESIAN_POINT('',(0.,0.,0.0032));
#16455=CARTESIAN_POINT('',(0.,0.,0.0032));
#16456=CARTESIAN_POINT('',(0.,0.,0.0032));
#16457=CARTESIAN_POINT('',(0.,0.,0.0032));
#16458=CARTESIAN_POINT('',(0.,0.,0.0032));
#16459=CARTESIAN_POINT('',(0.,0.,0.0032));
#16460=CARTESIAN_POINT('',(0.,0.,0.0032));
#16461=CARTESIAN_POINT('',(0.,0.,0.0032));
#16462=CARTESIAN_POINT('',(0.,0.,0.0032));
#16463=CARTESIAN_POINT('',(0.,0.,0.0032));
#16464=CARTESIAN_POINT('',(-0.0505,-0.03225,0.004));
#16465=CARTESIAN_POINT('',(-0.0505,-0.03225,0.0015));
#16466=CARTESIAN_POINT('',(-0.0505,-0.03225,0.004));
#16467=CARTESIAN_POINT('',(-0.053,-0.03225,0.004));
#16468=CARTESIAN_POINT('',(-0.0505,-0.03225,0.009));
#16469=CARTESIAN_POINT('',(-0.0505,-0.03225,0.008));
#16470=CARTESIAN_POINT('',(-0.048,-0.03225,0.008));
#16471=CARTESIAN_POINT('',(-0.0505,0.03225,0.004));
#16472=CARTESIAN_POINT('',(-0.0505,0.03225,0.0015));
#16473=CARTESIAN_POINT('',(-0.0505,0.03225,0.004));
#16474=CARTESIAN_POINT('',(-0.053,0.03225,0.004));
#16475=CARTESIAN_POINT('',(-0.0505,0.03225,0.009));
#16476=CARTESIAN_POINT('',(-0.0505,0.03225,0.008));
#16477=CARTESIAN_POINT('',(-0.048,0.03225,0.008));
#16478=CARTESIAN_POINT('',(0.0505,0.03225,0.004));
#16479=CARTESIAN_POINT('',(0.0505,0.03225,0.0015));
#16480=CARTESIAN_POINT('',(0.0505,0.03225,0.004));
#16481=CARTESIAN_POINT('',(0.048,0.03225,0.004));
#16482=CARTESIAN_POINT('',(0.0505,0.03225,0.009));
#16483=CARTESIAN_POINT('',(0.0505,0.03225,0.008));
#16484=CARTESIAN_POINT('',(0.053,0.03225,0.008));
#16485=CARTESIAN_POINT('',(0.0505,-0.03225,0.004));
#16486=CARTESIAN_POINT('',(0.0505,-0.03225,0.0015));
#16487=CARTESIAN_POINT('',(0.0505,-0.03225,0.004));
#16488=CARTESIAN_POINT('',(0.048,-0.03225,0.004));
#16489=CARTESIAN_POINT('',(0.0505,-0.03225,0.009));
#16490=CARTESIAN_POINT('',(0.0505,-0.03225,0.008));
#16491=CARTESIAN_POINT('',(0.053,-0.03225,0.008));
#16492=CARTESIAN_POINT('',(-0.0535,0.03525,0.0032));
#16493=CARTESIAN_POINT('',(-0.0535,-0.03525,0.0032));
#16494=CARTESIAN_POINT('',(0.0535,-0.03525,0.0032));
#16495=CARTESIAN_POINT('',(0.0535,0.03525,0.0032));
#16496=CARTESIAN_POINT('',(-0.0505,0.03225,0.008));
#16497=CARTESIAN_POINT('',(0.0505,0.03225,0.008));
#16498=CARTESIAN_POINT('',(0.0505,-0.03225,0.008));
#16499=CARTESIAN_POINT('',(-0.0505,-0.03225,0.008));
#16500=MECHANICAL_DESIGN_GEOMETRIC_PRESENTATION_REPRESENTATION('',(#8769),
#16501);
#16501=(
GEOMETRIC_REPRESENTATION_CONTEXT(3)
GLOBAL_UNCERTAINTY_ASSIGNED_CONTEXT((#16502))
GLOBAL_UNIT_ASSIGNED_CONTEXT((#16505,#16504,#16503))
REPRESENTATION_CONTEXT('Lock Platform','TOP_LEVEL_ASSEMBLY_PART')
);
#16502=UNCERTAINTY_MEASURE_WITH_UNIT(LENGTH_MEASURE(1.E-6),#16505,
'DISTANCE_ACCURACY_VALUE','Maximum Tolerance applied to model');
#16503=(
NAMED_UNIT(*)
SI_UNIT($,.STERADIAN.)
SOLID_ANGLE_UNIT()
);
#16504=(
NAMED_UNIT(*)
PLANE_ANGLE_UNIT()
SI_UNIT($,.RADIAN.)
);
#16505=(
LENGTH_UNIT()
NAMED_UNIT(*)
SI_UNIT($,.METRE.)
);
#16506=PRODUCT_DEFINITION_SHAPE('','',#16507);
#16507=PRODUCT_DEFINITION('','',#16509,#16508);
#16508=PRODUCT_DEFINITION_CONTEXT('',#16515,'design');
#16509=PRODUCT_DEFINITION_FORMATION_WITH_SPECIFIED_SOURCE('','',#16511,
 .NOT_KNOWN.);
#16510=PRODUCT_RELATED_PRODUCT_CATEGORY('','',(#16511));
#16511=PRODUCT('Lock Platform','Lock Platform','Lock Platform',(#16513));
#16512=PRODUCT_CATEGORY('','');
#16513=PRODUCT_CONTEXT('',#16515,'mechanical');
#16514=APPLICATION_PROTOCOL_DEFINITION('international standard',
'ap242_managed_model_based_3d_engineering',2020,#16515);
#16515=APPLICATION_CONTEXT('managed model based 3d engineering');
ENDSEC;
END-ISO-10303-21;
